bigram,count
中式_恐怖,103
尸体_腐烂,96
腐烂_泥土,95
鸟儿_天空,89
泥土_我会,76
我会_鸟儿,73
长亭_古道,47
陈老师_陈老师,41
绽放_烟火,33
陈老师_tt,32
恐怖_元素,32
tt_陈老师,31
月光_蟑螂,31
恐怖_氛围,30
今宵_别梦寒,30
灵魂_指引方向,29
古道_芳草,28
不到_归路,27
芳草_连天,27
归路_灵魂,27
烟火_不到,25
支教_老师,24
jump_scare,24
科学_迷信,23
成为_绳子,22
恐怖_解密,20
星辰_坠入,19
人物_塑造,18
啊啊啊_啊啊啊,17
遭受_苦难,17
作业本_生根,17
坠入_星河,17
生根_发芽,17
尽余欢_今宵,16
of_the,16
这是_一场,16
一颗_星辰,16
封建迷信_害死,16
化作_一颗,16
国产_恐怖,16
呜呜_呜呜,16
逝者_葬礼,15
浊酒_尽余欢,15
昏暗_深渊,15
三个_小时,14
氛围_营造,14
一场_逝者,14
开出_遍野,13
星空_成为,13
痛苦_挣扎,13
喜欢_陈老师,13
恐怖_恐怖,13
烟火_绽放,13
最后_送别,13
走出_大山,13
视觉_小说,13
泥土_鸟儿,12
深渊_正在,12
正在_遭受,12
发芽_开出,12
恐怖_程度,12
解密_难度,12
晚风_柳笛声,12
应该_地方,11
连天_晚风,11
广阔_世界,11
一壶_浊酒,11
挣扎_灵魂,11
夕阳_山外山,11
四张_船票,11
五年_十年,11
恐怖_要素,11
恐怖_气氛,11
游玩_过程,11
烟火_烟火,11
最后_结局,11
柳笛声_夕阳,11
三年_五年,11
两年_三年,11
灭门_惨案,11
期待_三伏,11
只能_井口,10
美术_风格,10
留在_昨天,10
难度_不高,10
指引方向_这是,10
狭窄_星空,10
劝君_杯酒,10
古道_劝君,10
离别_长亭,10
社会_问题,10
陈老师_结局,10
灰烬_埋葬,10
恐怖_吓人,9
这片_土地,9
苦难_痛苦,9
仰望_星空,9
the_game,9
每个_角色,9
燃烧_灰烬,9
孩子_被困,9
一片_狭窄,9
举办_葬礼,9
抨击_封建迷信,9
人世间_苦难,9
井里_只能,9
叶敬山_赵小娟,9
值得_一玩,9
知交_零落,9
真正_离别,9
天之涯_地之角,9
葬礼_放烟火,9
放烟火_绽放,9
往常_清晨,9
地之角_知交,9
孩子_出去,8
小蝌蚪_妈妈,8
陈老师_医生,8
恐怖_悬疑,8
珍贵_美好,8
希望_每个,8
恐怖_解谜,8
像是_一部,8
谜题_设计,8
优秀_恐怖,8
见识_人世间,8
井口_一片,8
刚刚_见识,8
先上去_一把,8
如山_灰烬,8
杯酒_往常,8
已经_如山,8
或许_里面,8
死灰_或许,8
陪伴_已经,8
灰烬_堆积,8
堆积_一起,8
蟑螂_老师,8
送别_响起,8
玩完_之后,8
璀璨_星空,8
闭塞_小镇,8
一款_恐怖,8
习俗_葬礼,8
一首_送别,8
最后_希望,7
解谜_部分,7
传统_恐怖,7
最后_陈老师,7
烟火_一款,7
印象_深刻,7
化作_烟火,7
医生_赵小娟,7
一场_电影,7
起来_荒唐,7
前面_几座,7
不到_陈老师,7
曾经_温暖,7
陈老师_举办,7
恐怖_外衣,7
一团_死灰,7
作者_月光,7
里面_熊熊燃烧,7
这是_一款,7
恐怖_烟火,7
被困_井里,7
十年_不到,7
解密_简单,7
解谜_难度,7
苦难_应该,7
星空_越来越近,7
文物_倒卖,7
国产_独立,7
父亲_阴影,7
清晨_留在,7
第九_艺术,7
每个_人物,7
希望_烟火,7
氛围_渲染,7
葬礼_起来,7
支持_一下,7
绳子_孩子,7
一种_无法,6
警察_林理洵,6
恐怖_之后,6
解谜_要素,6
烟火_一部,6
陈老师_呜呜,6
小时_流程,6
无法_言说,6
赵小娟_叶敬山,6
或许_一团,6
公公_婆婆,6
葬礼_日子,6
熊熊燃烧_火焰,6
解密_部分,6
恐怖_题材,6
不错_恐怖,6
大山_孩子,6
开发者_邀请,6
几座_燃烧,6
倒映_星空,6
浮出_水面,6
不再_害怕,6
中国_鉴赏家,6
井水_倒映,6
一部_恐怖,6
悲剧_发生,6
日子_习俗,6
陈老师_不见,6
鉴赏家_同好,6
泥土_里会,6
发现_珍贵,6
氛围_塑造,6
心理_恐怖,6
上去_先上去,6
令人_惋惜,6
好评_如潮,6
孩子_走出,6
里会_鸟儿,6
层层_递进,6
山外山_天之涯,6
荒唐_两年,6
真正_恐怖,6
问君_此去,6
来时_徘徊,6
儿子_田宇,6
分享_一刻,6
赵小娟_芳芳,6
回过_头想,6
场景_切换,6
头想_分享,6
赵小娟_尸体,5
in_the,5
此去_来时,5
喜悦_陈老师,5
发现_烟火,5
悬疑_恐怖,5
田家_灭门案,5
烟火_恐怖,5
一部_优秀,5
不重_一定,5
星落_秋水,5
封建迷信_害人,5
一把_不重,5
老师_陈青穗,5
漫天_星河,5
恐怖_最后,5
医生_叶敬山,5
感到_一种,5
叙事_手法,5
人性_光辉,5
荣誉_光芒,5
成为_一名,5
同志_上去,5
山里_孩子,5
井底_仰望,5
父亲_荣誉,5
结尾_送别,5
我会_天空,5
家庭_悲剧,5
深不见底_井水,5
田家_儿媳,5
长出_遍野,5
化作_星辰,5
田家_灭门,5
烟火_照亮,5
涉及_剧透,5
两位_老人,5
倒卖_文物,5
出去_广阔,5
认为_陈老师,5
越来越近_回过,5
最后_烟火,5
拾英_工作室,5
国产_佳作,5
灵魂_昏暗,5
场景_转换,5
吓人_吓人,5
绳子_陈老师,5
天空_绽放,5
一刻_喜悦,5
活在_父亲,5
美好_之物,5
希望_希望,5
害怕_理由,5
小卖部_老板,5
陈老师_星星,5
陈老师_作业本,5
中国_传统,5
发芽_长出,5
自由_灵魂,5
言说_迷茫,5
一款_优秀,5
封建_愚昧,5
温暖_能够,5
新人_警察,5
难得_欢聚,5
赵小娟_陈青穗,5
黑盒_用户,5
天空_赵小娟,5
优秀_国产,5
恐怖_内核,5
能够_陪伴,5
恐惧_或许,5
田家_夫妇,5
惊悚_恐怖,5
陈老师_记得,5
一款_国产,5
一部_电影,5
迷茫_恐惧,5
人生_难得,5
一终_春风化雨,4
送别_陈老师,4
鬼神_可怕,4
感谢_制作者,4
it_can,4
烟火_一终,4
恐怖_类型,4
几个_小时,4
画面_表现,4
永远_留在,4
响起_那一刻,4
解密_要素,4
照亮_孩子,4
和田_芳芳,4
乡村_支教,4
碎片_叙事,4
希望_国产,4
营造_恐怖,4
记得_陈老师,4
盗墓_团伙,4
做出_选择,4
塑造_不错,4
真正_优秀,4
向往_自由,4
陈老师_赵小娟,4
星星_喜欢,4
选择_挣脱,4
田家_公婆,4
千万_不要,4
结局_留白,4
game_is,4
这位_神婆,4
邀请_评测,4
案件_真相,4
赵小娟_和田,4
造成_悲剧,4
消失_不见,4
恐怖_画面,4
叙事_节奏,4
离开_小镇,4
坠入_星空,4
相机_切换,4
音效_画面,4
烟火_发现,4
不怎么_恐怖,4
人口_贩卖,4
陈老师_确实,4
四个_小时,4
这是_一部,4
永远_无法,4
这是_悲剧,4
医生_善良,4
that_the,4
调查_深入,4
指引_道路,4
那片_星空,4
鬼神_人心,4
中国_特色,4
最终_酿成,4
愿意_相信,4
见到_儿子,4
最后_最后,4
烟火_国产,4
终能_化作,4
孩子_触及,4
希望_孩子,4
最后_一段,4
人心_恐怖,4
人物_立绘,4
解谜_恐怖,4
可爱_孩子,4
陈老师_船票,4
知道_是不是,4
贯穿_始终,4
相信_陈老师,4
黑森_奇谭,4
鸟儿_空中,4
人心_险恶,4
放在_孩子,4
星空_化作,4
希望_陈老师,4
之后_不再,4
吓人_真正,4
绽放_万里,4
值得_入手,4
烟火_叙事,4
医生_陈老师,4
恐怖_中式,4
警官_前面,4
星河_陈老师,4
那才_应该,4
苦难_那才,4
自由_鸟儿,4
烟火_转瞬即逝,4
做出_努力,4
万里_星河,4
孩子_能够,4
天空_烟火,4
中国_需要,4
特殊_能力,4
can_be,4
个人_喜欢,4
反对_封建迷信,4
解谜_简单,4
烟火_短暂,4
气氛_营造,4
推理_部分,4
一根_绳子,4
凝视_感到,4
想要_逃离,4
一起_凝视,4
期待_作者,4
同样_遭受,4
儿媳_赵小娟,4
迷信_思想,4
广阔_星空,4
害死_儿媳,4
触及_地方,4
选择_上吊,4
这种_迷信,4
相信_科学,4
田家_惨案,4
恐怖_背后,4
陈青穗_老师,4
劣等_恐怖,4
悲剧_只能,4
地方_曾经,4
剩下_深不见底,4
安身_地方,4
评测_开发者,4
希望_以后,4
不见_剩下,4
恐怖_跳脸,4
世上_安身,4
死去_儿子,4
尸体_泥土,4
无家可归_世上,4
人心_烟火,4
优秀_剧本,4
事情_真相,4
燃烧_成全,4
明白_无家可归,4
陈青穗_叶敬山,4
继续_加油,4
一场_葬礼,3
调查_发现,3
触动_人心,3
办法_改变,3
已经_看过,3
绳子_井底,3
自由_飞翔,3
今天_镇里,3
零落_一壶,3
孩子_井里,3
飞翔_鸟儿,3
好像_最后,3
之后_明白,3
无法_走出,3
挣脱_愿意,3
叶敬山_医生,3
烟火_人间烟火,3
一口气_玩完,3
事情_烟火,3
想要_表达,3
惟有_别离,3
烟火_之前,3
代入_中式,3
里面_容易,3
悲惨_结局,3
孩子_一根,3
欢聚_惟有,3
陈老师_一定,3
传统_中式,3
烟火_燃尽,3
善良_纯粹,3
烟火_绚烂,3
机缘巧合_重新,3
现在_终于,3
剧透_警告,3
一定_星空,3
泥土_腐烂,3
部分_实际上,3
实际上_燃烧,3
镇里_陈老师,3
恐怖_部分,3
重新_调查,3
灵魂_禁锢,3
林理洵_赵小娟,3
容易_燃烧,3
黑森_烟火,3
整个_过程,3
意外_之喜,3
不知_何人,3
名字_里面,3
成全_事情,3
起来_部分,3
难平_陈老师,3
丈夫_死后,3
小时_一场,3
燃烧_起来,3
林理洵_机缘巧合,3
叶敬山_名字,3
国产_之光,3
神婆_招魂,3
诊所_医生,3
作者_叙事,3
前期_恐怖,3
流程_不算,3
陈老师_意难平,3
赵小娟_走出,3
人物_结局,3
鸟儿_飞在,3
烟火_悲剧,3
恐怖_鬼怪,3
从小_拐卖,3
飞在_天空,3
两个_同样,3
充满_中式,3
绝对_不亏,3
绝望_死水,3
做出_改变,3
已经_足够,3
一沟_绝望,3
温暖_陪伴,3
烟火_指引,3
令人_拍案叫绝,3
这座_大山,3
生理_不适,3
角色_塑造,3
烟火_做到,3
嫌疑人_献身,3
悲伤_结尾,3
火焰_明白,3
喜欢_事情,3
烟火_标题,3
田芳芳_作业本,3
鬼怪_人心,3
烟火_引导,3
世界_拯救,3
拯救_一定,3
一层_一层,3
恐怖_玩完,3
一定_伸以,3
全家_幸福,3
往井里_绳子,3
成为_往井里,3
喜欢_这种,3
陈清穗_那片,3
伸以_援手,3
援手_陈老师,3
陈老师_人才,3
人才_显得,3
操作_解谜,3
每个_孩子,3
显得_难能可贵,3
芳芳_爷爷奶奶,3
开放式_结尾,3
烘托_气氛,3
孩子_母亲,3
赵小娟_医生,3
本土_特色,3
相信_童话,3
不要_危险品,3
流程_解谜,3
危险品_放在,3
一段_一段,3
船票_离开,3
塑造_饱满,3
妈妈_爷爷奶奶,3
接近_真相,3
孩子_纯真,3
田家_老人,3
希望_觉醒,3
本作_恐怖,3
配乐_画面,3
主角_警官,3
医生_想要,3
角色_完整,3
这种_恐怖,3
清潭_镇上,3
伸出_援手,3
一颗_星星,3
一种_意义,3
留在_清潭,3
一座_大山,3
尤其_最后,3
品质_谓之,3
罕有_品质,3
部分_解密,3
一场_悲剧,3
形象_刻画,3
for_the,3
不得不_佩服,3
表里_世界,3
迷失_灵魂,3
永不_缺席,3
人口_拐卖,3
能够_出去,3
开出_漫山遍野,3
一次_一次,3
警官_陈老师,3
医生_交谈,3
扔下_绳子,3
希望_成为,3
悬疑_解谜,3
陈青穗_命运,3
毫无_难度,3
无私_一种,3
一种_罕有,3
芳芳_想要,3
恐怖_全程,3
精彩_电影,3
善良_人性,3
美好_东西,3
叶敬山_拐卖,3
灵异_事件,3
喜欢_需要,3
母女_长相依,3
毫无_挑战,3
突然_想起,3
思想_落后,3
是否_存在,3
解谜_元素,3
作者_一部,3
流程_小时,3
人物_形象,3
以下_有剧,3
小林_同志,3
害死_田家,3
可惜_陈老师,3
流程_大概,3
纸人_花圈,3
希望_最后,3
陈老师_主角,3
带来_思考,3
儿子_工作,3
不错_流程,3
送别_一出,3
前作_黑森,3
迷信_迷信,3
陈老师_消失,3
烟火_一种,3
整体_不错,3
灰烬_大山,3
民俗_恐怖,3
零落_人生,3
人生_陈青穗,3
中国_本土,3
画面_音效,3
解密_不难,3
千疮百孔_未来,3
不到_地方,3
拼接_肋骨,3
调查_盗墓,3
已经_千疮百孔,3
封建迷信_思想,3
过去_已经,3
打着_恐怖,3
恐怖_有点,3
传统_文化,3
自由_飞鸟,3
讨回公道_警察,3
up_实况,3
死者_讨回公道,3
可怜_可恨,3
贯穿_整个,3
相信_神婆,3
能力_主角,3
叙事_方式,3
封建_闭塞,3
老板_王金财,3
本土_恐怖,3
传统_糟粕,3
最后_主角,3
社会_现实,3
印象_最深,3
或许_烟火,3
直接_拉满,3
破除_封建迷信,3
身处_黑暗,3
乡村_教师,3
徘徊_天之涯,3
陈老师_已经,3
很难_想象,3
赵小娟_田家,3
寻找_真相,3
中国_恐怖,3
星空_送别,3
希望_未来,3
导致_悲剧,3
陈老师_化作,3
追求_自由,3
开放式_结局,3
这种_方式,3
一定_程度,3
主要_人物,3
烟火_灿烂,3
连天_问君,3
人物_刻画,3
离奇_火灾,3
封建迷信_害人不浅,3
星辰_照亮,3
老师_医生,3
感谢_作者,3
it_still,3
田向荣_妻子,3
封建迷信_家庭,3
操作_简单,3
陈老师_到底,3
to_play,3
不愿_相信,3
期待_下一作,3
风格_恐怖,3
作者_想要,3
中国式_恐怖,3
人民_教师,3
追求_真相,3
影楼_工作,3
秋水_春风化雨,3
很大_程度,3
春风化雨_今宵,3
托着_候鸟,3
结局_最后,3
无法_改变,3
湿透_衣裳,3
is_very,3
生长_湿透,3
万物_生长,3
滋养_万物,3
问雨_滋养,3
慌张_问雨,3
飞翔_慌张,3
候鸟_飞翔,3
问风_托着,3
基本_存在,3
烟火_优秀,3
社会_矛盾,3
确实_存在,3
最终_选择,3
陈老师_警官,3
and_the,3
期待_新作,3
新作_三伏,3
关卡_设计,3
事件_发生,3
落烬_成牢,3
烟火_这是,3
灭门_案件,3
一部_视觉,3
彻头彻尾_悲剧,3
恐怖_感动,3
这种_类型,3
无间_痛苦,3
整体_流程,3
可怕_人心,3
施以_无间,3
吸髓_施以,3
好受_罪孽,3
业障_好受,3
喜食_业障,3
陈青穗_赵小娟,3
主角_林理洵,3
田家_陷入,3
灵魂_不该,3
不该_追逐,3
追逐_我爸,3
我爸_荣誉,3
光芒_昏暗,3
送别_更是,3
迷信_同样,3
调查_案件,3
灵魂_唤醒,3
真正_悲剧,3
田宇_附身,3
已经_注定,3
脊背_发凉,3
陈老师_孩子,3
压抑_情感,3
女儿_走出,3
田向荣_桂兰,3
国产_悬疑,3
特别_陈老师,3
美好_未来,3
爷爷奶奶_封建迷信,3
唤醒_灵魂,3
小时_左右,3
不错_国产,3
或许_远方,3
玩具_相机,3
远方_总有一天,3
总有一天_回来,3
回来_或许,3
或许_化作,3
谜题_难度,3
最后_一刻,3
陈老师_教芳芳,3
一款_不错,3
悬疑_小说,3
这份_美好,3
恐怖_不如说是,3
恐怖_标签,3
希望_能够,3
找到_方向,3
绳子_帮助,3
个人_认为,3
小时_时间,3
追逐_父亲,3
田向荣_倒卖,3
公婆_封建迷信,3
营造_到位,3
一遍_重复,3
一遍_一遍,3
像是_烟火,3
送别_首歌,3
陈老师_芳芳,3
逃离_大山,3
得到_救赎,3
船票_没能,3
桂兰_神婆,3
解密_烟火,3
儿子_医生,2
仅仅_儿子,2
人物_场景,2
案件_开端,2
死亡_田家,2
整个_灭门,2
氛围_降低,2
葬礼_记得,2
小时_不到,2
医生_治疗,2
影响_整个,2
开端_仅仅,2
治疗_死亡,2
能够_越做越,2
小镇_绽放,2
角色_形象,2
已经_吞噬,2
迷信_已经,2
一部分_理由,2
理由_身处,2
死前_这种,2
黑暗_镇子,2
王老板_死前,2
起来_王老板,2
镇子_互相帮助,2
聚拢_起来,2
冤魂_聚拢,2
小小的_烟火,2
越来越_冤魂,2
读者_理性,2
形式_越来越,2
走个_形式,2
理性_阅读,2
吞噬_四人,2
四人_小卖部,2
田家_归罪于,2
老板_第五,2
质询_灵魂,2
尸体_质询,2
问过_尸体,2
迷信_问过,2
原因_迷信,2
外人_原因,2
两个_外人,2
对立_两个,2
三方_对立,2
家庭_三方,2
四人_家庭,2
逝者_四人,2
五位_逝者,2
纯粹_一部分,2
冤魂_五位,2
六个_冤魂,2
第五_六个,2
调查_走个,2
歌声_响起,2
有所_感触,2
投毒案_调查,2
有人_变成,2
似乎_找到,2
有人_化作,2
化作_星星,2
过去_孩子,2
指引_似乎,2
神婆_指引,2
矛盾_神婆,2
井口_一篇,2
内部_矛盾,2
好评_有点,2
家庭_内部,2
加深_家庭,2
一篇_狭窄,2
医生_加深,2
归罪于_医生,2
反映_社会,2
找到_方法,2
方法_田家,2
儿媳_医生,2
以身试险_最终,2
感触_真正,2
不明_投毒案,2
原因_不明,2
自由_向往,2
陷入_原因,2
最终_田家,2
真正_流泪,2
希望_现实,2
医生_脱离,2
迷信_以身试险,2
家长_迷信,2
利用_家长,2
流泪_陈老师,2
陈老师_过去,2
控制_利用,2
脱离_控制,2
至关重要_影响,2
始于_愚昧,2
老师_警官,2
去过_生活,2
现实_悲观,2
悲观_认为,2
确实_灭口,2
灭口_消失,2
消失_清水,2
未来_圆满,2
清水_相信,2
下来_一气呵成,2
confusing_and,2
相信_鬼神,2
相信_一种,2
意义_提醒,2
bgm_变化,2
无数_陈老师,2
提醒_永远,2
国产_单机游戏,2
永远_选择,2
生活_现实,2
小镇_去过,2
有着_至关重要,2
主打_中式,2
井底_星空,2
好评_最后,2
谓之_珍贵,2
整体_好评,2
文化_符号,2
天真_善良,2
有形_无形,2
流畅_解谜,2
恐怖_传说,2
诡异_恐怖,2
不错_解谜,2
十分_流畅,2
童话_认为,2
女儿_田芳芳,2
身份_支教,2
想要_绳子,2
恐怖_表面,2
选择_善良,2
善良_温柔,2
温柔_坚持原则,2
盲目_迷信,2
低级_jump,2
感官_刺激,2
群组_关注,2
确实_人心,2
吓人_解密,2
恐怖_味道,2
人心_最后,2
推上_高度,2
紧绷_神经,2
同好_群组,2
营造_氛围,2
产生_迷茫,2
警察_同志,2
存在_无法,2
加入_中国,2
欢迎_加入,2
终章_一首,2
东西_确实,2
可怕_东西,2
曲直_是非,2
解谜_环节,2
坚持原则_正义,2
主角_全程,2
本作_解谜,2
正义_世上,2
幸福_一家,2
恐怖_节奏,2
所谓_幸福,2
吓人_恐怖,2
关注_鉴赏家,2
美术_剧本,2
世上_驱不散,2
驱不散_愚昧,2
人性_善良,2
愚昧_黑暗,2
黑暗_鬼神,2
鉴赏家_中国,2
最后_大头贴,2
医生_所说,2
暗示_陈老师,2
改变命运_医生,2
家人_生命,2
剥夺_家人,2
阅读_谨慎,2
独特_中式,2
恐怖_风格,2
不惜_剥夺,2
家长_不惜,2
迷信_家长,2
加深_这种,2
迷信_加深,2
终于_迷信,2
人民_终于,2
愚昧_人民,2
家长_始于,2
文物_家长,2
盗掘_文物,2
聚伙_盗掘,2
恐怖_桥段,2
生命_换取,2
换取_从未,2
离开_烟火,2
发生_有着,2
同样_事件,2
医生_迷信,2
扼杀_可能性,2
欲望_医生,2
之地_欲望,2
烟火_之地,2
产生_离开,2
从未_发生,2
年轻人_产生,2
驱使_年轻人,2
神婆_神婆,2
恐惧_驱使,2
幼儿_恐惧,2
发生_幼儿,2
发生_发生,2
医生_聚伙,2
一定_何尝,2
最后_医生,2
渴望_改变命运,2
赵小娟_生活,2
玩过_三伏,2
悲剧_买来,2
背景_悲剧,2
回到_学校,2
循环_背景,2
贫困_循环,2
描述_贫困,2
无法_避免,2
星河_一步,2
一步_触动,2
触动_是因为,2
是因为_想过,2
想过_无私,2
背后_描述,2
开头_结尾,2
表面_恐怖,2
买来_孩子,2
人而活_化作,2
孩子_迷信,2
拥有_秘密,2
教师_渴望,2
身份_教师,2
何尝_拯救,2
秘密_身份,2
谨慎_购买,2
不再_追逐,2
追逐_虚妄,2
主角_拥有,2
一瓢_浊酒,2
具有_特殊,2
团伙_具有,2
虚妄_东西,2
村民_盗墓,2
购买_欢迎,2
愚昧_短视,2
迷信_村民,2
封建迷信_主题,2
芳芳_幸运,2
蒙太奇_手法,2
反复_出现,2
个人_烟火,2
发现_王金财,2
作者_天马行空,2
经历_苦难,2
能为_女儿,2
母亲_能为,2
过度_解读,2
恐怖_后面,2
轻微_剧透,2
这种_矛盾,2
感到_害怕,2
with_the,2
主角_成长,2
善良_陈老师,2
烟火_几乎,2
一点_失望,2
开头_场景,2
一家_四口,2
一款_故事性,2
代入_恐怖,2
十分_优秀,2
陈老师_生命,2
反对_迷信,2
事情_希望,2
结局_反转,2
人生_烟火,2
氛围_直接,2
复活_儿子,2
登场_人物,2
头发_后面,2
不要_忘记,2
简单_文字,2
陈老师_最后,2
一根_一根,2
死者_过去,2
这是_无法,2
像是_一本,2
不到_归途,2
飞鸟_天空,2
星河_不到,2
入手_烟火,2
配合_画面,2
小时_恐怖,2
这部_喜欢,2
从未_想过,2
愚昧_迷信,2
到位_结尾,2
天涯_沦落人,2
看见_死者,2
奔赴_天空,2
包括_主角,2
无法_奔赴,2
烟火_不错,2
结尾_算是,2
迷信_科学,2
星星_要说,2
完全_恐怖,2
一份_支持,2
想要_逃出,2
元素_应该,2
一点_赵小娟,2
创意_那段,2
小娟_医生,2
陈老师_包括,2
珍贵_东西,2
闭塞_地方,2
恰到好处_解密,2
接触_恐怖,2
想象_恐怖,2
最后_只能,2
设计_偷懒,2
童声_合唱,2
侮辱_智商,2
恐怖_单纯,2
几万_亿年,2
过程_发现,2
懵懂_无知,2
一名_人民警察,2
宣传_标语,2
恐怖_主题,2
陈老师_塑造,2
希望_谜题,2
生活_希望,2
肯定_优点,2
酿成_惨剧,2
天空_中愿,2
悲伤_无奈,2
从来_不敢,2
或许_无法,2
直接_原因,2
之下_星火燎原,2
灰烬_之下,2
习俗_传统,2
之后_灰烬,2
教芳芳_星星,2
烟火_之后,2
片尾曲_送别,2
十分_压抑,2
全家_晚饭,2
偏远_山村,2
恐怖_了解,2
赵小娟_田宇,2
烟火_易逝,2
医生_小娟,2
警方_调查,2
恐怖_适合,2
笼困_飞鸟,2
飞鸟_叶禁于,2
叶禁于_山穗落,2
山穗落_清水,2
教会_勇敢,2
里面_人物,2
低级_恐怖,2
慢慢_接近,2
没能_拯救,2
报社_工作,2
辞去_报社,2
拐卖_孩子,2
最后_法医,2
悲伤_烟火,2
欢迎_关注,2
之前_现在,2
时间_警察,2
一直_活在,2
之前_老师,2
氛围_纸人,2
看过_散人,2
结局_长亭,2
纠缠_一起,2
星河_烟火,2
没玩过_恐怖,2
逃离_这座,2
这部_恐怖,2
归途_灵魂,2
感谢_制作组,2
悲剧_善良,2
灵异_现象,2
国产_支持,2
know_that,2
三四个_小时,2
哇哇_哇哇,2
再次_印证,2
尝试_一下,2
构思_巧妙,2
思考_空间,2
有人_困在,2
枷锁_最后,2
外衣_实则,2
最后_一下,2
儿子_魂魄,2
一下_烟火,2
逃离_出去,2
一杯_奶茶,2
very_good,2
没什么_吓人,2
吓人_地方,2
一下_这种,2
实在_太好了,2
后劲_很大,2
主要_角色,2
解密_几乎,2
but_it,2
明白_陈老师,2
赵小娟_妈妈,2
有点_遗憾,2
支持_国产,2
问题_一是,2
play_it,2
希望_这种,2
过瘾_希望,2
感人_很棒,2
特别_吓人,2
绚丽_特效,2
烟火_更加,2
知道_结局,2
李老师_大山,2
田家_命案,2
理解_不了,2
揭开_田家,2
芳芳_知道,2
game_can,2
作者_团队,2
团队_工作室,2
没能_离开,2
期待_种子,2
芳芳_陈老师,2
不可多得_国产,2
实况_视频,2
儿子_思念,2
转场_优秀,2
降低_预期,2
be_so,2
源于_生活,2
生活_高于,2
恐怖_渲染,2
高于_生活,2
不错_整体,2
心里_空落落,2
演出_效果,2
out_that,2
turns_out,2
it_turns,2
医患_关系,2
主角_经历,2
见识_人间,2
学生_绳索,2
主角_了解,2
照亮_整个,2
燃烧_照亮,2
赵小娟_名为,2
烟火_燃烧,2
tomb_robbery,2
ghosts_and,2
and_gods,2
警察_身份,2
相信_赵小娟,2
回想_支教,2
支教_一年,2
完散_老师,2
见到_陈清穗,2
学生_陈老师,2
事件_确实,2
迷信_拐卖,2
赵小娟_最后,2
音效_恐怖,2
几乎_很难,2
不算_太多,2
走出_深山,2
整体_恐怖,2
名为_清潭,2
只能_看见,2
惋惜_结局,2
留下_美好,2
解密_方式,2
六个_大字,2
水平_厉害,2
寻找_线索,2
充斥_大量,2
人间_苦难,2
赵小娟_希望,2
芳芳_角色,2
方式_实际上,2
讲述_方式,2
愿意_继续,2
盗卖_文物,2
更是_令人,2
妈妈_老师,2
能够_沉浸,2
天空_死者,2
比较_吸引,2
最后_辞职信,2
值得_深思,2
呜呜_陈老师,2
一款_值得,2
思考_问题,2
烟火_天空,2
希望_绚丽,2
绚丽_烟火,2
地方_展开,2
送别_真是,2
真切_地想,2
一段_文字,2
种种_怪异,2
悲剧_希望,2
元素_营造,2
horror_game,2
自由_憧憬,2
外面_世界,2
传达_东西,2
不能_公开,2
引导_迷失,2
灵魂_找到,2
恐怖_人心,2
喜欢_亲情,2
无论是_医闹,2
医生_无论是,2
难过_烟火,2
纯粹_感情,2
流露_纯粹,2
亲情_流露,2
光明_道路,2
更加_恐怖,2
悲剧_全貌,2
恐怖_巅峰,2
创造_未来,2
孩子_创造,2
倾尽全力_孩子,2
有意_难平,2
医闹_出身,2
出身_所作所为,2
叶敬山_曾经,2
所作所为_沉重,2
地方_陈清穗,2
沉重_无关,2
无关_爱情,2
爱情_无关,2
无关_利益,2
田家_真正,2
成员_免费,2
带来_感动,2
互相帮助_关系,2
关系_医生,2
医生_选择,2
选择_伸出手,2
伸出手_同样,2
难平_希望,2
不够_倾尽全力,2
演出_桥段,2
孩子_假扮,2
过来_身陷囹圄,2
或许_送别,2
以下内容_涉及,2
放弃_面对,2
悬疑_推理,2
邀请_同好,2
希望_帮助,2
探案_过程,2
发生_烟火,2
同好_成员,2
操作_不太,2
跌落_井底,2
依旧_支撑,2
支撑_孩子,2
假扮_死去,2
能量_不够,2
死去_丈夫,2
打断_肋骨,2
孩子_未来,2
未来_咽下,2
一种_艺术,2
咽下_生理,2
不适_个人,2
个人_单单是,2
单单是_生活,2
生活_家庭,2
家庭_已经,2
整体_质量,2
足够_窒息,2
窒息_能量,2
做出_优秀,2
带来_感触,2
孩子_家庭,2
还会_同样,2
评测_故该,2
这场_悲剧,2
化身_星辰,2
赵小娟_身上,2
身上_影子,2
整个_下来,2
放弃_工作,2
故该_评测,2
苦难_背负,2
背负_命运,2
后背_发凉,2
命运_还会,2
烟火_解谜,2
之前_恐怖,2
发现_作者,2
最终_产生,2
诡异_气氛,2
遭受_痛苦,2
痛苦_伸出,2
援手_好像,2
最后_四张,2
评测_参考,2
参考_读者,2
分给_陈老师,2
医生_彼此之间,2
彼此之间_不同,2
不同_选择,2
选择_相同,2
推荐_接触,2
相同_悲剧,2
产生_评测,2
关系_纯粹,2
同样_帮叶,2
喜欢_医生,2
绳子_赵小娟,2
恐怖_更加,2
结合_中式,2
天空_田芳芳,2
帮叶_医生,2
我意_难平,2
恐怖_比较,2
善良_永远,2
永远_不同,2
不同_角落,2
角落_发光,2
从头_玩到,2
一步步_揭开,2
发光_喜欢,2
死者_沟通,2
之间_关系,2
医生_这条线,2
这条线_感情,2
感情_处理,2
最后_看着,2
部分_赵小娟,2
纸人_灯笼,2
画面_表现力,2
人性_之恶,2
免费_测试,2
测试_方式,2
方式_最终,2
主角_通灵,2
封建迷信_主角,2
他俩_之间,2
拐卖_过来,2
赵小娟_拐卖,2
调查_即将,2
希望_赵小娟,2
林理洵_陈青穗,2
永远_人心,2
不到_三伏,2
调查过程_中林理洵,2
大山_烟火,2
节奏_舒适,2
令人_痛心,2
意外_火灾,2
葬礼_意外,2
成为_一种,2
今天_正好,2
仿佛_已经,2
谁又能_知道,2
真正_烟火,2
之前_大概,2
腐烂_灰烬,2
大概_早就,2
早就_听闻,2
听闻_陈老师,2
陈老师_芳名,2
芳名_自已,2
自已_亲身,2
亲身_一遍,2
好心_办成,2
不错_一部,2
整个_节奏,2
希望_影视,2
大概_救赎,2
美式_恐怖,2
救赎_田家,2
灰烬_无尽,2
我会_记住,2
案为_中心,2
更好_教育,2
鬼神_更加,2
汇聚_巨大,2
配音_更好,2
恐怖_很少,2
假扮_田宇,2
灵魂_得到,2
难度_适中,2
艺术_里面,2
最后_一句,2
应该_属于,2
大部分_谜题,2
影响_整体,2
玩法_主要,2
封建迷信_拐卖儿童,2
八个_孩子,2
简单_简陋,2
社会_现象,2
解谜_过程,2
接受_更好,2
简单_一句,2
摸金_盗墓,2
意料之外_情理之中,2
主角_陈老师,2
优秀_叙事,2
希望_破灭,2
苦难_灵魂,2
同样_下场,2
基本_跟着,2
成田_附身,2
优秀_值得,2
田家_案为,2
中心_千丝万缕,2
缺席_赵小娟,2
塑造_优秀,2
天使_真切,2
这种_无脑,2
真切_希望,2
每个_烦恼,2
强烈_震撼,2
烦恼_消失,2
不见_感情,2
感情_纯粹,2
纯粹_真切,2
星星_照亮,2
最后_船票,2
真切_环境,2
环境_感情,2
感情_无力,2
无力_单薄,2
关系_纯真,2
单薄_没法,2
没法_真正,2
烟火_有点像,2
结构_烟火,2
叙事_结构,2
真正_救赎,2
救赎_所有人,2
叙事_特点,2
母爱_古往今来,2
古往今来_歌颂,2
歌颂_许多种,2
许多种_感情,2
感情_母爱,2
母爱_永不,2
纯真_天使,2
情绪_关系,2
千丝万缕_每个,2
海上_钢琴师,2
每个_生动,2
小时_一周,2
生动_立体,2
立体_形象,2
形象_一场,2
一场_真实,2
解谜_玩法,2
真实_哀伤,2
哀伤_恐怖,2
恐怖_还好,2
无法_想象,2
保证_叙事,2
同好_开发者,2
叙事_方法,2
谈谈_触动,2
复杂_情绪,2
注定_悲剧,2
纯真_感情,2
大概_已经,2
感情_小朋友,2
小朋友_感情,2
感情_感知,2
感知_敏锐,2
已经_互联网,2
敏锐_妈妈,2
心里_产生,2
爷爷奶奶_人间,2
人间_复杂,2
父亲_影子,2
田宇_回来,2
灵魂_调查,2
令人_扼腕,2
即将_完成,2
can_bring,2
深刻_感受,2
那段_表现力,2
三伏_烟火,2
一位_人物,2
响起_送别,2
发现_原来,2
制作组_用心,2
最后_发现,2
林理洵_最后,2
天上_繁星,2
叙事_时间,2
营造_不错,2
来到_清潭,2
悲剧_烟火,2
文物_走私案,2
星空_有人,2
调查_一桩,2
一部_难得,2
难得_佳作,2
害怕_人心,2
芳芳_奖状,2
烟火_有着,2
记者_支教,2
不错_中式,2
常人_不能,2
中间_一度,2
支教_过程,2
芳芳_赵小娟,2
风格_个人,2
感受_年代,2
照亮_山里,2
天地_孩子,2
孩子_绳子,2
头顶_一方,2
一辈子_只能,2
四个_船票,2
最后_感谢,2
小时候_看过,2
现在_不愿,2
感动_现在,2
部分_不算,2
喜悦_感动,2
警察_记者,2
一部_像是,2
难以忘怀_喜悦,2
终生_难以忘怀,2
星空_终生,2
浩渺_星空,2
国产_越做越,2
美丽_浩渺,2
重见_美丽,2
深井_重见,2
绳当_深井,2
一条_绳当,2
丢下_一条,2
何人_丢下,2
深井_不知,2
被困_深井,2
意外_被困,2
儿时_意外,2
受害者_家庭,2
陈青穗_孩子,2
营造_一种,2
the_plot,2
to_players,2
整个_结束,2
具有_中国,2
吸引_一步步,2
长相依_万事,2
万事_烟火,2
值得_敬佩,2
打发_时间,2
后来_发现,2
审视_自我,2
整个_解密,2
来讲_前半部,2
内心_情感,2
余烬_成牢,2
能力_穿越,2
大头贴_破防,2
不错_结尾,2
程度_主要,2
开放性_结局,2
田氏_惨案,2
这场_离奇,2
in_addition,2
适合_这种,2
游玩_之后,2
天空_这句,2
代表_希望,2
恐怖_悲伤,2
主角_林理询,2
感到_恐怖,2
addition_the,2
流程_不长,2
星河_母女,2
朋友_推荐,2
希望_月光,2
画面_突然,2
花灯_送别,2
星空_井水,2
孩子_心里,2
本作_悬疑,2
水彩_风格,2
心中_那片,2
一起_疑似,2
有人_记得,2
不够_恐怖,2
立意_深刻,2
新来_陈老师,2
扮演_警官,2
结尾_反转,2
伟大_母亲,2
青穗见_星河,2
拨开_迷雾,2
一步步_拨开,2
叙述_方式,2
抽烟_习惯,2
ghosts_but,2
一张_照片,2
本作_人物,2
害怕_害怕,2
流程_紧凑,2
不到_小时,2
孩子_小娟,2
敬山_进山,2
进山_青穗见,2
一方_天地,2
一根_帮助,2
秘密_花瓶,2
青穗_魂归,2
飞鸟_青穗,2
诗歌_自由,2
化作_诗歌,2
了解_真相,2
花小娟_化作,2
一部_精彩,2
遍野_花小娟,2
孩子_天真,2
开头_墙上,2
芳芳_开出,2
喜欢_作者,2
四个_四张,2
自我_救赎,2
现实_无奈,2
烟火_主题,2
这是_一种,2
苦难_展现,2
相机_场景,2
串联_起来,2
恐怖_jump,2
中式_传统,2
赵小娟_或许,2
烟火_三伏,2
枯井_瞬间,2
瞬间_整片,2
中国_人才,2
交错_复杂,2
似乎_恐惧,2
恐惧_璀璨,2
年代_中国,2
奉献_青春,2
帮助_困住,2
魂归_灿烂,2
期待_影视,2
天空_已经,2
导致_这场,2
陈老师_交换,2
群山_埋入,2
恐怖_刺激,2
大山_最后,2
禁锢_大山,2
递进_解密,2
这片_禁锢,2
走出_这片,2
迷信_主题,2
能够_摆脱,2
最终_走出,2
喜欢_那种,2
医生_最终,2
愿叶_医生,2
意难平_愿叶,2
灵魂_指引,2
满满的_意难平,2
结尾_满满的,2
小镇_结尾,2
发现_恐怖,2
禁锢_封建,2
三个_自由,2
星河_三个,2
这种_仪式,2
灿烂_星河,2
面对_内心,2
冲破_牢笼,2
结束_之后,2
明明_逃出去,2
结局_明明,2
死者_交流,2
基本_不用,2
希望_找到,2
灵魂_希望,2
绳子_回头,2
繁星_烟火,2
画面_来讲,2
恐怖_色彩,2
春风化雨_星落,2
人性_主题,2
芳芳_毒药,2
大概_陈老师,2
烟火_这部,2
浑身_鸡皮疙瘩,2
山中_小镇,2
发生_偏远,2
完结_感言,2
总体_基调,2
救赎_救赎,2
最后_明白,2
觉醒_来后,2
放弃_追逐,2
充满_遗憾,2
打动_人心,2
代入_进去,2
谜题_玩法,2
结局_陈老师,2
玩法_设计,2
困住_陈老师,2
怀旧_水彩画,2
部分_很难,2
小说_爱好者,2
警官_父亲,2
绝对_值得,2
值得_一试,2
人物形象_塑造,2
火力_不足,2
设计_最后,2
个性化_特征,2
拐卖_小镇,2
小时候_拐卖,2
身份_特征,2
一部分_是因为,2
甜蜜_一刻,2
相当_不错,2
抽丝剥茧_层层,2
不错_载体,2
线性_流程,2
恐怖_现实,2
恐怖_带来,2
完成_卧底,2
中国_制作,2
绳子_老师,2
演出_带来,2
剧透_内容,2
星辰_化为,2
无疑_优秀,2
承受_苦难,2
缺少_雕琢,2
人物_配音,2
值得_推荐,2
整个_流程,2
不用_思考,2
天空_自由,2
人口_买卖,2
女儿_芳芳,2
芳芳_妈妈,2
游戏性_方面,2
妈妈_烦恼,2
思想_心灵,2
探索_模式,2
地方_继续,2
恐怖_来源于,2
超自然_力量,2
可怜_孩子,2
推荐_一下,2
已经_死去,2
突然_出现,2
支持_作者,2
作者_大大,2
整个_抨击,2
剧本_设计,2
昏迷_醒来,2
像是_电影,2
人性_恐怖,2
男主角_看见,2
进入_世界,2
温馨_治愈,2
温情_最后,2
这种_载体,2
不高_解密,2
文化_内核,2
必然_悲剧,2
变得_扑朔迷离,2
because_of,2
美好_能够,2
认为_这是,2
赵小娟_罪名,2
传统_思想,2
串联_一起,2
温柔_善良,2
重新_回到,2
赵小娟_老鼠药,2
老鼠药_毒死,2
感受_不到,2
妻子_桂兰,2
虚幻_真实,2
好好_好好,2
根本_鬼神,2
中期_已经,2
文化_带来,2
阴森_氛围,2
有点_惊悚,2
不错_有点,2
糟粕_文化,2
by_the,2
场景_音乐,2
罪孽_折骨,2
折骨_吸髓,2
田家_大宅,2
送别_一曲,2
浩瀚_星空,2
视角_切入,2
安利_试试,2
鸡皮疙瘩_起来,2
根本_停不下来,2
最后_感动,2
参与_盗墓,2
最后_喜欢,2
真相_变得,2
烟火_葬礼,2
意难平_角色,2
气来_灰烬,2
偏远_小镇,2
淡淡的_悲伤,2
市里_上学,2
文化_水平,2
死后_世界,2
冷清_烟火,2
如林_理洵,2
个人_理解,2
线路_来看,2
高层_利益,2
东西_丰富,2
无声_控诉,2
结尾_感人,2
改变_田家,2
田家_经济,2
送别_这首,2
感受_作者,2
逐渐_变得,2
玩完_解谜,2
死后_田家,2
芳芳_家人,2
原因_烟火,2
绝望_深渊,2
令人_唏嘘,2
结局_令人,2
变得_幸福,2
悲伤_漩涡,2
导致_游玩,2
镇上_支教,2
留在_镇上,2
主题_封建迷信,2
案子_真相,2
水面_案子,2
慢慢_浮出,2
过往_慢慢,2
受害者_过往,2
深入_受害者,2
河灯_烟花,2
可爱_女儿,2
争取_女儿,2
灭门案_调查,2
调查_灭门案,2
封建迷信_可取,2
感受_封建迷信,2
展现_淋漓尽致,2
实录_纸人,2
哈哈哈_哈哈哈,2
鬼力_乱神,2
教书_大概,2
叶敬山_身上,2
形象_过于,2
烟火_生命,2
伏笔_线索,2
希望_优秀,2
存在_价值,2
盗墓_支教,2
人物_赵小娟,2
纸人_之后,2
内心_拷问,2
民俗_元素,2
教芳芳_折纸,2
画风_不错,2
惨案_真相,2
繁星_犹如,2
闪闪_繁星,2
天空_闪闪,2
仰望_天空,2
电影_值得,2
中式_悬疑,2
合理_谜题,2
the_more,2
标签_恐怖,2
不再_赘述,2
今天_镇上,2
真相_浮出,2
确实_恐怖,2
孩子_孩子,2
不要_解释,2
真相_途中,2
儿媳_安眠药,2
there_is,2
悲剧_田家,2
酿成_悲剧,2
封建迷信_小镇,2
老师_鼓励,2
一封_辞职信,2
横板_解谜,2
场景_设计,2
电影_不错,2
成为_一只,2
恐怖_感人,2
不怎么_喜欢,2
犹如_烟火,2
烟火_自井中,2
自井中_出方能,2
离开_人世,2
喜欢_恐怖,2
电影_喜欢,2
部分_难度,2
像是_一场,2
存在_痕迹,2
贩卖_山村,2
谋划_自杀,2
虚拟_现实,2
主要_恐怖,2
那段_看出,2
塑造_每个,2
十分_值得,2
始终_无法,2
照亮_前方,2
出方能_见到,2
完全_称得上,2
一部_沉浸,2
上吊_自尽,2
名字_二字,2
不能_名字,2
沉浸_电影,2
绚烂_尸体,2
无比_绚烂,2
绽放_无比,2
好似_烟火,2
漫天_好似,2
繁星_漫天,2
见到_繁星,2
喜欢_里面,2
拐卖_大山,2
孙女_田芳芳,2
那段_演出,2
塑造_气氛,2
人心_鬼神,2
正常_恐怖,2
乡村_孩子,2
拒绝_封建迷信,2
第一次_这种,2
感人_最后,2
恐怖_更能,2
难得_恐怖,2
解密_环节,2
操作_解密,2
but_the,2
画面_音乐,2
解密_基本,2
调查_田家,2
天天_见到,2
佳作_建议,2
春风_细雨,2
吓人_场景,2
恐怖_推荐,2
最大_亮点,2
第十五_地狱,2
迷信_最后,2
需要_烟火,2
迷信_标语,2
恐怖_吸引,2
恶疾_缠身,2
属于_中国,2
名字_烟火,2
大概_小时,2
痛失_爱子,2
已经_过去,2
当成_恐怖,2
if_it,2
as_if,2
喜欢_一部,2
游玩_不错,2
留白_结局,2
大山_山里,2
跳脸_恐怖,2
恐怖_中国式,2
恐怖_好评,2
山里_贪婪,2
不错_玩法,2
文字_冒险游戏,2
选择_帮助,2
试试_恐怖,2
算是_一种,2
这种_表现形式,2
采取_这种,2
打折_入手,2
一部_值得,2
离开_清潭,2
种种_线索,2
假装_丈夫,2
无法_接受,2
想要_帮助,2
烟火_主要,2
深深_无力,2
洗刷_赵小娟,2
实在_不能,2
交换_秘密,2
寻找_自我,2
花瓶_姑娘,2
加入_玩法,2
熄灭_赵小娟,2
烟火_登场,2
害怕_地点,2
大蠊_老师,2
喜欢_送别,2
特别_喜欢,2
地点_进去,2
女性_家庭,2
报社_主编,2
进去_沉默,2
惨案_发生,2
一下_变得,2
身份_调查,2
阴间_配乐,2
程度_中流,2
老师_已经,2
保佑_后代,2
小娟_放弃,2
关亡_招魂,2
深刻_主题,2
注定_死者,2
感人_神作,2
佳作_烟火,2
梦想_希望,2
章节_恐怖,2
一杯_浊酒,2
看过_实况,2
and_it,2
零落_一杯,2
陈老师_概率,2
三伏_回来,2
成为_灭门,2
一部_伟大,2
回来_烟火,2
别离_长亭,2
一生_几乎,2
方式_展现,2
深刻_印象,2
恐怖_封建迷信,2
解密_成分,2
姑娘_不再,2
永远_不能,2
恐怖_jumpscare,2
之后_一款,2
风格_特色,2
成为_自由,2
小时_烟火,2
不能_公示,2
束缚_梦想,2
最后_每个,2
玩完_感触,2
回到_身边,2
田氏_祖辈,2
芳芳_希望,2
更为_广阔,2
林理洵_对话,2
花圈_棺材,2
一起_或许,2
一位_老师,2
小说_电影,2
这座_灰烬,2
真相_林理洵,2
看出_作者,2
地方_理应,2
后续_发展,2
给予_地方,2
船票_最终,2
一张_电影票,2
已经_结束,2
发生_医生,2
田何_二人,2
获得_田家,2
甘愿_牺牲,2
剥削_给予,2
工作室_一部,2
基本上_每个,2
相互_剥削,2
现实_妥协,2
元素_烘托,2
只能_相互,2
平凡_伟大,2
丑恶_封建迷信,2
希望_只能,2
感动_恐怖,2
理应_越来越少,2
真正_希望,2
那种_恐怖,2
想到_现在,2
要素_过多,2
现在_恐怖,2
剥夺_状态,2
讲故事_人物,2
能够_接受,2
状态_利用,2
悬疑_解密,2
看见_前面,2
所谓_中式,2
这口_枯井,2
主角_警察,2
加入_队伍,2
腐烂_土地,2
结局_开放式,2
天马行空_想象力,2
思念_儿子,2
可惜_愿望,2
氛围_恐怖,2
演出_很棒,2
推荐_感兴趣,2
叶敬山_陈青穗,2
决定_抛弃,2
成为_支教,2
自由_美好,2
看不到_真相,2
一段_人生,2
一张_大头贴,2
一名_支教,2
我能_感受,2
田家_老两口,2
看着_芳芳,2
救赎_中式,2
互相_救赎,2
希望_林理洵,2
十分_友好,2
替死_伸冤,2
本土_文化,2
被困_井口,2
国人_懂得,2
懂得_国人,2
芳芳_未来,2
向上_攀去,2
恐怖_rpg,2
解密_解密,2
赵小娟_回家,2
可惜_人物,2
警察_陈老师,2
陈老师_失踪,2
一棵树_摇动,2
忍受_公婆,2
最后_变成,2
令人_叹惋,2
陷入_迷茫,2
解谜_像是,2
永远_喜欢,2
决定_留在,2
幸福_药撒进,2
烟火_认为,2
思考_能力,2
孩子_妈妈,2
难度_不大,2
烟火_人生,2
无声_胜有声,2
出去_医生,2
陈老师_回来,2
种种_悲剧,2
设计_巧妙,2
难度_场景,2
陈青穗_渐渐,2
操作_难度,2
后面_情节,2
文物_盗窃案,2
两个_小时,2
悲剧_一场,2
或许_已经,2
事情_发生,2
推动_发展,2
期待_一部,2
李叔同_千古,2
叶敬山_选择,2
诡异_氛围,2
悲剧_办法,2
摇动_一棵树,2
荣誉_光环,2
芳芳_小娟,2
父亲_光芒,2
陈老师_死去,2
节奏_掌握,2
国产_神作,2
最后_应该,2
一部_黑森,2
生活_灰暗,2
一棵_柳树,2
欢聚_别离,2
一场_烟火,2
比较_推荐,2
最终_化为,2
天空_最终,2
广阔_天空,2
盗墓_罪犯,2
the_carrier,2
恐怖_表皮,2
carrier_of,2
悲剧_根源,2
game_it,2
直播_烟火,2
it_is,2
意义_正在,2
丧葬_习俗,2
以后_能够,2
迷信_人心,2
能够_成为,2
逃离_这片,2
很多年_以前,2
相关_物品,2
一棵树_一朵,2
不错_画风,2
一朵_推动,2
总体_不错,2
血腥_暴力,2
中有_一段,2
情况_稍微,2
自由_烟火,2
父亲_灵车,2
柳树_存在,2
不能_下去,2
找到_老师,2
firework_烟火,2
认知_能力,2
推动_一朵,2
一朵_灵魂,2
线性_基本,2
田家_长辈,2
带给_感受,2
每次_陈老师,2
三伏_三伏,2
最后_属于,2
美术_效果,2
迷信_希望,2
神婆_装神弄鬼,2
充满_迷信,2
母爱_伟大,2
大部分_秘密,2
十年_依稀,2
昨天_两年,2
很难_代入,2
信息_大部分,2
很棒_期待,2
已经_留在,2
交换_信息,2
交谈_交换,2
干着_盗墓,2
终于_医生,2
逐渐_深入,2
只能_记得,2
芳芳_离开,2
盗墓_迷信,2
清晨_已经,2
社会_家庭,2
或许_真正,2
相信_老师,2
说谎_或许,2
消失_孩子,2
彻底_消失,2
叶敬山_困住,2
能够_让玩家,2
依稀_只能,2
公公_干着,2
倒映_漫天,2
不错_喜欢,2
久久_不能,2
儿媳_毒药,2
程度_接受,2
一下_恐怖,2
特别_恐怖,2
苦涩_苦涩,2
天空_这是,2
举个_例子,2
之前_一直,2
惨剧_发生,2
没什么_难度,2
医生_陈小娟,2
每一处_细节,2
陈老师_好像,2
大头贴_陈老师,2
不合时宜_大头贴,2
拿出_不合时宜,2
影楼_拿出,2
这是_一沟,2
星空_林理洵,2
天真无邪_芳芳,2
大山_困住,2
记得_影楼,2
秘密_就此,2
陈老师_说谎,2
经济_生活,2
变成_车站,2
医生_相信,2
死亡_想要,2
最后_死亡,2
贩卖_文物,2
土方_最后,2
相信_土方,2
迷信_想要,2
教师_陈老师,2
卧底_教师,2
还会_继续,2
想要_害死,2
玩完_以后,2
有病_医生,2
想要_儿子,2
儿子_有病,2
儿媳_儿子,2
愿意_害死,2
受伤害_愿意,2
远远_超过,2
希望_妈妈,2
孙女_受伤害,2
不想_孙女,2
婆婆_不想,2
害死_婆婆,2
夫妇_儿子,2
拿到_账本,2
儿子_回来,2
遗体_葬礼,2
找到_先上去,2
回过_井水,2
星海_回过,2
投林星_秋水,2
飞鸟_投林星,2
苦难_价值,2
绚烂_星海,2
未留下_终于,2
遍野_孩子,2
希望_小娟,2
一把_绚烂,2
悲剧_令人,2
害死_全家,2
回来_却是,2
幸福_害死,2
尸体_未留下,2
出现_纯粹,2
想要_全家,2
吞噬_尸体,2
公布_部分,2
谎言_芳芳,2
儿媳_谎言,2
神婆_儿媳,2
陈老师_吞噬,2
却是_神婆,2
就此_变成,2
一曲_送别,2
接受_程度,2
确实_结合,2
模糊_身份,2
葬礼_纸人,2
医生_最后,2
剥夺_生命,2
孩子_付出,2
辽阔_星空,2
叙事_流畅,2
撑起_整个,2
希望_剥夺,2
有人_执着,2
封建迷信_人口,2
good_game,2
早点_回家吧,2
下来_封建迷信,2
个人_恐怖,2
需要_希望,2
选中_笑脸,2
笑脸_不用,2
生命_需要,2
放下_绳子,2
不用_罚抄,2
重复_生命,2
罚抄_笑脸,2
笑脸_别抄,2
生命_变得,2
最终_没能,2
想要_做出,2
春风化雨_润物无声,2
老师_孩子,2
悲剧_悲剧,2
服用_安眠药,2
地方_陈老师,2
幼年_拐卖,2
总体_来讲,2
地方_充满,2
王金财_棺材,2
不再_开口,2
厉害_叙事,2
不能_理解,2
逃出_清潭,2
结局_真相,2
脆弱_地方,2
出奇_脆弱,2
有人_枯井,2
开口_告诉,2
强烈_认同,2
告诉_去向,2
老师_实况,2
去向_告诉,2
告诉_前奏,2
变得_出奇,2
诡异_阴森,2
别抄_早点,2
毒药_害死,2
愚昧_山村,2
有限_一遍,2
最棒_国产,2
送别_我整,2
我整_破防,2
一定_今年,2
眼泪_不值钱,2
指引方向_一定,2
河在_井底,2
久久_不能平静,2
背后_真相,2
地方_千万,2
突然_一下,2
中国_中国,2
服从_父母,2
does_not,2
只能_有限,2
玩完_心情,2
井底_找到,2
山村_悲剧,2
不再_活在,2
完全_流程,2
音乐_画面,2
回忆_那段,2
同志_最后,2
回家吧_陈老师,2
台词_设计,2
一名_真正,2
车站_回音,2
回音_愚昧,2
最后_全是,2
记者_调查,2
送别_收尾,2
童声版_送别,2
结尾_童声版,2
阴影_成为,2
前奏_河在,2
烟火_这种,2
交织_一起,2
契合_氛围,2
本土_题材,2
题材_恐怖,2
力有_超越,1
田宇_魂魄,1
渴望_张扬,1
见到_力有,1
值得_称道,1
身上_重新,1
所说_情感,1
比起_上文,1
回到_赵小娟,1
魂魄_回到,1
密谋_赵小娟,1
超越_生活,1
生活_逻辑,1
称道_比起,1
逻辑_表现,1
身边_密谋,1
情感_张力,1
表现_渴望,1
上文_所说,1
一场虚惊_心知肚明,1
走向_十分,1
亲历_见证,1
旁观者_局外人,1
现象_却是,1
引入_观者,1
却是_人物,1
真实_旁观者,1
灵异_引入,1
情感_真实,1
一种_情感,1
忘掉_变得,1
变得_开开心心,1
开开心心_单纯,1
发生_婆婆,1
外化_一种,1
人物_心灵,1
心灵_力量,1
单纯_芳芳,1
锅里_悲剧,1
炖鱼_锅里,1
老鼠药_炖鱼,1
力量_外化,1
芳芳_老鼠药,1
观者_亲历,1
局外人_面前,1
毒死_女儿,1
婆婆_完药,1
乐于_见到,1
逻辑_真实,1
正因如此_乐于,1
烦恼_药人,1
心知肚明_正因如此,1
失去_精神支柱,1
药人_以后,1
一看_失去,1
回家_一看,1
完药_赵小娟,1
假戏真做_一场虚惊,1
以后_睡一觉,1
睡一觉_第二天,1
第二天_烦恼,1
烦恼_忘掉,1
归根结底_假戏真做,1
真实_灵异,1
虚虚实实_归根结底,1
真真假假_虚虚实实,1
面前_真真假假,1
见证_走向,1
张扬_压抑,1
警察_一同,1
张力_不足为外人道,1
纸人_遗照,1
没想到_这笔,1
盗墓_没想到,1
旁边_神像,1
情节_超越,1
超越_单纯,1
单纯_自然,1
神像_黑板,1
自然_元素,1
元素_成为,1
一种_表现手法,1
黑板_小孩,1
表现手法_不再,1
小孩_头像,1
早年间_摸金,1
头像_种种,1
种种_诡异,1
不得已_早年间,1
萎缩_不得已,1
日渐_萎缩,1
金库_日渐,1
诡异_景象,1
遗照_旁边,1
变幻_情节,1
家中_金库,1
周围_纸人,1
出生_一直,1
之中_死者,1
封建思想_人性,1
人性_扭曲,1
扭曲_渲染,1
渲染_中式,1
氛围_灵堂,1
灵堂_门口,1
田宇_出生,1
价码_田宇,1
门口_花圈,1
标注_价码,1
死者_显灵,1
命运_标注,1
已经_命运,1
债务_已经,1
显灵_时空,1
阴间_债务,1
这笔_阴间,1
时空_变幻,1
棺材_周围,1
景象_类似,1
不再_服务,1
器皿_希望,1
田宇谋_一份,1
宿命_轮回,1
轮回_因果报应,1
情感_具象,1
具象_这才,1
因果报应_国人,1
儿子_田宇谋,1
打肿脸充胖子_儿子,1
只能_打肿脸充胖子,1
田向荣_只能,1
虚荣_田向荣,1
一点_虚荣,1
承认_一点,1
外人_承认,1
愿意_外人,1
衰败_愿意,1
田家_衰败,1
恐惧_田家,1
深处_恐惧,1
思想_深处,1
根植_思想,1
国人_根植,1
属性_宿命,1
一份_工作,1
类似_鲁迅,1
依附_属性,1
眼看_家中,1
鲁迅_先生,1
先生_笔下,1
笔下_血馒头,1
血馒头_带有,1
人力物力_眼看,1
服务_塑造,1
不少_人力物力,1
带有_强烈,1
强烈_文化,1
耗费_不少,1
文化_依附,1
打点_耗费,1
更是_打点,1
塑造_神秘,1
神秘_惊悚,1
惊悚_气氛,1
工作_更是,1
气氛_成为,1
成为_角色,1
角色_内心,1
起伏跌宕_之中,1
汇入_起伏跌宕,1
注重_封建思想,1
神婆_不惜,1
做法_神婆,1
请神_做法,1
神婆_请神,1
当中_从刚,1
田宇_田向荣,1
人之口_和盘托出,1
从刚_恐怖,1
迫害_见到,1
封建思想_迫害,1
生生_不可,1
不可_死死,1
死死_不可,1
不可_复生,1
第三_人之口,1
复生_非情,1
非情_中之情,1
比起_第三,1
角度_比起,1
策略_角度,1
叙事_策略,1
中之情_何必,1
和盘托出_灵异,1
死死_生生,1
早已_汇入,1
生者_死死,1
魂魄_器皿,1
情感_希望,1
恐怖_麻雀,1
麻雀_佳作,1
烟火_发生,1
发生_世纪,1
现实生活_逻辑,1
希望_实现,1
实现_剧中人,1
世纪_之初,1
之初_偏远,1
剧中人_未了,1
未了_心愿,1
偏远_村庄,1
充当_儿子,1
心愿_汤显祖,1
汤显祖_所言,1
村庄_当中,1
赵小娟_充当,1
不惜_儿媳,1
所言_生者,1
自然_叙事,1
之中_自然,1
文化_之中,1
变成_现实,1
订下_蛋糕,1
蛋糕_失踪,1
肢解_jump,1
人世_田宇子,1
scare_恐怖,1
烟火_中则,1
失踪_老师,1
老师_警察,1
一同_见证,1
见证_案件,1
哮喘_离开,1
真相_对此,1
对此_荒诞不经,1
荒诞不经_心中,1
一场_哮喘,1
心中_波澜,1
后来_一场,1
波澜_早已,1
中则_注重,1
体弱多病_后来,1
一直_体弱多病,1
生日_订下,1
女儿_生日,1
暴力_肢解,1
赵小娟_人世间,1
何必_非真,1
扎根_文化,1
魔幻现实主义_扎根,1
无奈_叹息,1
非真_天下,1
饱受_封建思想,1
叹息_不同于,1
天下_岂少,1
人世间_饱受,1
受罚_赵小娟,1
田宇子_承父,1
岂少_死去,1
不同于_国外,1
国外_血腥,1
地狱_受罚,1
东方_魔幻现实主义,1
债磔刑_地狱,1
死去_母亲,1
承父_债磔刑,1
这才_东方,1
肉身_栖居,1
璀璨_明月,1
指向_现实生活,1
走出_阴霾,1
陈老师_讣告,1
剩下_陈老师,1
公告栏_剩下,1
一刀_公告栏,1
狠狠_一刀,1
大头贴_狠狠,1
结尾_一张,1
不见_结尾,1
回首_陈老师,1
阴霾_回首,1
越来越近_走出,1
一颗颗_放入,1
枯井_星空,1
警官_枯井,1
悲剧_警官,1
一起_酿成,1
交错_一起,1
巧合_交错,1
无奈_巧合,1
愤怒_无奈,1
心中_愤怒,1
锅里_心中,1
山外山_抽出,1
抽出_甜蜜,1
一刻_蚌埠,1
蚌埠_一路,1
实属_近几年,1
烟火_实属,1
局促_星罗棋布,1
指着_局促,1
含笑_指着,1
眉眼_含笑,1
陈青穗_眉眼,1
不见_陈青穗,1
倏而_不见,1
群山_倏而,1
灰烬_群山,1
眼前_灰烬,1
小娟_眼前,1
身后_小娟,1
奔跑_身后,1
公园_奔跑,1
市里_公园,1
青潭芳芳_市里,1
离开_青潭芳芳,1
轮渡_离开,1
医生_轮渡,1
放入_锅里,1
毒药_一颗颗,1
注定_无数,1
人致_烟火,1
后面_发展,1
想要_后面,1
提示_想要,1
细节_提示,1
有着_细节,1
前期_有着,1
刚刚_前期,1
强烈推荐_刚刚,1
算是_像是,1
不能_算是,1
牺牲_人致,1
精彩_最后,1
默默无闻_牺牲,1
忘记_默默无闻,1
路途_不要,1
光明_路途,1
行走_光明,1
而成_行走,1
铺垫_而成,1
牺牲_铺垫,1
之人_牺牲,1
无名_之人,1
发展_不难,1
不难_欺骗,1
欺骗_结局,1
结局_发展,1
闪亮_精彩,1
未来_闪亮,1
已经_芳芳,1
小星星_仿佛,1
亮晶晶_小星星,1
一颗颗_亮晶晶,1
变成_一颗颗,1
文字_变成,1
一个个_文字,1
东南西北_一个个,1
教芳芳_东南西北,1
有剧_陈老师,1
难平_以下,1
剩下_有意,1
破灭_剩下,1
一丝_希望,1
心中_一丝,1
结局_心中,1
面对_结局,1
亲眼_面对,1
发展_亲眼,1
近几年_难得,1
恐怖_国产,1
之光_叙事,1
仍会_灾难,1
中国_人民,1
更是_中国,1
人类_更是,1
怀有_人类,1
心中_怀有,1
这是_心中,1
怀中_这是,1
孩子_怀中,1
拼命_孩子,1
灾难_拼命,1
火炬_仍会,1
叙事_升华,1
手中_火炬,1
陈老师_手中,1
接过_陈老师,1
义无反顾_接过,1
仍会_义无反顾,1
悲剧_仍会,1
变得_烟火,1
努力_变得,1
也许_努力,1
很小_也许,1
人民_生命,1
生命_中善,1
中善_珍惜,1
珍惜_最后,1
单纯_紧张,1
揭秘_恐怖,1
普通_揭秘,1
艺术作品_普通,1
深度_艺术作品,1
一款_深度,1
一生_长度,1
延续_一生,1
一定_延续,1
想必_一定,1
小时_想必,1
珍贵_几个,1
小时_珍贵,1
带给_几个,1
谢谢你们_带给,1
工作室_谢谢你们,1
大大_拾英,1
蟑螂_大大,1
一波_月光,1
必须_一波,1
最后_必须,1
力量_很小,1
抗争_力量,1
也许_抗争,1
时代_流行,1
也许_现在,1
一种_也许,1
伤感_一种,1
一种_伤感,1
使命感_一种,1
一种_使命感,1
情怀_一种,1
一种_情怀,1
需求_一种,1
恐怖_需求,1
回应_恐怖,1
拥有_回应,1
烟火_拥有,1
范畴_烟火,1
恐怖_范畴,1
局限于_恐怖,1
不再_局限于,1
意义_不再,1
这款_意义,1
营造_这款,1
升华_人物,1
现在_时代,1
流行_文化,1
地方_也许,1
文化_不怎么,1
这种_地方,1
山城_这种,1
宝贵_山城,1
温情_宝贵,1
苦难_温情,1
明白_苦难,1
苦难_明白,1
经历_经历,1
抗争_经历,1
更是_抗争,1
存在_更是,1
曾经_存在,1
风气_曾经,1
是因为_风气,1
做好_是因为,1
国人_做好,1
题材_国人,1
认为_题材,1
温情_认为,1
出现_温情,1
不怎么_出现,1
无数_无名,1
道路_注定,1
问题_封建迷信,1
过多_时间,1
享受_抽丝剥茧,1
当中_享受,1
沉浸_当中,1
更好_沉浸,1
能够_更好,1
让玩家_能够,1
画面_让玩家,1
突如其来_恐怖,1
线索_突如其来,1
时间_寻找,1
耗费_过多,1
情节_推进,1
需要_耗费,1
烟火_需要,1
吓人_烟火,1
场景_吓人,1
出现_场景,1
鬼怪_突然,1
线索_鬼怪,1
恐怖_线索,1
比较_正常,1
吸引_比较,1
抽丝剥茧_逐渐,1
逐渐_探明,1
探明_案情,1
好好_陈老师,1
烟火_夜中,1
夜空_烟火,1
针叶林_夜空,1
里压_针叶林,1
庭园_里压,1
眼睛_庭园,1
交谈_眼睛,1
停止_交谈,1
心照不宣_停止,1
海军军官_心照不宣,1
明子_海军军官,1
躁动_明子,1
一阵_躁动,1
掀起_一阵,1
起风_掀起,1
人群_起风,1
露台_人群,1
聚在_露台,1
猜猜看_聚在,1
好像_猜猜看,1
人吃人_全他,1
推进_吸引,1
案情_情节,1
追求_光明,1
包围_最终,1
双方_招来,1
最终_双方,1
理解_最终,1
偏执_个人,1
警醒_偏执,1
应该_警醒,1
陷阱_应该,1
甜蜜_陷阱,1
掉入_甜蜜,1
最终_掉入,1
身陷_包围,1
硬核_案情,1
束缚_身陷,1
强加_束缚,1
名义_强加,1
冠以_名义,1
身边_冠以,1
想想_身边,1
仔细_想想,1
细思极_仔细,1
配乐_细思极,1
氛围_配乐,1
招来_灾祸,1
简单_猜出来,1
猜出来_长亭,1
古道_一首,1
靠着_硬核,1
烟火_靠着,1
很强_后来,1
交互性_很强,1
自主性_交互性,1
恐怖_自主性,1
立体_恐怖,1
三维_立体,1
之前_三维,1
画面_之前,1
失望_画面,1
动画_一点,1
二维_动画,1
烟火_二维,1
推荐_入手,1
网上_推荐,1
之后_网上,1
玩过_实录,1
遗憾_可惜,1
外拉进_遗憾,1
送别_外拉进,1
夜中_四方,1
四方_转瞬,1
转瞬_消弭,1
揭开_笼罩,1
敬佩_是否,1
真相_值得,1
一位_追求,1
地方_一位,1
苦难_地方,1
所说_昏暗,1
林理洵_所说,1
封建迷信_林理洵,1
心中_封建迷信,1
笼罩_心中,1
力量_揭开,1
消弭_不知,1
叶敬山_力量,1
重蹈覆辙_医生,1
不想_重蹈覆辙,1
陈青穗_不想,1
记者_陈青穗,1
老师_记者,1
郑明_老师,1
林理洵_郑明,1
众位_警察,1
真相_众位,1
存在_依旧,1
依旧_其活,1
其活_心中,1
心中_精神,1
众人_追求,1
作者_众人,1
感悟到_作者,1
让玩家_感悟到,1
作者_让玩家,1
正名_作者,1
申冤_正名,1
遗忘_申冤,1
世人_遗忘,1
误解_世人,1
世人_误解,1
冤屈_世人,1
正名_冤屈,1
迫害_正名,1
黑暗_迫害,1
解救_黑暗,1
枷锁_解救,1
束缚_枷锁,1
利刃_束缚,1
成为_利刃,1
精神_成为,1
理解_追求,1
带来_理解,1
心中_带来,1
仇人_理智,1
亲人_变为,1
可怕_亲人,1
封建迷信_可怕,1
见证_封建迷信,1
小时_见证,1
别梦寒_四个,1
润物无声_一壶,1
芥川_龙之介,1
舞会_芥川,1
烟火_舞会,1
好比_人生,1
事儿_好比,1
烟火_事儿,1
悲从中来_烟火,1
不禁_悲从中来,1
令人_不禁,1
简直_令人,1
烟火_简直,1
那束_烟火,1
明子_那束,1
不知_明子,1
变为_仇人,1
理智_变为,1
人物_心中,1
变为_癫狂,1
一个个_人物,1
恐怖_一个个,1
荒唐_恐怖,1
封建迷信_荒唐,1
认识_封建迷信,1
众人_认识,1
人物_众人,1
栩栩如生_人物,1
一个个_栩栩如生,1
悲剧_一个个,1
荒唐_悲剧,1
眼中_荒唐,1
外人_眼中,1
手法_外人,1
力量_作者,1
蛊惑人心_力量,1
具有_蛊惑人心,1
封建迷信_具有,1
印证_封建迷信,1
无一_印证,1
癫狂_无一,1
紧张_反映,1
拐卖儿童_盗卖,1
主题_指向,1
浮雕_质感,1
黄泉_漫漫,1
留白_黄泉,1
几乎_留白,1
血腥_烟火,1
目的_血腥,1
降低_目的,1
庄严_氛围,1
压抑_庄严,1
营造_压抑,1
质感_营造,1
黑色_浮雕,1
表现力_烟火,1
近似_黑色,1
采用_近似,1
还愿_采用,1
难分伯仲_还愿,1
处理_难分伯仲,1
二者_处理,1
过程_二者,1
这一_过程,1
招魂_这一,1
有过之而无不及_招魂,1
漫漫_仅凭,1
仅凭_扁舟,1
扁舟_一叶,1
一叶_不见,1
地狱_尤其,1
灶台_地狱,1
小舟_灶台,1
变成_小舟,1
纸钱_变成,1
尽显_纸钱,1
优势_尽显,1
作画_优势,1
平面_作画,1
烟火_平面,1
场上_烟火,1
无所适从_场上,1
茫然_无所适从,1
游魂_茫然,1
化为_游魂,1
观者_化为,1
其所穷_观者,1
不知_其所穷,1
愈往_不知,1
其崖_愈往,1
不见_其崖,1
烟火_有过之而无不及,1
紧凑_画面,1
相似之处_游玩,1
中心_选在,1
展现_过往,1
时所_展现,1
发生_时所,1
灵异_发生,1
连接_灵异,1
房门_连接,1
套间_房门,1
生活_套间,1
一家人_生活,1
选在_一家人,1
演出_中心,1
三一律_紧凑,1
还愿_演出,1
烟火_还愿,1
诸君_结构,1
以备_诸君,1
写出_以备,1
姑妄_写出,1
现在_姑妄,1
比较_现在,1
暗暗_比较,1
心中_暗暗,1
过往_场景,1
场景_不同,1
不同_时空,1
时空_经验,1
一种_三一律,1
之内_一种,1
一天_之内,1
发生_一天,1
昏倒_发生,1
两次_昏倒,1
警察_两次,1
短暂_叙事,1
较为_短暂,1
纳入_较为,1
时间_纳入,1
心理_时间,1
经历_心理,1
死者_经历,1
警察_死者,1
很长_时间,1
跨度_很长,1
舞台_跨度,1
同一个_舞台,1
并置_同一个,1
经验_并置,1
尤其_咽下,1
咽下_鱼肉,1
鱼肉_化作,1
构成_世界,1
文学_虚构,1
现实主义_文学,1
真实_现实主义,1
客观_真实,1
强调_客观,1
概念_强调,1
现实主义_概念,1
研究_现实主义,1
文学_研究,1
世界_文学,1
形式_构成,1
化作_铡刀,1
象征_形式,1
幻想_象征,1
制作_幻想,1
艺术_制作,1
美学_艺术,1
拙劣_美学,1
极为_拙劣,1
理论_极为,1
现实主义_理论,1
所说_现实主义,1
虚构_构建,1
构建_大厦,1
大厦_这一,1
这一_基本矛盾,1
张力_反对,1
二作_张力,1
恰恰_二作,1
相反_恰恰,1
并非如此_相反,1
否定_并非如此,1
形成_否定,1
是否_形成,1
迷信_是否,1
之事_迷信,1
鬼神_之事,1
打破_鬼神,1
旨在_打破,1
进程_旨在,1
推动_进程,1
现象_推动,1
种种_灵异,1
两部_种种,1
体现_两部,1
同样_体现,1
基本矛盾_同样,1
韦勒克_所说,1
问题_韦勒克,1
随之而来_问题,1
反对_骑士,1
骑士_形象,1
唐吉诃德_骑士,1
恰如_唐吉诃德,1
高明_恰如,1
二者_高明,1
批判_二者,1
迷信_批判,1
指向_愚昧,1
最终_指向,1
惨剧_最终,1
人财两空_惨剧,1
家长_人财两空,1
如命_家长,1
爱子_如命,1
大同小异_爱子,1
二者_大同小异,1
主题_二者,1
惊艳_主题,1
完全_惊艳,1
一幕_完全,1
铡刀_一幕,1
形象_反对,1
骑士_小说,1
人心_随之而来,1
小说_东方,1
叵测_人心,1
照见_叵测,1
最后_照见,1
明镜_最后,1
鬼神_明镜,1
可鉴_鬼神,1
虚妄_可鉴,1
揭露_虚妄,1
造势_揭露,1
一系列_造势,1
招魂_一系列,1
叫魂_招魂,1
报应_叫魂,1
信以为真_报应,1
观者_信以为真,1
目的_观者,1
鬼神_目的,1
处处_鬼神,1
自然_处处,1
恐怖_自然,1
东方_题材,1
游玩_心中,1
忽视_相似之处,1
烟火_意外,1
降低_真正,1
更是_一次,1
单纯_更是,1
不失为_单纯,1
完善_不失为,1
也许_完善,1
发现_也许,1
进入_发现,1
心来_进入,1
潜下_心来,1
真正_潜下,1
好感_降低,1
不感兴趣_很大,1
平面_好感,1
一会_平面,1
下玩过_一会,1
陪同_下玩过,1
室友_陪同,1
系列_室友,1
生化危机_系列,1
小不太敢_生化危机,1
胆子_小不太敢,1
是因为_胆子,1
一次_心灵,1
心灵_旅程,1
旅程_思考,1
思考_生活,1
发现_封建迷信,1
人玩到_最后,1
害死_人玩到,1
大腿_封建迷信,1
全程_大腿,1
展开_全程,1
徐徐_展开,1
递进_徐徐,1
下推_层层,1
继续_下推,1
房间_继续,1
几个_房间,1
多试_几个,1
稍微_多试,1
迷路_情况,1
偶有_迷路,1
顺畅_偶有,1
过程_顺畅,1
流程_过程,1
思考_人生,1
生活_思考,1
程度_是因为,1
恐怖_不感兴趣,1
无法_忽视,1
不错_解密,1
速度_慢走,1
走路_速度,1
人物_走路,1
探索_人物,1
设计_探索,1
不太好_设计,1
横版_不太好,1
追逐战_横版,1
难度_追逐战,1
基本_毫无,1
理顺_不错,1
过来_之前,1
慢慢_理顺,1
中后期_慢慢,1
混乱_中后期,1
有点_混乱,1
转换_有点,1
语音_开头,1
人物_语音,1
很棒_可惜,1
风格_演出,1
意外_美术,1
慢走_不了,1
不了_两步,1
两步_前面,1
前面_不能,1
推荐_过来,1
兴趣_朋友,1
太大_兴趣,1
之前_太大,1
反转_意犹未尽,1
递进_反转,1
放心大胆_层层,1
小伙伴_放心大胆,1
不想_小伙伴,1
恐怖_不想,1
伤感_恐怖,1
总体_推荐,1
不错_总体,1
清晰_游玩,1
主旨_清晰,1
表达_主旨,1
感人_表达,1
地方_感人,1
加速_地方,1
shift_加速,1
不能_shift,1
封建迷信_旧社会,1
旧社会_遗害,1
遗害_今日,1
不要_犹豫,1
时间_春节,1
玩游戏_时间,1
少有_玩游戏,1
毕业_少有,1
颜色_烟火,1
烟火_颜色,1
视频_再来,1
了解_视频,1
不要_了解,1
犹豫_冲冲,1
推理_不要,1
今日_依然,1
灵异_悬疑,1
带点_灵异,1
喜欢_带点,1
氛围_喜欢,1
细思极_氛围,1
有种_细思极,1
一直_有种,1
画面_一直,1
六小时_特别,1
不止_六小时,1
春节_名正言顺,1
名正言顺_忙里偷闲,1
忙里偷闲_大年初一,1
大年初一_烟火,1
二者_存在,1
素质_二者,1
实在_素质,1
不快_实在,1
要来_不快,1
行径_要来,1
出品_行径,1
忘却_出品,1
还愿_忘却,1
提起_还愿,1
深夜_提起,1
还愿_深夜,1
几年_还愿,1
回到_几年,1
仿佛_回到,1
烟火_仿佛,1
下午_烟火,1
窗帘_下午,1
我拉上_窗帘,1
声里_我拉上,1
烟火_声里,1
远远_不止,1
震撼_远远,1
带来_震撼,1
之处_用心,1
制作者_细节,1
独立_制作者,1
国内_独立,1
通了关_国内,1
一口气_通了关,1
不了_上当,1
吃亏_不了,1
不了_吃亏,1
国产_不了,1
数一数二_国产,1
近年来_数一数二,1
明月_昭昭,1
烟火_璀璨,1
清风徐来_悲伤,1
世间_清风徐来,1
脊梁_世间,1
生活_脊梁,1
蚕食_生活,1
蠹虫_蚕食,1
像是_蠹虫,1
依然_像是,1
细节_之处,1
用心_东西,1
时长_带来,1
东西_是国,1
六小时_时长,1
两遍_六小时,1
反复_两遍,1
稍微_反复,1
篇幅_稍微,1
入手_篇幅,1
大概_入手,1
没话_大概,1
呜呜_眼泪,1
爆满_呜呜,1
弧线_爆满,1
成长_弧线,1
完成度_主角,1
复线_完成度,1
强主_复线,1
代入_强主,1
拉满_解密,1
满满的_感动,1
感触_满满的,1
人才_感触,1
是国_人才,1
精神支柱_最终,1
墓碑_哭泣,1
最终_家中,1
现在_评测,1
水面_回想,1
田家_真相,1
推进_田家,1
标语_推进,1
仅仅_宣传,1
迷信_仅仅,1
出现_科学,1
墙上_出现,1
细节_墙上,1
剧本_细节,1
神作_剧本,1
巅峰_神作,1
我愿称_烟火,1
评测_我愿称,1
队伍_活着,1
出现_标语,1
毕竟_加入,1
办案_毕竟,1
警官_办案,1
陪林_警官,1
活着_陪林,1
方式_活着,1
一种_方式,1
会以_一种,1
陈老师_会以,1
告诉_陈老师,1
心中_合格,1
合适_心中,1
价钱_合适,1
舒服_价钱,1
回想_出现,1
标语_反讽,1
难受_玩得,1
下来_暗示,1
下毒_成为,1
安眠药_下毒,1
赵小娟_安眠药,1
儿子_赵小娟,1
最后_复活,1
看待_最后,1
外人_看待,1
始终_外人,1
公婆_始终,1
尊重_公婆,1
田家_尊重,1
付出_获得,1
田家_付出,1
暗示_田家,1
拿出_下来,1
反讽_效果,1
画布_拿出,1
影楼_画布,1
赵小娟_影楼,1
深刻_赵小娟,1
一段_印象,1
影楼_一段,1
关闭_影楼,1
之后_关闭,1
田家_之后,1
嫁入_田家,1
赵小娟_嫁入,1
拉满_赵小娟,1
立刻_拉满,1
效果_立刻,1
玩得_舒服,1
一丝_难受,1
田家_发生,1
名字_昭示,1
敬山_小时候,1
终于_敬山,1
进山_终于,1
始于_进山,1
叶敬山_始于,1
写成_叶敬山,1
相反_写成,1
常人_相反,1
死人_常人,1
真理_死人,1
寻找_真理,1
依然_寻找,1
结局_依然,1
昭示_结局,1
易燃物_名字,1
进山_最终,1
名字_易燃物,1
陈青穗_名字,1
人林_叶敬山,1
自我_人林,1
燃烧_自我,1
四个_燃烧,1
希望_四个,1
人心_希望,1
封建_迷信,1
流程_封建,1
来得_重要,1
这比_来得,1
东西_这比,1
传递_东西,1
拐卖_进山,1
最终_敬畏,1
小时_一丝,1
名字_便是,1
两三个_小时,1
中流_两三个,1
难度_中流,1
中流_难度,1
音效_中流,1
中流_音效,1
中流_恐怖,1
中流_中流,1
精致_程度,1
成青穗_清水,1
清水_成青穗,1
写照_清水,1
人生_写照,1
便是_人生,1
死去_名字,1
敬畏_大山,1
之中_死去,1
清水_之中,1
沉入_清水,1
最终_沉入,1
青穗_最终,1
山区_青穗,1
成就_山区,1
清水_成就,1
角色_清水,1
痛心_角色,1
最让人_痛心,1
陈青穗_最让人,1
迈出_陈青穗,1
大山_迈出,1
成为_田家,1
发生_直接,1
家中_上吊,1
之恶_鬼神,1
适度_恐怖,1
可爱_适度,1
有点_可爱,1
个人_完全,1
明灯_引善魂,1
烟火_明灯,1
世人_烟火,1
是非_世人,1
陌路_曲直,1
井上_陌路,1
星河_井上,1
共叹_星河,1
井下_共叹,1
鬼神_井下,1
人心_之恶,1
复杂_解谜,1
悲剧_人心,1
无心_悲剧,1
孩童_无心,1
骇人_孩童,1
惨案_骇人,1
冤魂_田氏,1
立志_冤魂,1
林生_立志,1
这种_风格,1
推出_这种,1
继续_推出,1
工作室_继续,1
希望_工作室,1
人怕_最后,1
元素_复杂,1
解谜_成为,1
知道_中国,1
平淡_悲伤,1
悬疑_带给,1
为辅_悬疑,1
解谜_为辅,1
为主_解谜,1
叙事_为主,1
背景_叙事,1
山村_背景,1
中国_偏远,1
几年_中国,1
基调_几年,1
恐怖_基调,1
一款_中式,1
人心_这是,1
无奈_温柔,1
流畅地_平淡,1
成为_阅读,1
整体_流畅地,1
大宅_整体,1
部分_田家,1
拖沓_部分,1
比较_拖沓,1
感到_比较,1
中途_感到,1
深刻_中途,1
演出_印象,1
诗意_演出,1
想象力_诗意,1
部分_想象力,1
调味剂_部分,1
阅读_调味剂,1
中国_人怕,1
人才_知道,1
原因_主角,1
主角_调查,1
路上_找到,1
成长_路上,1
警察_成长,1
一名_新人,1
真相_一名,1
还原_案件,1
尽力_还原,1
报告_尽力,1
下毒_报告,1
真正_下毒,1
赵小娟_真正,1
嫌犯_赵小娟,1
认定_嫌犯,1
发现_认定,1
走向_主角,1
真正_自我,1
案件_走向,1
整个_案件,1
预测_整个,1
似乎_预测,1
这句_似乎,1
神婆_这句,1
警察_神婆,1
申冤_警察,1
死者_申冤,1
喜欢_注定,1
人设_喜欢,1
警察_人设,1
通灵_警察,1
林理洵_通灵,1
找到_真正,1
自我_不再,1
绝绝子_中国,1
陈老师_林理洵,1
氛围_绝绝子,1
挥之不去_氛围,1
心头_挥之不去,1
阴森_心头,1
那种_诡异,1
血腥_那种,1
极度_血腥,1
突脸_极度,1
无脑_突脸,1
到位_无脑,1
拿捏_到位,1
气氛_拿捏,1
破防_恐怖,1
林理洵_同志,1
老师_喜欢,1
荣誉_阴影,1
真正_老师,1
留下来_一名,1
孩子_留下来,1
愿意_孩子,1
青潭镇_愿意,1
潜入_青潭镇,1
老师_潜入,1
假扮_一名,1
一案_假扮,1
盗墓_一案,1
陈老师_记者,1
意难平_永远,1
死者_警察,1
真正_死者,1
表达_传递,1
制作_想要,1
我能_制作,1
希望_加入,1
名字_枷锁,1
埋葬_名字,1
烟火_埋葬,1
那场_烟火,1
最后_那场,1
xx_最后,1
深刻_xx,1
忘记_印象,1
告别_忘记,1
仪式_告别,1
烟火_仪式,1
增加_代入,1
更好_增加,1
加入_配音,1
第二部_希望,1
中国_世纪,1
开发_第二部,1
有意_开发,1
作者_有意,1
血亏_作者,1
便宜_血亏,1
国产_便宜,1
绝杀_优秀,1
已经_绝杀,1
后期_已经,1
可到_后期,1
平平_可到,1
前期_平平,1
韭菜_出货,1
手游_韭菜,1
空中_中国,1
世纪_背景,1
tm_lj,1
社会_人心,1
逃避现实_或许,1
真相_逃避现实,1
自由_追求,1
愚昧_向往,1
身上_封建,1
人物_身上,1
体现_烟火,1
近乎_体现,1
冲突_近乎,1
显著_冲突,1
愈发_显著,1
影响_愈发,1
命运_影响,1
人心_命运,1
小型_社会,1
背景_闭塞,1
前提_小型,1
闭塞_前提,1
地理_闭塞,1
心灵_地理,1
震慑_心灵,1
讲得_震慑,1
巧合_讲得,1
无情_巧合,1
现实_无情,1
碰撞_现实,1
人性_碰撞,1
内外_人性,1
家庭_内外,1
小镇_家庭,1
lj_手游,1
突兀_tm,1
意义_我能,1
过程_突然,1
想法_可行,1
密室_想法,1
提一嘴_密室,1
联想_提一嘴,1
触发_联想,1
机关_触发,1
指引_机关,1
灯光_指引,1
看着_灯光,1
主要_看着,1
密室_主要,1
沉浸_密室,1
想到_沉浸,1
突然_想到,1
记忆_游玩,1
联想_一下,1
接受_记忆,1
尊重_接受,1
圆满_尊重,1
诸多_圆满,1
世间_诸多,1
画蛇添足_世间,1
内容_画蛇添足,1
删改_内容,1
增添_删改,1
解决办法_增添,1
思索_解决办法,1
避免_思索,1
些许_这是,1
黯淡_些许,1
可行_联想,1
一下_沉浸,1
丰富_突兀,1
方向键_公司,1
bgm_丰富,1
割裂_bgm,1
产生_割裂,1
顺畅_产生,1
极度_顺畅,1
游玩_极度,1
简单_导致,1
要素_简单,1
明确_解谜,1
指引_明确,1
官方_指引,1
难受_官方,1
手柄_难受,1
公司_手柄,1
笔记本_方向键,1
沉浸_烟火,1
操作性_笔记本,1
立绘_操作性,1
手艺_立绘,1
易懂_手艺,1
问题_易懂,1
涵盖_问题,1
精彩_涵盖,1
绝对_精彩,1
说得上_绝对,1
小时_说得上,1
仅个_小时,1
时长_仅个,1
游玩_时长,1
烟火_游玩,1
烟火_真正,1
真正_惊悚,1
来源于_情节,1
准确_传达,1
气到_知道,1
真相_气到,1
最后_真相,1
婆婆_最后,1
田家_公公,1
反感_田家,1
真实_反感,1
立体_真实,1
形象_立体,1
语句_人物,1
触动_语句,1
产生_触动,1
出让_产生,1
传达_出让,1
措辞_准确,1
鬼和林_sir,1
深奥_措辞,1
华丽_深奥,1
看起来_华丽,1
配音_看起来,1
台词_配音,1
厉害_台词,1
文案_厉害,1
停下来_文案,1
需要_停下来,1
一半_需要,1
承受不住_一半,1
可怕_承受不住,1
实在_可怕,1
气氛_实在,1
是不是_鬼和林,1
sir_一伙,1
情节_四颗星,1
之后_内心,1
感情_意义,1
深度_感情,1
思想_深度,1
整个_思想,1
满分_整个,1
氛围_满分,1
满分_氛围,1
掏空_满分,1
整个_掏空,1
不能忘怀_整个,1
久久_不能忘怀,1
失落_久久,1
感到_失落,1
内心_感到,1
停不下来_之后,1
一伙_整个,1
直接_根本,1
一鼓作气_直接,1
独立_一鼓作气,1
国人_浪漫,1
谢谢_陈老师,1
一口气_谢谢,1
会松_一口气,1
陈老师_会松,1
一到_地方,1
每次_一到,1
吓人_每次,1
真人_吓人,1
想象_真人,1
难度_想象,1
是因为_气氛,1
一半_是因为,1
一次_一半,1
来不及_bgm,1
真是_大泪目,1
飞鸟_真是,1
星星_飞鸟,1
设计_星星,1
那段_设计,1
对芳芳_那段,1
陈老师_对芳芳,1
中间_陈老师,1
一遍_中间,1
声音_一遍,1
会开_声音,1
一定_会开,1
恐怖_一定,1
bgm_恐怖,1
已经_来不及,1
暂停_一次,1
想开_已经,1
送别_想开,1
bgm_结尾,1
关掉_bgm,1
害怕_关掉,1
中间_害怕,1
得以_离开,1
最后_得以,1
小镇_最后,1
封闭_小镇,1
被困_封闭,1
四个_被困,1
船票_四个,1
四颗星_四张,1
大泪目_感谢,1
制作者_谢谢你们,1
很棒_解迷,1
解迷_白痴,1
五分钟_暂停,1
大概_五分钟,1
小时_大概,1
快个_小时,1
总共_快个,1
断断续续_总共,1
很长_断断续续,1
层层_山峦,1
明示_层层,1
不可_明示,1
封建思想_不可,1
缺少_封建思想,1
难以_缺少,1
恐怖_难以,1
事件_所谓,1
女性_事件,1
一位_女性,1
锁住_一位,1
铁链_锁住,1
孩子_铁链,1
发生_八个,1
近期_发生,1
结合_近期,1
活着_结合,1
可怕_活着,1
可怕_可怕,1
值回_票价,1
友好_值回,1
白痴_友好,1
感受_远远,1
超过_预期,1
预期_一次,1
以前_玩过,1
进行_一次,1
推荐_进行,1
同事_推荐,1
主要_同事,1
购买_烟火,1
刺激_购买,1
特效_感官,1
画面_特效,1
追求_画面,1
更加_追求,1
平时_更加,1
感官_平时,1
文字游戏_感官,1
玩过_文字游戏,1
享受_以前,1
尝试_烟火,1
心来_享受,1
不下_心来,1
浮躁_不下,1
太过_浮躁,1
是因为_太过,1
也许_是因为,1
文字_也许,1
喜欢_文字,1
向来_不怎么,1
说实话_向来,1
人间_说实话,1
春风化雨_人间,1
惨剧_春风化雨,1
人心_惨剧,1
一次_尝试,1
一种_全新,1
置于_儿童,1
解读_东西,1
工作_不错,1
这份_工作,1
银行职员_这份,1
一名_银行职员,1
清潭_一名,1
田向荣_清潭,1
家破人亡_田向荣,1
缠身_家破人亡,1
轻则_恶疾,1
归还_轻则,1
及时_归还,1
死人债_及时,1
欠下_死人债,1
东西_欠下,1
详细_解读,1
全新_祝贺,1
进行_详细,1
大致_进行,1
对话_大致,1
回忆_对话,1
反复_回忆,1
主题_反复,1
直入_主题,1
越做越_直入,1
国产_能够,1
影视_希望,1
进行_影视,1
即将_进行,1
烟火_即将,1
祝贺_烟火,1
儿童_不到,1
危险品_置于,1
叙事_最佳,1
值得_一下,1
免于_悲剧,1
哀之鉴_免于,1
悲哀_哀之鉴,1
几个_悲哀,1
悲剧_几个,1
挣扎_地方,1
有人_痛苦,1
深渊_有人,1
上次_跪下,1
上次_上次,1
应该_错过,1
绝对_应该,1
安静下来_绝对,1
烟火_安静下来,1
国产_值得,1
里面_讨论,1
喜不喜欢_国产,1
个人_喜不喜欢,1
一瞬间_个人,1
破防_一瞬间,1
陈老师_大头贴,1
惊喜_结局,1
可圈可点_惊喜,1
渲染_可圈可点,1
灯光_氛围,1
音乐_灯光,1
反转_音乐,1
情节_反转,1
走向_情节,1
无论是_走向,1
之光_里面,1
讨论_社会,1
能力_危险品,1
紧凑_叙事,1
成熟_认知,1
具备_成熟,1
未成年人_具备,1
期待_工作室,1
不足_期待,1
略显_不足,1
参与感_略显,1
导致_参与感,1
充分_导致,1
引导_充分,1
简单_引导,1
设计_简单,1
安排_合理,1
叙事_安排,1
把握_紧凑,1
问题_人口,1
节奏_把握,1
意义_节奏,1
主旨_意义,1
选题_主旨,1
不错_选题,1
内心_有人,1
坚守_内心,1
有人_坚守,1
问题_有人,1
面对_问题,1
盗窃_面对,1
文物_盗窃,1
儿童_文物,1
山村_儿童,1
不错_满足,1
满足_赚钱,1
赚钱_利用,1
盗墓_生意,1
刨空_田向荣,1
渐渐_刨空,1
习惯_渐渐,1
消费_习惯,1
养成_消费,1
时所_养成,1
盗墓_时所,1
积习难改_盗墓,1
金盆洗手_积习难改,1
已经_金盆洗手,1
之上_已经,1
家底_之上,1
积攒_家底,1
生意_积攒,1
前些年_盗墓,1
家底_田向荣,1
建立_前些年,1
兴旺_建立,1
田家_兴旺,1
虚荣_田家,1
意识_虚荣,1
田向荣_意识,1
两只_田向荣,1
风头_两只,1
镇上_风头,1
田家_镇上,1
一时间_田家,1
田芳芳_一时间,1
诞下_可爱,1
田家_诞下,1
田向荣_家底,1
田向荣_尝试,1
利用_银行,1
情况_田向荣,1
超市_家里,1
公话_超市,1
经营_公话,1
回音_经营,1
不少_回音,1
打点_不少,1
工作_打点,1
起色_儿子,1
依旧_起色,1
尝试_依旧,1
诸多_尝试,1
状况_诸多,1
经济_状况,1
田向荣_改变,1
经济_情况,1
尝试_家里,1
能够_改变,1
习惯_希望,1
彩票_习惯,1
养成_彩票,1
超市_养成,1
改为_超市,1
一层_改为,1
家里_一层,1
工作_家里,1
托人_儿子,1
收入_托人,1
评当_收入,1
增添_评当,1
家里_增添,1
婚房_田家,1
奢华_婚房,1
最为_奢华,1
斗田向_荣则,1
闲言碎语_指责,1
不少_闲言碎语,1
镇上_不少,1
大户人家_镇上,1
镇上_大户人家,1
成为_清潭,1
财产_成为,1
积累_财产,1
盗墓_积累,1
田向荣_盗墓,1
转卖_田向荣,1
赃物_转卖,1
负责_赃物,1
荣则_负责,1
下墓_斗田向,1
全镇_最为,1
负责_下墓,1
王金财_负责,1
活动_王金财,1
盗墓_活动,1
进行_盗墓,1
王金财_进行,1
清潭_王金财,1
伙同_清潭,1
资源_伙同,1
社会_资源,1
结交_社会,1
时所_结交,1
工作_时所,1
银行_工作,1
指责_来路,1
来路_干净,1
干净_没人能,1
没人能_拿出,1
一套_全镇,1
修筑_一套,1
镇上_修筑,1
出钱_镇上,1
金盆洗手_出钱,1
时田向荣_金盆洗手,1
结婚_时田向荣,1
儿子_结婚,1
盗墓_儿子,1
不再_参与,1
金盆洗手_不再,1
结婚_金盆洗手,1
田宇_结婚,1
报应_田宇,1
遭到_报应,1
所作所为_遭到,1
田宇_所作所为,1
害怕_儿子,1
忌惮_害怕,1
有所_忌惮,1
鬼神_有所,1
依旧_鬼神,1
自里_依旧,1
不在意_自里,1
对此_不在意,1
田向荣_对此,1
证据_田向荣,1
切实_证据,1
拿出_切实,1
最佳_无论是,1
解谜_叙事,1
一次_看见,1
答案_这种,1
曾言_塑佛,1
萧梦霞_曾言,1
封建思想_萧梦霞,1
曾言_封建思想,1
鲁迅_曾言,1
名言_鲁迅,1
三句_名言,1
起来_三句,1
之后_起来,1
叫绝_结束,1
不禁_叫绝,1
手法_不禁,1
处理_手法,1
这种_处理,1
思考_答案,1
塑性_难塑骨,1
不同_思考,1
不同_不同,1
结尾_不同,1
走向_开放式,1
不同_走向,1
延展_不同,1
深层次_延展,1
情节_深层次,1
模糊_情节,1
刻意_模糊,1
下来_刻意,1
思索_下来,1
细细_思索,1
伏笔_细细,1
塑佛_塑性,1
难塑骨_知人知面不知心,1
墙上_科学,1
地方_一壶,1
快速_展开,1
前期_快速,1
游玩_前期,1
始末_游玩,1
案件_始末,1
一桩_案件,1
风情_一桩,1
乡土_风情,1
中国_乡土,1
描绘_具有,1
手法_描绘,1
超现实主义_手法,1
插叙_超现实主义,1
别梦寒_人生,1
记得_昏暗,1
知人知面不知心_霍姆斯,1
镇上_陈老师,1
埋葬_今天,1
绳子_警官,1
天空_陈老师,1
冒险_这是,1
怪谈_冒险,1
恐怖_怪谈,1
解毒剂_恐怖,1
有效_解毒剂,1
迷信_有效,1
宗教_迷信,1
科学_宗教,1
曾言_科学,1
霍姆斯_曾言,1
迷信_伏笔,1
标题_开头,1
今年_解谜,1
剧本_优秀,1
细致_挖坑,1
严谨_细致,1
伏笔_严谨,1
理解_伏笔,1
猛然_理解,1
结尾_猛然,1
手法_开放式,1
拍案叫绝_叙事,1
音乐_令人,1
氛围_音乐,1
恰到好处_氛围,1
人设_恰到好处,1
真实_人设,1
优秀_真实,1
扎实_剧本,1
填坑_浅显,1
魅力_扎实,1
全貌_魅力,1
重现_全貌,1
无法_重现,1
启思_无法,1
震撼_启思,1
无法形容_震撼,1
已经_无法形容,1
语言_已经,1
苍白_语言,1
光明_苍白,1
希望_光明,1
国产_希望,1
看见_国产,1
挖坑_填坑,1
浅显_深刻,1
看看_烟火,1
特点_碎片,1
回头_看看,1
气息_回头,1
人文_气息,1
背景_人文,1
小山村_背景,1
中国_小山村,1
刻画_年代,1
细致入微_刻画,1
地方_细致入微,1
征服_地方,1
最能_征服,1
烟火_最能,1
载体_烟火,1
特点_这种,1
交互式_特点,1
主题_不足以,1
具有_交互式,1
离不开_具有,1
绝对_离不开,1
魅力_绝对,1
烟火_魅力,1
魅力_烟火,1
艺术_魅力,1
感受_第九,1
一次_感受,1
形容_一次,1
地来_形容,1
完整_地来,1
全面_完整,1
不足以_全面,1
展开_情节,1
情节_频繁,1
频繁_新增,1
小镇_之中,1
风格_期待,1
画面_风格,1
喜欢_画面,1
回味_喜欢,1
难受_回味,1
意犹未尽_难受,1
体会_意犹未尽,1
后能_体会,1
结束_后能,1
吓人_整个,1
化作_飞鸟,1
终将_化作,1
灵魂_终将,1
之中_灵魂,1
囿于_小镇,1
比较_一口气,1
每个_囿于,1
落成_每个,1
触动_落成,1
无力_触动,1
留给_深深,1
最终_留给,1
杂糅_最终,1
交织_杂糅,1
温暖_交织,1
冰冷_温暖,1
现实_冰冷,1
展开_现实,1
核心_展开,1
凶杀案_核心,1
期待_比较,1
一口气_结束,1
新增_人名,1
不能平静_不算,1
个人_今年,1
烟火_个人,1
宣布_烟火,1
单方面_宣布,1
新颖_单方面,1
转换_新颖,1
惊悚_场景,1
略带_惊悚,1
故事情节_略带,1
解密_故事情节,1
沉浸_解密,1
流程_沉浸,1
恐怖_小时,1
不算_恐怖,1
结束_久久,1
结束_退款,1
不知不觉_整个,1
一下_不知不觉,1
试玩_一下,1
打算_试玩,1
下载_打算,1
之前_下载,1
睡觉_之前,1
晚上_睡觉,1
入手_晚上,1
吸引_入手,1
标签_吸引,1
如潮_标签,1
讲得_期待,1
细腻_讲得,1
小镇_凶杀案,1
一桩_小镇,1
盗墓_一桩,1
已经_淡忘,1
角色_特点,1
突出_角色,1
对话_突出,1
简练_对话,1
总是_简练,1
饱满_总是,1
气氛_人物,1
渲染_气氛,1
恰到好处_渲染,1
朴实无华_恰到好处,1
游戏音乐_朴实无华,1
回味无穷_游戏音乐,1
情节_回味无穷,1
淡忘_情节,1
唤起_已经,1
迷信_盗墓,1
时不时_唤起,1
始末_时不时,1
贯穿_始末,1
元素_贯穿,1
柳树_元素,1
迷信_柳树,1
客服_科学,1
地被_客服,1
逐渐_地被,1
推进_逐渐,1
困难_推进,1
措手不及_困难,1
表现_措手不及,1
人名_表现,1
特点_台词,1
台词_富有诗意,1
富有诗意_意象,1
意象_抒发,1
亲情_迷信,1
要素_亲情,1
涵盖_要素,1
世界_涵盖,1
恐惧_世界,1
压抑_恐惧,1
勾勒_压抑,1
渲染_勾勒,1
气氛_渲染,1
叙事_气氛,1
依靠_叙事,1
scare_依靠,1
所谓_jump,1
过多_所谓,1
恐怖_过多,1
恰如其分_一款,1
融合_恰如其分,1
元素_融合,1
中式_本土,1
模式_中式,1
横版_探索,1
全线_横版,1
小时_全线,1
设计_用心良苦,1
对话_设计,1
作者_对话,1
情感_作者,1
人物_情感,1
抒发_人物,1
其余部分_黯淡,1
闪光点_其余部分,1
相应_闪光点,1
画面_程式设计,1
一份_合格,1
真挚_一份,1
刻骨铭心_真挚,1
带给_刻骨铭心,1
转换_带给,1
巧妙_场景,1
手法_巧妙,1
挑战_优秀,1
缺乏_挑战,1
部分_缺乏,1
欠缺_解谜,1
互动_欠缺,1
玩法_互动,1
程式设计_玩法,1
顶级_画面,1
配音_相信,1
小说_顶级,1
倒不如说_一部,1
解谜_倒不如说,1
烂漫_烟火,1
鲜花_烂漫,1
地方_鲜花,1
走过_地方,1
累累_走过,1
白骨_累累,1
地方_白骨,1
应该_八个,1
赵小娟_应该,1
真实_赵小娟,1
地方_真实,1
合格_配音,1
相信_更加,1
谈起_有人,1
不寒而栗_方面,1
体会_真挚,1
起来_体会,1
丰满_起来,1
变得_丰满,1
人物形象_变得,1
文字_人物形象,1
深度_简单,1
角色_深度,1
赋予_每个,1
深入人心_赋予,1
显得_深入人心,1
叙事_显得,1
不足_叙事,1
方面_不足,1
举动_不寒而栗,1
更加_深入人心,1
封建迷信_举动,1
体会_田家,1
难以_体会,1
华人_难以,1
共识_华人,1
文化_共识,1
发凉_文化,1
微微_发凉,1
背脊_微微,1
渲染_背脊,1
内敛_民俗,1
可圈可点_内敛,1
营造_可圈可点,1
深入人心_烟火,1
有人_想念,1
不曾_谈起,1
打动_最终,1
牢笼_所困,1
正义_善良,1
本作_正义,1
光辉_本作,1
闪耀着_人性,1
身上_闪耀着,1
陈青穗_身上,1
广阔天地_人生,1
有着_广阔天地,1
美好未来_有着,1
更加_美好未来,1
困住_更加,1
见到_头顶,1
只能_见到,1
所困_一辈子,1
无形_牢笼,1
代表_人物,1
孩子_有形,1
眼前_可爱,1
不愿_眼前,1
陈青穗_儿时,1
对话_陈青穗,1
当中_林理洵,1
记忆_当中,1
消失_记忆,1
渐渐_消失,1
信封_陈青穗,1
水泡_信封,1
可惜_水泡,1
老师_可惜,1
镇上_一名,1
善良_代表,1
人物_结尾处,1
送别_不曾,1
眼前_星河,1
明天_或许,1
过去_明天,1
明天_过去,1
长大_明天,1
已经_长大,1
花儿_已经,1
道别_花儿,1
润物无声_道别,1
送别_润物无声,1
镜花水月_或许,1
却是_镜花水月,1
后首_却是,1
漫天_后首,1
星河_漫天,1
上来_眼前,1
结尾处_陈青穗,1
先上去_上来,1
零落_一瓢,1
指引方向_长亭,1
遐想_绽放,1
神秘_遐想,1
一层_神秘,1
命运_一层,1
船票_陈青穗,1
赵小娟_船票,1
讣告_赵小娟,1
村口_讣告,1
不论是_村口,1
结局_不论是,1
命运_开放性,1
真挚_感情,1
感情_节奏,1
节奏_沉浸,1
工作室_合作方,1
小时_很长,1
虎年_大吉,1
工作室_虎年,1
新年_作者,1
农历_新年,1
初心_农历,1
水准_初心,1
超越_水准,1
保持_超越,1
能够_保持,1
广大_希望,1
呈现_广大,1
能够_呈现,1
合作方_能够,1
希望_感谢,1
很长_是因为,1
做到_最后,1
方式_做到,1
走路_方式,1
仅仅_走路,1
做到_仅仅,1
东西_烟火,1
内心_留下,1
起伏_内心,1
流淌_起伏,1
情感_流淌,1
产生_情感,1
胜过_产生,1
表现力_胜过,1
风格_表现力,1
很长_很长,1
是因为_带来,1
沉浸_批评,1
妈妈_流着泪,1
消除_惩罚,1
折纸_消除,1
为芳芳_折纸,1
求神_为芳芳,1
拜佛_求神,1
疯狂_拜佛,1
近似_疯狂,1
工作_近似,1
尽全力_儿子,1
白裙_尽全力,1
好看_白裙,1
女儿_好看,1
一次_女儿,1
流着泪_一次,1
最后_妈妈,1
感触_阿飘,1
惊魂_最后,1
黑发_惊魂,1
从刚_黑发,1
主题_从刚,1
整个_主题,1
爱是_贯穿,1
成就感_爱是,1
抽丝剥茧_成就感,1
带来_抽丝剥茧,1
时间_带来,1
催命_时间,1
鲜血_催命,1
战斗_鲜血,1
阿飘_战斗,1
具有_风格,1
取胜_具有,1
场景_取胜,1
每个_心里,1
夜晚_高歌,1
朦胧_夜晚,1
点缀着_朦胧,1
群星_点缀着,1
温暖_群星,1
欢喜_温暖,1
铭心_欢喜,1
寄托_铭心,1
刻骨_寄托,1
令人_刻骨,1
悲伤_令人,1
也许_悲伤,1
想法_也许,1
心里_想法,1
留白_每个,1
阴暗_场景,1
发人深省_人物,1
主题_发人深省,1
揭露_主题,1
结尾_揭露,1
张力_结尾,1
表达_张力,1
感受_表达,1
决疣_感受,1
排斥_决疣,1
对外_排斥,1
流言蜚语_对外,1
封建迷信_流言蜚语,1
究竟_封建迷信,1
批评_究竟,1
高歌_飞鸟,1
飞鸟_留存,1
留存_美好,1
美好_人间,1
jumpscare_阴暗,1
出好_恐怖,1
印证_出好,1
胜过_再次,1
已经_胜过,1
赞美_已经,1
一番滋味_赞美,1
别有_一番滋味,1
游玩_别有,1
大年夜_游玩,1
题材_大年夜,1
游玩_题材,1
整个_游玩,1
完成_整个,1
大年初一_完成,1
除夕_大年初一,1
农历_除夕,1
沉浸_农历,1
玩过_沉浸,1
好久_玩过,1
评价_好久,1
写下_评价,1
必须_写下,1
今天_必须,1
从未_长眠,1
哭泣_从未,1
scare_方式,1
不要_墓碑,1
人间_不要,1
最终_决定,1
真诚_打动,1
赞扬_芳芳,1
一只_飞鸟,1
方式_逃离,1
上吊_这种,1
大山_最终,1
土地_大山,1
难逃_这片,1
终究_难逃,1
林中鸟_终究,1
一只_林中鸟,1
知道_一只,1
土地_知道,1
力量_逃离,1
毕生_力量,1
用尽_毕生,1
飞鸟_用尽,1
渴望_成为,1
知道_乌鸦,1
棋子_渴望,1
可弃_棋子,1
可有可无_可弃,1
只不过_可有可无,1
家里_只不过,1
身影_家里,1
赵小娟_身影,1
模式_赵小娟,1
默片_模式,1
全家福_默片,1
相机_全家福,1
儿子_相机,1
毒死_天天,1
计划_赵小娟,1
逃离_知道,1
乌鸦_撞死,1
一张_外乡人,1
点名_留下来,1
比作_天上,1
喜爱_比作,1
陈老师_喜爱,1
未来_陈老师,1
心扉_芳芳,1
芳芳_心扉,1
打开_芳芳,1
玩具_打开,1
折纸_玩具,1
东西南北_折纸,1
陈老师_东西南北,1
课文_新来,1
罚抄_课文,1
留下来_罚抄,1
老师_点名,1
撞死_窗前,1
心不在焉_老师,1
总是_心不在焉,1
上课时_总是,1
芳芳_上课时,1
气氛_芳芳,1
家里_诡异,1
过世_家里,1
父亲_过世,1
田芳芳_父亲,1
命运_田芳芳,1
今后_命运,1
想到_今后,1
是否_想到,1
窗前_是否,1
外乡人_计划,1
张脸_一张,1
孩子_真诚,1
辞掉_影楼,1
想方设法_见到,1
桂兰_想方设法,1
心切_田向荣,1
思儿_心切,1
田宇_思儿,1
丈夫_田宇,1
家庭_丈夫,1
经营_家庭,1
孩子_经营,1
养育_孩子,1
专心_养育,1
田家_专心,1
后来_田家,1
工作_后来,1
建议_辞掉,1
一面_偏方,1
田宇_建议,1
听从_田宇,1
小娟_听从,1
后赵_小娟,1
关系_后赵,1
确定_关系,1
两人_确定,1
认识_两人,1
影楼_认识,1
宇是_影楼,1
和田_宇是,1
赵小娟_赵小娟,1
而亡_赵小娟,1
上吊_而亡,1
儿子_一面,1
偏方_法子,1
眼前_张脸,1
大山_赵小娟,1
只不过_眼前,1
回来_只不过,1
桂兰_儿子,1
模样_田向荣,1
附身_模样,1
爱抽_成田,1
生前_爱抽,1
抽田宇_生前,1
生前_抽田宇,1
下田_生前,1
干呕_下田,1
强忍_干呕,1
只能_强忍,1
赵小娟_只能,1
芳芳能_逃离,1
法子_进行,1
多嘴_芳芳能,1
冷漠_多嘴,1
村里人_冷漠,1
装神弄鬼_村里人,1
封建迷信_神婆,1
入睡_公婆,1
安眠药_入睡,1
只能_安眠药,1
每况愈下_只能,1
精神_每况愈下,1
赵小娟_精神,1
期间_赵小娟,1
做法_期间,1
进行_做法,1
繁星_一段,1
一段_小蝌蚪,1
妈妈_充满,1
林理洵_林理洵,1
缺阴_两界,1
命中_缺阴,1
体质_命中,1
神婆_体质,1
小时候_神婆,1
人民警察_小时候,1
长大_成为,1
下林理洵_长大,1
影响_下林理洵,1
人民警察_影响,1
因公殉职_人民警察,1
一名_因公殉职,1
父亲_一名,1
林理洵_父亲,1
逃离_林理洵,1
当中_穿梭,1
终生_逃离,1
下面_终生,1
灰烬_下面,1
大山_灰烬,1
一座座_大山,1
灰烬_一座座,1
小卖部_灰烬,1
放弃_小卖部,1
选择_放弃,1
留下来_选择,1
选择_留下来,1
离开_选择,1
火车_离开,1
目送_火车,1
两界_当中,1
穿梭_能够,1
充满_童趣,1
陈青穗本_一名,1
渐渐_孩子,1
朝夕相处_陈青穗,1
孩子_朝夕相处,1
教师_孩子,1
支教_教师,1
宣称_镇上,1
对外_宣称,1
身份_对外,1
掩盖_身份,1
记者_掩盖,1
案件_记者,1
盗墓_案件,1
清潭_调查,1
一名_清潭,1
陈青穗_陈青穗本,1
能够_听到,1
上路_陈青穗,1
重新_上路,1
光环_重新,1
抛弃_父亲,1
事件_决定,1
惨案_事件,1
愿望_田家,1
心底_愿望,1
警察_心底,1
能力_死者,1
对话_能力,1
声音_对话,1
死者_声音,1
听到_死者,1
叶敬山_目送,1
站台_叶敬山,1
骂名_站台,1
其乐融融_状态,1
清潭_本来,1
拐卖_清潭,1
不同_叶敬山,1
赵小娟_不同,1
禁山_赵小娟,1
敬山_禁山,1
叶敬山_敬山,1
不已_叶敬山,1
唏嘘_不已,1
惨剧_唏嘘,1
一出_惨剧,1
酿成_一出,1
愿望_最终,1
状态_可惜,1
回到_其乐融融,1
莫须有_骂名,1
家里_重新,1
来后_家里,1
倒入_希望,1
烦恼_倒入,1
牢记_妈妈,1
芳芳_牢记,1
懂事_芳芳,1
内心_懂事,1
无瑕_内心,1
纯洁_无瑕,1
芳芳_纯洁,1
映射_芳芳,1
叙事_映射,1
童趣_叙事,1
本来_大有可为,1
大有可为_养父母,1
养父母_欺骗,1
欺骗_留在,1
背上_莫须有,1
依旧_背上,1
赵小娟_依旧,1
没想到_赵小娟,1
但令_没想到,1
人生_但令,1
开启_一段,1
远走高飞_开启,1
清潭_远走高飞,1
叶敬山_永远,1
现场_叶敬山,1
假死_现场,1
制造_假死,1
头上_制造,1
罪名_头上,1
打算_罪名,1
医生_打算,1
药物_惨剧,1
出谋划策_药物,1
关心_出谋划策,1
格外_关心,1
赵小娟_格外,1
同病相怜_赵小娟,1
外来人_同病相怜,1
大夫_外来人,1
唯一_大夫,1
小镇_唯一,1
成为_小镇,1
镇上_成为,1
惩罚_赞扬,1
芳芳_表现,1
过时_相应,1
一款_品级,1
即可_时长,1
小时_即可,1
两三_小时,1
克制_两三,1
巧妙_克制,1
相对_巧妙,1
做到_相对,1
展望_做到,1
不切实际_展望,1
情节_不切实际,1
玩法_情节,1
本作_玩法,1
独立_本作,1
品级_独立,1
取舍_一款,1
带给_一段,1
叙事_取舍,1
游戏性_叙事,1
心灵深处_游戏性,1
源于_心灵深处,1
不足_源于,1
源于_火力,1
不再_源于,1
恐惧_不再,1
深夜_恐惧,1
诡异_深夜,1
静谧_诡异,1
出现_静谧,1
元素_出现,1
经文_元素,1
时长_带给,1
一段_起承转合,1
纸人_祭祀,1
同样_融合,1
真相_案件,1
灭门案_真相,1
恐怖_灭门案,1
接近_恐怖,1
逐渐_接近,1
深入_逐渐,1
写实_深入,1
社会_写实,1
背后_社会,1
增添_代入,1
内容_增添,1
叙事_内容,1
部分_叙事,1
融合_部分,1
内容_同样,1
起承转合_深夜,1
交互_内容,1
肯定_交互,1
值得_肯定,1
水平_值得,1
简易_水平,1
属于_简易,1
要素_属于,1
舍弃_解密,1
自然_舍弃,1
限制_自然,1
受体_限制,1
游戏性_受体,1
奇谈_游戏性,1
深夜_奇谈,1
祭祀_经文,1
悬疑_氛围,1
每次_开头,1
短小_精湛,1
鬼怪_传闻,1
塑造_鬼怪,1
良品_中式,1
错过_良品,1
差点_错过,1
聊聊_差点,1
褪去_聊聊,1
热潮_褪去,1
重拾_热潮,1
机缘巧合_重拾,1
一年_机缘巧合,1
购入_一年,1
悬疑_购入,1
精湛_恐怖,1
连天_短小,1
传统_童年阴影,1
一场_遗体,1
欺骗_这是,1
贪婪_欺骗,1
名誉_贪婪,1
迷信_名誉,1
诠释_迷信,1
害怕_诠释,1
陈青穗_不敢,1
害死_陈青穗,1
母女_封建迷信,1
田家_母女,1
改变_害死,1
会输_办法,1
结局_会输,1
传闻_传统,1
童年阴影_体现,1
塑造出_恐怖,1
存在_战斗,1
成功_塑造出,1
重心_成功,1
关注_重心,1
环境_关注,1
设定_环境,1
恰好_设定,1
互动_恰好,1
物品_互动,1
环境_物品,1
周遭_环境,1
探索_周遭,1
需要_探索,1
玩法_需要,1
战斗_玩法,1
营造_存在,1
体现_中式,1
注重_氛围,1
恐怖_注重,1
bgm_中式,1
scare_bgm,1
经典_jump,1
恐怖_经典,1
不同于_美式,1
生活_不同于,1
算是_源于,1
选材_算是,1
敬畏_选材,1
鬼神_敬畏,1
文化_鬼神,1
中式_文化,1
案件_恐怖,1
外衣_慢慢,1
慢慢_褪去,1
was_not,1
mood_art,1
story_mood,1
the_story,1
enough_the,1
hard_enough,1
think_hard,1
you_think,1
makes_you,1
still_makes,1
solve_but,1
to_solve,1
hard_to,1
crazily_hard,1
not_crazily,1
puzzle_was,1
and_so,1
the_puzzle,1
mandarin_the,1
in_mandarin,1
play_in,1
available_to,1
only_available,1
its_only,1
when_its,1
it_when,1
played_it,1
一两个_角色,1
集中_一两个,1
笔墨_集中,1
单薄_笔墨,1
art_and,1
so_is,1
褪去_随之而来,1
友好_绝对,1
永不_过时,1
文章_永不,1
这方面_文章,1
情爱_这方面,1
不得不_情爱,1
破防_不得不,1
确实_破防,1
稍微_确实,1
备着_稍微,1
女友_备着,1
未来_女友,1
收藏夹_未来,1
恐怖_收藏夹,1
绝对_安利,1
爱玩_友好,1
is_great,1
这种_爱玩,1
主要_这种,1
细腻_主要,1
相当_细腻,1
描绘_相当,1
暗喻_描绘,1
背景_暗喻,1
人物_背景,1
猜得出_人物,1
走向_猜得出,1
不剧_走向,1
others_to,1
recommend_others,1
great_recommend,1
过于_单薄,1
最后_角色,1
一下_最后,1
角落_悄悄,1
家长_孩子,1
检举_家长,1
无处_检举,1
贪腐_无处,1
官场_贪腐,1
问题_官场,1
现实_问题,1
难以解决_现实,1
沉默_难以解决,1
令人_沉默,1
差距_更是,1
城乡_差距,1
上演_城乡,1
悄悄_上演,1
不为人知_角落,1
塑造_一下,1
悲剧_不为人知,1
造成_家庭,1
怪力乱神_造成,1
封建迷信_怪力乱神,1
信息时代_封建迷信,1
进入_信息时代,1
问题_进入,1
何尝_社会,1
虚构_何尝,1
现实_虚构,1
气来_社会,1
人压_气来,1
却是_人压,1
随之而来_却是,1
家庭_默默,1
默默_牺牲,1
牺牲_生活,1
生活_琐事,1
完整_塑造,1
面面俱到_每个,1
考虑_面面俱到,1
篇幅_考虑,1
不足之处_篇幅,1
鸡皮疙瘩_不足之处,1
头皮发麻_浑身,1
那段_头皮发麻,1
入肚_那段,1
鱼肉_入肚,1
妻子_鱼肉,1
分镜_妻子,1
希冀_烟火,1
未来_希冀,1
带来_未来,1
办法_带来,1
光彩_办法,1
短暂_光彩,1
绽放_短暂,1
生命_绽放,1
赵小娟_烟火,1
会有_陈青穗,1
热爱生活_会有,1
仍然_热爱生活,1
烦恼_仍然,1
夜不能寐_烦恼,1
每天_夜不能寐,1
同样_每天,1
琐事_同样,1
开头_知道,1
似乎_每次,1
表现_只身一人,1
关键点_悲剧,1
蜷缩_泥土,1
只能_蜷缩,1
天空_只能,1
无法_飞鸟,1
悲剧_无法,1
一起_悲剧,1
组合_一起,1
悲剧_组合,1
负负得正_悲剧,1
法则_负负得正,1
运算_法则,1
数学_运算,1
内核_数学,1
悲剧_内核,1
多个_关键点,1
之下_那光,1
背景_多个,1
灰色_背景,1
蓄意谋杀_灰色,1
矛盾_蓄意谋杀,1
医患_矛盾,1
算命_医患,1
请神_算命,1
贩卖_请神,1
包含_人口,1
十小时_包含,1
不到_十小时,1
失踪_不到,1
过多_失踪,1
知晓_过多,1
泥土_之下,1
那光_无法,1
殒命_有人,1
虚假_恐怖,1
作业本_陈老师,1
呜田芳芳_作业本,1
呜呜_呜田芳芳,1
难过_呜呜,1
之后_难过,1
梦醒_记得,1
一场_梦醒,1
电影_一场,1
封建迷信_人心,1
scare_真正,1
恶心_jump,1
地方_恶心,1
黑黢黢_地方,1
恐怖_黑黢黢,1
感人_人心,1
无法_触及,1
感动_力推,1
反倒_感动,1
确实_反倒,1
凌晨_确实,1
恐怖_凌晨,1
玩完_恐怖,1
第一次_玩完,1
毫无价值_污秽,1
一摊_毫无价值,1
成为_一摊,1
结局_成为,1
腐烂_结局,1
等待_腐烂,1
地方_等待,1
有人_知晓,1
封建迷信_殒命,1
害怕_似乎,1
搭上_这趟,1
发现_星空,1
生敬山_进山,1
愿来_生敬山,1
天空_愿来,1
悲凉_尸体,1
无奈_悲凉,1
事情_无奈,1
认为_事情,1
选择_认为,1
努力_做出,1
明明_努力,1
每个_明明,1
客船_每个,1
这趟_客船,1
所有人_搭上,1
喜悦_分享,1
机会_所有人,1
噩梦_机会,1
逃离_噩梦,1
每个_逃离,1
船票_希望,1
追求_船票,1
真理_追求,1
坚持不懈_真理,1
弱不禁风_坚持不懈,1
红伞_弱不禁风,1
一把_红伞,1
调查_一把,1
涉险_调查,1
只身一人_涉险,1
星空_喜悦,1
分享_惊觉,1
有人_封建迷信,1
绽开_嘲弄,1
脍若_有人,1
斩首_脍若,1
入口_斩首,1
台上_入口,1
下齿_台上,1
事实_下齿,1
已成_事实,1
难支_已成,1
孤木_难支,1
弱小_孤木,1
无能_弱小,1
控诉_无能,1
讥讽_控诉,1
嘲弄_讥讽,1
天空_绽开,1
惊觉_身后,1
升空_烟火,1
暮色_升空,1
无踪_暮色,1
消失_无踪,1
已然_消失,1
月光_已然,1
皎洁_月光,1
繁星点点_皎洁,1
夜空_繁星点点,1
波澜不惊_夜空,1
死寂_波澜不惊,1
漆黑_死寂,1
井水_漆黑,1
身后_深不见底,1
陈老师_整个,1
整个_破防,1
涉及_轻微,1
手中_数百,1
卜告_举办,1
发布_卜告,1
镇政府_发布,1
委托_镇政府,1
工作_委托,1
重要_工作,1
证人_重要,1
保护_证人,1
之前_保护,1
结案_之前,1
大案_结案,1
绳之以法_大案,1
高层_绳之以法,1
数百_高层,1
警官_手中,1
逝者_追悼会,1
到林_警官,1
顺利_到林,1
账本_顺利,1
尸体_账本,1
找到_尸体,1
逃过一劫_找到,1
陈老师_逃过一劫,1
那天_陈老师,1
毕业_那天,1
警校_毕业,1
真实_警校,1
大头贴_真实,1
那张_大头贴,1
初恋_那张,1
举办_一场,1
结局_作者,1
剧透_挑战,1
一下_不住,1
亲自_知道,1
描述_亲自,1
没法_描述,1
文字_没法,1
东西_文字,1
口味_东西,1
换个_口味,1
玩腻_换个,1
大作_玩腻,1
试一下_大作,1
一定_试一下,1
感兴趣_一定,1
独立_感兴趣,1
不住_优秀,1
眼泪_一下,1
作者_会起,1
炸起来_眼泪,1
瞬间_炸起来,1
鸡皮疙瘩_瞬间,1
方向_鸡皮疙瘩,1
字幕_烟火,1
响起_字幕,1
炸开_片尾曲,1
烟花_炸开,1
一朵_烟花,1
突然_一朵,1
河边_突然,1
主角_河边,1
标题_主角,1
会起_烟火,1
警官_初恋,1
伤心_陈老师,1
陈老师_伤心,1
陪我玩_展开,1
加上_芳芳,1
设定_加上,1
有意思_设定,1
实在_有意思,1
转换_实在,1
时空_转换,1
时不时_时空,1
当中_时不时,1
冤案_当中,1
这起_冤案,1
描述_这起,1
沉浸于_描述,1
逐渐_沉浸于,1
展开_逐渐,1
舍友_陪我玩,1
人为_陈老师,1
选择_舍友,1
恐怖_选择,1
文化_没玩过,1
丧葬_文化,1
传统_丧葬,1
始终_中国,1
当中_贯穿,1
设计_当中,1
音效_场景,1
恐怖_音效,1
朋友_恐怖,1
身边_朋友,1
胆量_身边,1
挑战_胆量,1
芳芳_童趣,1
童趣_世界,1
世界_陈老师,1
陈老师_描述,1
看好_人为,1
来换_看好,1
代价_来换,1
长大_代价,1
东西_长大,1
两个_东西,1
拿走_两个,1
大人_拿走,1
自由_大人,1
想象_自由,1
东西_想象,1
孩子_珍贵,1
片段_孩子,1
最深_片段,1
父亲_印象,1
一名_父亲,1
两岁半_一名,1
儿子_两岁半,1
猛男_流泪,1
一遍_猛男,1
两天_一遍,1
call_两天,1
作者_call,1
设计_作者,1
眼前一亮_设计,1
彼岸_眼前一亮,1
警官_彼岸,1
星空_警官,1
描述_星空,1
方式_营造,1
游玩_前提,1
传统_jump,1
无论是_流水,1
祥和_众生,1
一片_祥和,1
歌舞升平_一片,1
看上去_歌舞升平,1
时代_看上去,1
功用_时代,1
本质_功用,1
现实_本质,1
文艺作品_反映,1
深远_文艺作品,1
意味_深远,1
带来_意味,1
制作者_带来,1
严严实实_感谢,1
干干净净_严严实实,1
一下一下_干干净净,1
石臼_一下一下,1
可能性_石臼,1
岗位_扼杀,1
温暖_岗位,1
家庭_温暖,1
妥协_家庭,1
必须_妥协,1
这是_必须,1
不要_这是,1
年龄_不要,1
无关_年龄,1
男女_无关,1
无关_男女,1
众生_磊落,1
磊落_光明,1
光明_之下,1
意味着_掩埋,1
河水_知道,1
流动_河水,1
目送_流动,1
静默_目送,1
眼睛_静默,1
一双_眼睛,1
始终_一双,1
如织_始终,1
洪流_如织,1
芸芸众生_洪流,1
之下_芸芸众生,1
烟火_之下,1
掩埋_烟火,1
不去_意味着,1
之下_低头,1
存在_不去,1
代表_存在,1
看不到_代表,1
一干二净_看不到,1
吞噬_一干二净,1
懈怠_吞噬,1
准备_懈怠,1
如影随形_准备,1
背后_如影随形,1
始终_背后,1
黑暗_始终,1
看看_黑暗,1
低头_看看,1
拼搏_无关,1
事业_拼搏,1
奋发_事业,1
原先_鲜亮,1
一个个_贴进,1
玩具_一个个,1
鲜花_玩具,1
昏黄_鲜花,1
逐渐_昏黄,1
色调_逐渐,1
支离破碎_色调,1
撕扯_支离破碎,1
家庭_撕扯,1
欢欣_家庭,1
赵小娟_欢欣,1
属于_赵小娟,1
鲜亮_属于,1
希望_原先,1
家里_自我,1
幸福_希望,1
看不到_所谓,1
之声_看不到,1
裂帛_之声,1
一声声_裂帛,1
一家_一声声,1
东西_所谓,1
影楼_东西,1
属于_影楼,1
原先_属于,1
一点点_原先,1
赵小娟_一点点,1
操控_赵小娟,1
贴进_家里,1
自我_无限,1
意气_奋发,1
百感交集_只能,1
进度_意气,1
推进_进度,1
无力_推进,1
一时间_无力,1
赵小娟_一时间,1
其间_赵小娟,1
彷徨_其间,1
影楼_彷徨,1
空荡_影楼,1
看着_空荡,1
相对_看着,1
无言_相对,1
只能_无言,1
人物_百感交集,1
无限_撕扯,1
表达_人物,1
是否_表达,1
冒出_是否,1
头上_冒出,1
人物_头上,1
空隙_人物,1
背后_空隙,1
家庭_背后,1
幸福_家庭,1
看似_幸福,1
填补_看似,1
揉碎_填补,1
撕扯_揉碎,1
知道_无论是,1
流水_时间,1
痕迹_影楼,1
时间_总有,1
明白_或许,1
走进_之后,1
怪话_走进,1
说些_怪话,1
或许_说些,1
前半段_或许,1
流程_前半段,1
可怕_流程,1
更加_可怕,1
神婆_更加,1
这款_神婆,1
远比_这款,1
毒害_远比,1
压迫_毒害,1
程度_压迫,1
可怕_程度,1
行径_可怕,1
团体_行径,1
迷信_团体,1
捣毁_迷信,1
揭露_捣毁,1
新闻_揭露,1
报纸_新闻,1
小镇_报纸,1
浓郁_小镇,1
分为_浓郁,1
封建迷信_分为,1
开放_封建迷信,1
相对_开放,1
或许_依靠,1
依靠_音效,1
音效_吓唬,1
意外_意外,1
仿佛_遗忘,1
裹脚布_仿佛,1
扔掉_裹脚布,1
必须_扔掉,1
故乡_必须,1
写道_故乡,1
乡关_写道,1
笔下_乡关,1
野夫_笔下,1
落泪_野夫,1
几欲_落泪,1
不见_几欲,1
意外_消失,1
不让_意外,1
吓唬_神鬼,1
希望_不让,1
寻觅_希望,1
沉重_寻觅,1
这份_沉重,1
人心_这份,1
扭曲_人心,1
之下_扭曲,1
毒害_之下,1
残渣_毒害,1
封建思想_残渣,1
汗毛_封建思想,1
妖狐_汗毛,1
神鬼_妖狐,1
生活_相对,1
万幸_生活,1
灵魂_万幸,1
大火_仿佛,1
原来_名字,1
早就_原来,1
名字_早就,1
也许_名字,1
呼唤_也许,1
张着_呼唤,1
游荡_张着,1
山间_游荡,1
孤魂野鬼_山间,1
模糊_孤魂野鬼,1
身影_模糊,1
亲生父母_身影,1
仿佛_亲生父母,1
熊熊燃烧_大火,1
埋葬_可惜,1
恐惧_一团,1
像是_灰烬,1
几座_像是,1
喜欢_警官,1
迷信_喜欢,1
少不了_科学,1
喜欢_少不了,1
磨灭_共勉,1
无法_磨灭,1
消逝_无法,1
无法_消逝,1
东西_无法,1
总有_东西,1
名字_明白,1
最后_一定,1
深抵_灵魂,1
指引_灯光,1
冲击_深抵,1
感触_冲击,1
乡村_带来,1
出生_乡村,1
烟火_出生,1
今晚_直播,1
难忘_推荐,1
这会_难忘,1
网上_这会,1
实在_网上,1
成分_实在,1
砖墙_解密,1
灯光_砖墙,1
明显_指引,1
一定_科学,1
不难_明显,1
悲剧_不难,1
惨案_悲剧,1
揭开_惨案,1
主角_一步步,1
沟通_主角,1
感人_死者,1
看似_恐怖,1
知道_多少倍,1
剧强_知道,1
鲜肉_剧强,1
网文_鲜肉,1
赞比辣_网文,1
影楼_操控,1
撕裂_痕迹,1
打起_祖宗,1
公务员_爸妈,1
爸妈_两人,1
主见_爸妈,1
我爸_主见,1
得益于_我爸,1
文化_得益于,1
教育_文化,1
得益于_教育,1
泥潭_得益于,1
得以_泥潭,1
我家_得以,1
三十多岁_我家,1
结婚_三十多岁,1
最后_结婚,1
无所事事_最后,1
整天_无所事事,1
邻居_整天,1
有个_邻居,1
东边_有个,1
我家_东边,1
记得_我家,1
凄惨_记得,1
十分_凄惨,1
人过_十分,1
火拼_人过,1
争抢_火拼,1
沙子_争抢,1
河滩_沙子,1
黑社会_河滩,1
进入_黑社会,1
两人_相互支持,1
相互支持_我妈,1
我妈_嫁过来,1
有滋有味_真心,1
经历_打死,1
一点_经历,1
土地_一点,1
每一寸_土地,1
世界_每一寸,1
普及_世界,1
能够_普及,1
教育_能够,1
衷心希望_教育,1
改变_衷心希望,1
带来_改变,1
教育_带来,1
真心_教育,1
大富大贵_有滋有味,1
嫁过来_两人,1
不能_大富大贵,1
现在_不能,1
家属院_现在,1
老破_家属院,1
搬出_老破,1
足够_搬出,1
后来_足够,1
本科学历_后来,1
考取_本科学历,1
一边_考取,1
教书_一边,1
一边_教书,1
两人_一边,1
有人_进入,1
艰辛_有人,1
十分_艰辛,1
地基_盖房子,1
流水线_单一,1
人员_流水线,1
闲职_人员,1
文书_闲职,1
邻居_文书,1
冲击_邻居,1
下岗_冲击,1
承受_下岗,1
谈不上_承受,1
无一不包_谈不上,1
装修_无一不包,1
电路_装修,1
盖房子_电路,1
杂活_地基,1
工种_陷入,1
技工_杂活,1
办公室_技工,1
幸运_办公室,1
下岗_幸运,1
直接_下岗,1
爷爷_直接,1
男主人_爷爷,1
当时_男主人,1
我家_当时,1
家庭_我家,1
工人_家庭,1
类似_工人,1
主意_类似,1
单一_工种,1
迷茫_孩子,1
那种_十分,1
靠着_改革开放,1
度日_那种,1
浑浑噩噩_度日,1
摆摊_浑浑噩噩,1
实际上_摆摊,1
小市民_实际上,1
平庸_小市民,1
沦为_平庸,1
人则_沦为,1
大部分_人则,1
批发店_大部分,1
文体_批发店,1
春风_文体,1
改革开放_春风,1
头脑_靠着,1
孩子_大多,1
家属院_头脑,1
虚无_家属院,1
迷茫_虚无,1
立刻_陷入,1
铁饭碗_立刻,1
一事无成_铁饭碗,1
无所事事_一事无成,1
每天_无所事事,1
铁饭碗_每天,1
凭着_铁饭碗,1
本来_凭着,1
田宇_本来,1
大多_田宇,1
打死_公务员,1
爸妈_老师,1
玄关_撕裂,1
老师_这种,1
生于_灰烬,1
也许_生于,1
医生_也许,1
无数_医生,1
赵小娟_无数,1
无数_赵小娟,1
陈老师_无数,1
火星_无数,1
get_火星,1
应该_get,1
相信_应该,1
隐喻_相信,1
火星_隐喻,1
小小_火星,1
燃烧_小小,1
或许_燃烧,1
内里_或许,1
无情_内里,1
庞大_无情,1
一片_庞大,1
灰暗_一片,1
看似_灰暗,1
石头_看似,1
脚步_石头,1
孩子_脚步,1
阻止_孩子,1
一意孤行_阻止,1
古板_一意孤行,1
观念_古板,1
灰烬_长于,1
长于_灰烬,1
灰烬_有幸,1
压得_气来,1
细节_玄关,1
深刻_细节,1
过程_印象,1
传下去_整个,1
一代_传下去,1
一代_一代,1
春风化雨_一代,1
新生_春风化雨,1
化为_新生,1
风中_化为,1
干干净净_风中,1
燃烧_干干净净,1
灰烬_燃烧,1
连成一片_压得,1
有幸_群山,1
火苗_连成一片,1
火苗_火苗,1
一簇_火苗,1
一簇_一簇,1
燃起_一簇,1
灰烬_燃起,1
尚有余_灰烬,1
想要_尚有余,1
之力_想要,1
微薄_之力,1
转过身_微薄,1
世界_转过身,1
群山_世界,1
顽固_观念,1
群山_顽固,1
层层_群山,1
充满_人情味,1
算是_夹带,1
男人_算是,1
胸怀_男人,1
事物_胸怀,1
大部分_事物,1
包容_大部分,1
独当一面_包容,1
能够_独当一面,1
独立_能够,1
成为_独立,1
专家_成为,1
计算机_专家,1
人情味_计算机,1
成为_充满,1
私货_哈哈哈哈,1
程序员_希望,1
大厂_程序员,1
准备_大厂,1
正在_准备,1
现在_正在,1
考公_现在,1
打死_考公,1
考公_打死,1
周围_考公,1
工作_周围,1
稳定_工作,1
体制_稳定,1
这种_体制,1
夹带_私货,1
久闻其名_假期,1
灰烬_层层,1
直接_密码,1
厚厚的_灰烬,1
所说_厚厚的,1
发生_最后,1
还会_发生,1
是否_还会,1
未来_是否,1
过去_未来,1
小镇_过去,1
界定_闭塞,1
很难_界定,1
巧合_很难,1
可悲_巧合,1
密码_可悲,1
记忆_直接,1
假期_入手,1
凭着_记忆,1
陌生_凭着,1
不算_陌生,1
实况_不算,1
之前_已经,1
如释重负_之前,1
一种_如释重负,1
之后_一种,1
最后_玩完,1
一个月_最后,1
断断续续_一个月,1
工作_断断续续,1
入手_工作,1
遗忘_难以,1
难以_飞得,1
飞得_人生,1
真实_讽刺,1
烟火_狭小,1
而会_鸟儿,1
腐烂_而会,1
那句_尸体,1
意象_那句,1
飞鸟_意象,1
呼应_飞鸟,1
想过_呼应,1
意象_从未,1
烟火_意象,1
里面_烟火,1
解读_喜欢,1
挽歌_过度,1
沦落人_挽歌,1
沦落人_天涯,1
悼念_天涯,1
死者_悼念,1
悲鸣_一种,1
一种_悲鸣,1
悼念_一种,1
一种_悼念,1
怀念_一种,1
一种_怀念,1
绚丽_一种,1
那种_绚丽,1
烟火_那种,1
夏日_烟火,1
漫里_夏日,1
香气_漫里,1
狭小_房间,1
房间_绽放,1
绽放_这是,1
不卡关_攻略,1
不得不_名字,1
叶敬山_不得不,1
困住_叶敬山,1
仍然_大山,1
最后_仍然,1
小镇_赵小娟,1
逃出_小镇,1
陈老师_想要,1
深山_陈老师,1
励志_孩子,1
无论是_励志,1
解密_xd,1
攻略_解密,1
遇到_不卡关,1
天空_悲哀,1
刚刚_遇到,1
解密_刚刚,1
程度_解密,1
这种_程度,1
感叹_一下,1
顺便_感叹,1
好勇_顺便,1
两次_好勇,1
全程_两次,1
选择_全程,1
好久_选择,1
纠结_好久,1
之间_纠结,1
火药_香气,1
淡淡的_火药,1
一股_淡淡的,1
具体_概念,1
两个_意象,1
飞鸟_两个,1
烟花_飞鸟,1
类别_烟花,1
划分_类别,1
一定_划分,1
类型_一定,1
不同_类型,1
划分_不同,1
恐怖_划分,1
类别_恐怖,1
一种_类别,1
概念_一种,1
忘记_具体,1
太精彩_天上,1
纪录片_忘记,1
诗意_纪录片,1
一种_诗意,1
里面_一种,1
纪录片_里面,1
恐怖_纪录片,1
普通_恐怖,1
远超_普通,1
氛围_远超,1
带来_氛围,1
风格_带来,1
意象_美术,1
方式_意象,1
意象_太精彩,1
天上_之物,1
以后_一股,1
烟花_一段,1
冲天炮_以后,1
烟花_冲天炮,1
孔放_烟花,1
立方体_孔放,1
那种_立方体,1
鞭炮_那种,1
炸响_鞭炮,1
地上_炸响,1
放炮_地上,1
扫墓_放炮,1
清明_扫墓,1
想起_清明,1
一段_想起,1
第一章_烟花,1
之物_囚禁,1
语无伦次_第一章,1
吸引_语无伦次,1
矛盾_吸引,1
解读_这种,1
是不是_过度,1
这种_知道,1
隐隐约约_这种,1
火烧_隐隐约约,1
棺材_火烧,1
感受_发现,1
最大_感受,1
地上_最大,1
囚禁_地上,1
名字_真实,1
讽刺_封建迷信,1
人生_希望,1
封建迷信_围困,1
教师_更深,1
结局_乡村,1
觉悟_结局,1
陈老师_觉悟,1
不少_陈老师,1
地方_不少,1
感人_地方,1
严谨_感人,1
比较_严谨,1
逻辑_比较,1
成精_逻辑,1
不准_成精,1
以后_不准,1
建国_以后,1
老套_建国,1
有点_老套,1
眼前一亮_有点,1
设计_眼前一亮,1
转折点_设计,1
中间_转折点,1
不到_中间,1
不错_不到,1
小游戏_氛围,1
挺棒_小游戏,1
飞鸟_空中,1
地里_飞鸟,1
腐烂_地里,1
绝不能_腐烂,1
尸体_绝不能,1
更深_体会,1
体会_结局,1
结局_八成,1
简单_恐怖,1
无可挑剔_讨论,1
全都_无可挑剔,1
主题_全都,1
节奏_主题,1
配乐_节奏,1
文本_配乐,1
交互_文本,1
演出_交互,1
很棒_演出,1
原价_那种,1
好作_原价,1
良心_好作,1
恐怖_良心,1
很棒_解密,1
八成_结语,1
外衣_感人,1
一层_恐怖,1
好玩_一层,1
有意思_猜错,1
凶手_有意思,1
线索_凶手,1
一边_线索,1
一边_一边,1
way_一边,1
the_way,1
城里_by,1
想到_城里,1
结语_想到,1
注意_尸体,1
完全_注意,1
一刷_完全,1
震撼_莫过于,1
买下来_二刷,1
再次_买下来,1
两年_再次,1
时隔_两年,1
账号_时隔,1
同学_账号,1
前用_同学,1
两年_前用,1
第一次_两年,1
第二次_第一次,1
那段_蝌蚪,1
王芳芳_那段,1
莫过于_王芳芳,1
过程_震撼,1
一次_烟火,1
生活_烟火,1
结束_生活,1
刑期_结束,1
医生_刑期,1
人叶_医生,1
成为_人叶,1
成为_成为,1
船票_成为,1
泥土_陈老师,1
牢笼_相信,1
飞出_牢笼,1
想要_飞出,1
围困_想要,1
二刷_一次,1
烟火_第一部,1
赵小娟_一刷,1
人类_第九,1
吸引_赵小娟,1
最后_吸引,1
推荐_最后,1
光辉_推荐,1
角色_光辉,1
完整_每个,1
情节_完整,1
缜密_情节,1
逻辑_缜密,1
不高_逻辑,1
揭秘_难度,1
这部_揭秘,1
艺术_这部,1
东西_人类,1
第一部_主机,1
玩物丧志_东西,1
称为_玩物丧志,1
父母_称为,1
明白_父母,1
真真正正_明白,1
涌动_真真正正,1
心头_涌动,1
完整_心头,1
记得_完整,1
今天_记得,1
剧透_今天,1
全程无_剧透,1
主机_全程无,1
很强_叙事,1
恐怖感_很强,1
攻略_恐怖感,1
天天_攻略,1
封建迷信_一种,1
释怀_封建迷信,1
一口气_释怀,1
长吁_一口气,1
一种_长吁,1
起伏_一种,1
心情_起伏,1
强烈_心情,1
知道_强烈,1
拯救_知道,1
坏事_拯救,1
办成_坏事,1
好事_好心,1
办成_好事,1
不论是_好心,1
拯救_不论是,1
感受_游戏吧,1
好好_感受,1
心态_好好,1
卡尼个_心态,1
下心来_卡尼个,1
下沉_下心来,1
互动_下沉,1
一路_互动,1
基本上_一路,1
难度_基本上,1
几乎_没什么,1
解谜_几乎,1
有意思_解谜,1
一种_历史,1
历史_文化,1
文化_它会,1
发生_理解,1
三伏_出品,1
有意思_期待,1
好像_有意思,1
烟火_好像,1
感兴趣_发现,1
题材_感兴趣,1
三伏_题材,1
是因为_三伏,1
本来_是因为,1
参考_本来,1
看个_参考,1
奇特_看个,1
理解_奇特,1
用错_惨案,1
它会_成为,1
官司_用错,1
打赢_官司,1
刺猬_打赢,1
帮助_刺猬,1
说不定_帮助,1
正道_说不定,1
联想_正道,1
毒药_联想,1
nt_毒药,1
变成_nt,1
它会_变成,1
民族特色_它会,1
一种_民族特色,1
国产_上乘之作,1
习惯_烟火,1
环境_习惯,1
世界_最终,1
一款_走心,1
意志_灵魂,1
自由_意志,1
青年_自由,1
新一代_青年,1
天空_新一代,1
飞翔_天空,1
鸟儿_飞翔,1
尸体_鸟儿,1
残余_尸体,1
封建迷信_残余,1
土地_封建迷信,1
最终_腐烂,1
生活_世界,1
一直_认为,1
相信_生活,1
枷锁_相信,1
毒瘤_枷锁,1
封建迷信_毒瘤,1
之上_封建迷信,1
脚踝_之上,1
双手_脚踝,1
铁链_双手,1
清潭_铁链,1
小小的_清潭,1
远走高飞_小小的,1
插翅_远走高飞,1
希望_插翅,1
走心_一直,1
认为_国产,1
语言_环境,1
这种_绝对,1
舒服_语言,1
十分_舒服,1
感到_十分,1
过程_感到,1
实际_游玩,1
体现_实际,1
素材_体现,1
国风_素材,1
几个_国风,1
出现_几个,1
物体_出现,1
场景_物体,1
绝对_场景,1
本土化_这种,1
国产_国人,1
真正_本土化,1
得到_真正,1
能够_得到,1
中国_能够,1
重要_中国,1
地位_重要,1
所谓_地位,1
名誉_所谓,1
收入_名誉,1
创造_收入,1
不仅仅_创造,1
意义_不仅仅,1
国人_意义,1
操作_比较,1
比较_便捷,1
便捷_解密,1
杀人灭口_烟火,1
利益_不知去向,1
触及_高层,1
记者_触及,1
团伙_记者,1
倒卖_团伙,1
捣毁_文物,1
本来_捣毁,1
殆尽_本来,1
摧毁_殆尽,1
景象_摧毁,1
美好_景象,1
本来_美好,1
这部_本来,1
拐卖_杀人灭口,1
将要_走出,1
压得_人口,1
封建迷信_压得,1
山村_封建迷信,1
帷幕_偏远,1
落下_帷幕,1
送别_落下,1
合唱_送别,1
星河_童声,1
蔷薇_jpg,1
蟑螂_蔷薇,1
辣心_蟑螂,1
太牛_辣心,1
老师_太牛,1
不知去向_将要,1
走出_孩子,1
半夜_打通,1
枯井_孩子,1
嫁衣_天天,1
打纸_嫁衣,1
菜狗_打纸,1
这种_菜狗,1
难度_这种,1
希望_解密,1
恐怖_希望,1
怪不得_国产,1
星空_绳索,1
通往_星空,1
一根_通往,1
放下_一根,1
孩子_放下,1
封建_这口,1
母亲_愚昧,1
生活_封建,1
至少_生活,1
改变_至少,1
缺席_无法,1
罪恶_永不,1
世界_罪恶,1
父母_世界,1
知道_父母,1
始终_知道,1
孩子_始终,1
牺牲品_拐卖,1
封建思想_牺牲品,1
愚昧_封建思想,1
打通_蟑螂,1
狂玩到_半夜,1
不难_复杂,1
demo_知道,1
一句_总结,1
中带_温情,1
恐怖_中带,1
吓人_影响,1
配合_吓人,1
闪图_配合,1
音效_闪图,1
老套_音效,1
恐怖_老套,1
算得_中式,1
确实_算得,1
这款_确实,1
知道_这款,1
三伏_demo,1
世上_恐怖,1
拼图_愣住,1
花朵_拼图,1
还好_花朵,1
大白天_还好,1
恐怖_大白天,1
半小时_恐怖,1
三个_半小时,1
创死_tt,1
狠狠_创死,1
结局_狠狠,1
一级_结局,1
文字游戏_一级,1
复杂_文字游戏,1
总结_世上,1
恐怖_根本,1
初见_狂玩到,1
解密_之光,1
保持_初见,1
直播_保持,1
完岚岚_直播,1
棒棒_希望,1
一下_棒棒,1
很难_国产,1
感解迷_很难,1
带入_感解迷,1
很棒_带入,1
音乐_期待,1
陈老师_音乐,1
泪目_呜呜,1
之光_泪目,1
恐怖_期待,1
整体_风格,1
陈老师_再见,1
现实_最好,1
深思_现实,1
好玩_深思,1
害怕_好玩,1
满足_害怕,1
烟火_满足,1
体质_烟火,1
受惊_体质,1
三伏_表现,1
不小_影响,1
台湾_不小,1
风格_台湾,1
祖宗_主意,1
反倒_打起,1
话题_新颖,1
家具_装潢,1
往往_预算,1
独立_往往,1
解决_独立,1
场景_解决,1
单个_场景,1
大多_单个,1
详细_大多,1
引导_详细,1
谜题_引导,1
流程_谜题,1
地图_线性,1
解法_地图,1
触式_解法,1
机关_触式,1
打开_机关,1
道具_打开,1
寻找_道具,1
场景_寻找,1
调查_场景,1
多为_调查,1
谜题_多为,1
为主_谜题,1
玩法_为主,1
探索_解谜,1
关卡_探索,1
第二章_关卡,1
水落石出_第二章,1
逐渐_水落石出,1
真相_逐渐,1
预算_有限,1
有限_常常,1
常常_游戏性,1
第三章_关卡,1
场景_葬礼,1
贫穷_场景,1
肉眼_贫穷,1
使用_肉眼,1
反复_使用,1
场景_反复,1
麻黑_场景,1
乌漆_麻黑,1
风格_乌漆,1
卡通_美术,1
印象_卡通,1
烟火_印象,1
关卡_烟火,1
顺滑_第三章,1
游戏性_艺术性,1
紧凑_顺滑,1
刁难_不到,1
刻意_刁难,1
难度_刻意,1
服务_难度,1
关卡_服务,1
感到_关卡,1
明显_感到,1
本作_明显,1
取舍_本作,1
做出_取舍,1
之间_做出,1
艺术性_之间,1
案情_真相,1
发生_案情,1
接连_发生,1
一众_跟风,1
警员_三光,1
开篇_警员,1
第一章_开篇,1
指引方向_第一章,1
构筑_井底,1
恐怖_构筑,1
序章_中式,1
干货_序章,1
少有_干货,1
国产_少有,1
热潮_国产,1
恐怖_热潮,1
跟风_中式,1
当年_一众,1
上任_卷入,1
发售_当年,1
荧幕_发售,1
计划_荧幕,1
剧组_计划,1
追凶_剧组,1
白夜_追凶,1
力作_白夜,1
国产_力作,1
网友_国产,1
成为_网友,1
火爆_成为,1
设计_火爆,1
优秀_设计,1
三光_上任,1
卷入_离奇,1
现象_接连,1
新任_警员,1
怪力乱神_现象,1
诡异_怪力乱神,1
深入_诡异,1
线索_调查,1
惨案_线索,1
牵连_田家,1
事件_牵连,1
失火_事件,1
葬礼_失火,1
一桩_葬礼,1
负责_调查,1
林理洵_负责,1
警员_林理洵,1
镇中_新任,1
离奇_事件,1
清潭_镇中,1
封闭_清潭,1
偏远_封闭,1
剧本_发生,1
西式_剧本,1
拿错_西式,1
寸草不生_拿错,1
丧尸_寸草不生,1
中杀_丧尸,1
小镇_中杀,1
武器_小镇,1
必须_武器,1
事件_必须,1
纸人_家具,1
装潢_本土,1
恐怖_横板,1
本土_元素,1
发挥_一面,1
优秀_发挥,1
既有_优秀,1
本作_既有,1
方面_本作,1
强项_方面,1
惊悚_强项,1
东方_惊悚,1
节奏_东方,1
操弄_心理,1
气息_操弄,1
发凉_气息,1
渲染_脊背,1
环境_渲染,1
特色_环境,1
民俗_特色,1
充满_民俗,1
依靠_充满,1
画面_依靠,1
恶心_画面,1
不适_恶心,1
恐怖_生理,1
第五章_恐怖,1
清晰_第五章,1
交代_清晰,1
角色_交代,1
多个_角色,1
枯燥_多个,1
重复_枯燥,1
一面_频繁,1
频繁_利用,1
利用_漆黑,1
情节_情感,1
悲剧_内部,1
形式_悲剧,1
其实质_形式,1
手段_其实质,1
外部_手段,1
往往_外部,1
恐怖_往往,1
降低_中式,1
骤然_降低,1
压力_骤然,1
恐怖_压力,1
展开_恐怖,1
情感_展开,1
转向_情节,1
漆黑_场景,1
重心_转向,1
中期_重心,1
流程_中期,1
类似_流程,1
恐怖_类似,1
多数_中式,1
烟火_多数,1
一面_烟火,1
恶劣_一面,1
scary_恶劣,1
jump_scary,1
制造_jump,1
场景_制造,1
解谜_重复,1
缓解_横板,1
方式_缓解,1
出现_容易,1
时会_触发,1
物品_时会,1
部分_物品,1
调查_部分,1
流程_调查,1
关卡_流程,1
第四章_关卡,1
共情_第四章,1
国人_共情,1
九零_国人,1
八零_九零,1
引发_八零,1
容易_引发,1
纷纷_出现,1
特殊_关卡,1
风土人情_纷纷,1
年代_风土人情,1
颇具_年代,1
大量_颇具,1
发展_大量,1
千禧年_发展,1
设定_千禧年,1
背景_设定,1
本作_背景,1
特色_本作,1
标志性_特色,1
恐怖_标志性,1
元素_中式,1
触发_特殊,1
关卡_多种,1
神奇_叙述,1
情感_变化,1
视角_神奇,1
角色_视角,1
转换_角色,1
无缝_转换,1
交替_无缝,1
虚实_交替,1
关卡_虚实,1
意识流_关卡,1
探案_意识流,1
理性_探案,1
主角_理性,1
过程_主角,1
变化_过程,1
心境_情感,1
多种_互动,1
角色_心境,1
隐喻_角色,1
过程_隐喻,1
中以_游玩,1
关卡_中以,1
融入_关卡,1
巧妙_融入,1
叙事_巧妙,1
烟火_厉害,1
流程_烟火,1
推进_流程,1
形式_推进,1
互动_形式,1
解谜_优秀,1
一款_主打,1
欣欣向荣_反倒,1
前面_元宝,1
琢磨_有点,1
不能_琢磨,1
动线_不能,1
陈青穗_动线,1
可惜_陈青穗,1
妈妈_可惜,1
干巴巴_妈妈,1
都行_干巴巴,1
东南西北_都行,1
长亭_东南西北,1
烟花_长亭,1
彩蛋_河灯,1
放个_彩蛋,1
里面_放个,1
妈妈_里面,1
不能_小蝌蚪,1
关系_不能,1
边有_关系,1
古道_边有,1
音符_长亭,1
河灯_音符,1
不香_河灯,1
callback_不香,1
柳树_callback,1
院子_柳树,1
老家_院子,1
发现_老家,1
出井_发现,1
关联_出井,1
有点_隐藏,1
隐藏_身份,1
支教_登场,1
过往_牢笼,1
适当_丰富,1
部分_适当,1
地狱_部分,1
建议_地狱,1
浅薄_建议,1
主旨_浅薄,1
中心_主旨,1
叶敬山_中心,1
泥淖_叶敬山,1
命运_泥淖,1
挣扎_命运,1
林理洵_挣扎,1
牢笼_林理洵,1
深陷_过往,1
登场_身份,1
倒斗线_深陷,1
胡作非为_倒斗线,1
阳间_胡作非为,1
彻查_阳间,1
田家_彻查,1
因果报应_田家,1
阴间_因果报应,1
强调_阴间,1
更好_强调,1
冲突_更好,1
戏剧_冲突,1
记者_戏剧,1
身份_记者,1
场景_关联,1
水井_场景,1
树下_水井,1
更妙_照相馆,1
机器_照片,1
大头照_机器,1
照下来_大头照,1
差点_照下来,1
失望_差点,1
略有_失望,1
意义_略有,1
代表_意义,1
浅显_代表,1
比较_浅显,1
相框_比较,1
背景_相框,1
照相馆_背景,1
无法_更妙,1
现实_出现,1
诗集_无法,1
callback_诗集,1
照相馆_callback,1
eg_照相馆,1
明确_eg,1
交代_明确,1
诗集_交代,1
乌鸦_诗集,1
上吊_乌鸦,1
自由_上吊,1
赵小娟_自由,1
痕迹_赵小娟,1
不留_痕迹,1
照片_现实,1
出现_可真,1
老家_树下,1
门口_毫无作用,1
不和林_老家,1
水井_不和林,1
星星_水井,1
陈青穗_星星,1
作用_陈青穗,1
装饰_作用,1
线索_装饰,1
相关_线索,1
死亡_相关,1
应用_死亡,1
期待_应用,1
本来_期待,1
毫无作用_本来,1
之后_门口,1
可真_奇怪,1
下面_之后,1
楼梯_下面,1
出现_楼梯,1
第一次_出现,1
雨伞_第一次,1
陈青穗_雨伞,1
鲜明_陈青穗,1
形成_鲜明,1
照片_形成,1
田家_照片,1
奇怪_田家,1
照片_奇怪,1
奇怪_照片,1
丰富_前面,1
元宝_撒米,1
麻雀_一款,1
撒米_铺路,1
穷人_义人,1
富人_穷人,1
雨下_富人,1
总结_雨下,1
一段话_总结,1
小说_一段话,1
先生_小说,1
老舍_先生,1
一句_老舍,1
以前_简单,1
已经_以前,1
内涵_已经,1
独立_内涵,1
现在_独立,1
很大_现在,1
进步_很大,1
近年来_进步,1
国产_近年来,1
丰富_想法,1
内容_丰富,1
不错_内容,1
深渊_遭受,1
最后_拒绝,1
后面_感人,1
起来_后面,1
后面_鸡皮疙瘩,1
电影_恐怖,1
仅仅_讲好,1
音乐_仅仅,1
义人_不义,1
不义_公道,1
公道_下落,1
王金财_陈老师,1
完成_麻雀,1
独自_完成,1
蟑螂_独自,1
程序_蟑螂,1
剧本_程序,1
谭后_剧本,1
继黑森_谭后,1
蟑螂_继黑森,1
三伏_作者,1
名称_烟火,1
看个_电影,1
好玩_看个,1
陈老师_死因,1
没填_王金财,1
下落_公道,1
特色_没填,1
恐怖_中国,1
不能_恐怖,1
感人_陈老师,1
之下_人心,1
恐怖_之下,1
兴趣_试试,1
不错_兴趣,1
这部_不错,1
无辜_这部,1
不幸_无辜,1
世界_不幸,1
公道_世界,1
操作_画面,1
一定_操作,1
惋惜_一定,1
部分_不及,1
彼岸花_之后,1
背景_彼岸花,1
之后_背景,1
渡河_之后,1
地狱_渡河,1
牵连_第十五,1
因父_牵连,1
田宇_因父,1
设定_田宇,1
已经_设定,1
惊艳_已经,1
之喜_惊艳,1
不及_意外,1
音乐_部分,1
相关_咱多,1
不论是_场景,1
剩下_不论是,1
还好_剩下,1
文字_还好,1
短小_文字,1
过于_短小,1
似乎_过于,1
后面_似乎,1
之喜_后面,1
程度_意外,1
精细_程度,1
部分_精细,1
铺路_部分,1
之后_相关,1
咱多_费点心思,1
机会_附体,1
本质_灵异,1
写困_机会,1
评论_写困,1
大半夜_评论,1
部屋_大半夜,1
未麻_部屋,1
多刷_未麻,1
建议_多刷,1
更好_建议,1
线索_更好,1
远远不够_伏笔,1
深度_远远不够,1
小说_深度,1
灵异_视觉,1
一款_本质,1
费点心思_完善,1
日历_一款,1
窗户_日历,1
切换_窗户,1
彩色_切换,1
黑白_彩色,1
色彩_黑白,1
消耗_色彩,1
一次性_消耗,1
不算_一次性,1
宇宙_不算,1
地府_宇宙,1
一点_地府,1
完善_一点,1
内部_核心,1
核心_人性,1
主题_目标,1
没拿到_成就,1
叶敬山_同伙,1
显示_叶敬山,1
电话_显示,1
一部_电话,1
棺材_一部,1
起来_王金财,1
棺材_起来,1
是从_棺材,1
葬礼_是从,1
王金财_葬礼,1
搞懂_王金财,1
疑点_搞懂,1
几个_疑点,1
结尾_几个,1
人物_春风化雨,1
最好_人物,1
塑造_最好,1
遗憾_陈老师,1
值得_遗憾,1
相当_值得,1
畏惧感_相当,1
一种_畏惧感,1
产生_一种,1
魅力_心里,1
恐怖_魅力,1
多一点_中式,1
元素_多一点,1
相对_解谜,1
掩藏_黑暗,1
同伙_到底,1
到底_主角,1
主角_愿意,1
算不上_恐怖,1
退出_发现,1
点错_退出,1
小心_点错,1
片尾曲_小心,1
当时_片尾曲,1
片尾曲_当时,1
成就_片尾曲,1
记得_成就,1
一定_记得,1
游玩_一定,1
放心_游玩,1
死亡_放心,1
恐怖_死亡,1
过程_算不上,1
愿意_芳芳,1
结局_游玩,1
传统意义_结局,1
唏嘘_传统意义,1
解密_唏嘘,1
挺不错_恐怖,1
一款_挺不错,1
突然_一款,1
有点_突然,1
结束_有点,1
结束_结束,1
小时_结束,1
大概_两个,1
芳芳_生日蛋糕,1
无法_掩藏,1
过失_无法,1
无心_过失,1
来看_合情合理,1
为难_唯一,1
不是故意_为难,1
有意思_不是故意,1
解密_有意思,1
关卡_解密,1
里面_关卡,1
一下_里面,1
发毛_突然,1
心里_发毛,1
中国_心里,1
元素_中国,1
推断出_恐怖,1
合情合理_推断出,1
整个_来看,1
视频_华容道,1
结合_整个,1
只能_结合,1
事情_只能,1
人物_事情,1
跟着_人物,1
顺其自然_跟着,1
太累_顺其自然,1
别总想_太累,1
值得_期待,1
烟火_值得,1
无怨无悔_烟火,1
星河_无怨无悔,1
那片_星河,1
唯一_视频,1
华容道_道具,1
远去_无心,1
隐入_星海,1
飞鸟_远去,1
灵魂_飞鸟,1
纯洁_灵魂,1
送葬_纯洁,1
旅人_送葬,1
可亲_旅人,1
燃烧_不掉,1
成为_燃烧,1
至亲_成为,1
灰烬_至亲,1
埋入_灰烬,1
藏于_群山,1
星海_藏于,1
月光_隐入,1
道具_寓意,1
盛满_月光,1
间隙_盛满,1
肢块_间隙,1
好好_打磨,1
国产_好好,1
氛围_希望,1
接受_恐怖,1
正常人_接受,1
不亏_正常人,1
入手_绝对,1
反正_入手,1
不错_反正,1
寓意_不错,1
发现_没拿到,1
成就_气死我了,1
目标_哲思,1
小蝌蚪_莲花,1
工人_子弟,1
年生_工人,1
矛盾_年生,1
闭塞_社会,1
小城_闭塞,1
控制_小城,1
儿媳_控制,1
公婆_儿媳,1
封建迷信_公婆,1
定位_封建迷信,1
矛盾_定位,1
大多_矛盾,1
观察_大多,1
区中_观察,1
评论_区中,1
有意思_评论,1
子弟_有意思,1
人员_子弟,1
体制_人员,1
现今_体制,1
子弟_现今,1
工人阶级_子弟,1
曾经_工人阶级,1
腐烂_我会,1
现在_国产,1
吊打_现在,1
不亏_吊打,1
玩完_绝对,1
神作_玩完,1
子弟_发现,1
发现_更加,1
更加_有趣,1
平庸_主见,1
环境_欣欣向荣,1
适应_环境,1
改革开放_适应,1
能够_改革开放,1
田向荣_能够,1
父亲_田向荣,1
有其父必有其子_父亲,1
二代_有其父必有其子,1
下岗_二代,1
典型_下岗,1
能力_典型,1
缺乏_能力,1
主见_缺乏,1
此人_平庸,1
有趣_地方,1
表明_此人,1
细节_表明,1
多处_细节,1
田宇_多处,1
暴毙_田宇,1
直接_暴毙,1
上来_直接,1
父亲_上来,1
孩子_父亲,1
忽视_孩子,1
应该_忽视,1
忽视_应该,1
地方_忽视,1
适合_欣赏,1
程度_适合,1
难度_恐怖,1
主人公_工作,1
意难平_黑盒,1
到底_意难平,1
无奈_隔阂,1
挣扎_无奈,1
这场_挣扎,1
涂炭生灵_这场,1
魔头_涂炭生灵,1
邪恶_魔头,1
悲剧_邪恶,1
共鸣_悲剧,1
有所_共鸣,1
身份_有所,1
工作_身份,1
烟火_主人公,1
祁门红_评价,1
欣赏性_烟火,1
简单_欣赏性,1
拥有者_简单,1
逻辑_拥有者,1
简单_逻辑,1
简单_操作,1
打折_购买,1
值得_打折,1
不错_值得,1
惊喜_不错,1
感到_惊喜,1
切换_感到,1
莲花_相机,1
用户_祁门红,1
第二章_决定,1
味道_难度,1
一出_莫名,1
世纪_味道,1
不错_世纪,1
关照_画风,1
通顺_关照,1
逻辑_通顺,1
推荐_呜呜,1
机会_推荐,1
cp_机会,1
美好_cp,1
人心_美好,1
无所谓_人心,1
恐惧_无所谓,1
莫名_恐惧,1
老师_花灯,1
抛弃_害怕,1
评到_老师,1
绳之以法_评到,1
所有人_绳之以法,1
不能_所有人,1
心里_不能,1
部分_心里,1
老师_部分,1
后面_老师,1
不放过_后面,1
孩子_不放过,1
警察_孩子,1
正义_警察,1
害怕_正义,1
追逐_心中,1
勇敢_追逐,1
赤诚_勇敢,1
帮助_赤诚,1
作者_访谈,1
其实不然_作者,1
破除迷信_其实不然,1
迷信_破除迷信,1
为用_迷信,1
理解_为用,1
主题_理解,1
升华_烟火,1
第七章_升华,1
空间_第七章,1
留白_空间,1
争论_留白,1
想象_争论,1
思考_想象,1
制造_思考,1
烟雾弹_制造,1
细节_烟雾弹,1
扣子_细节,1
余裕_扣子,1
情节_余裕,1
复杂_情节,1
多条_交错,1
讲清_多条,1
流程_讲清,1
有限_流程,1
无用信息_有限,1
通篇_无用信息,1
之高_通篇,1
效率_之高,1
访谈_明确,1
明确_表示,1
表示_教化,1
心结_整个,1
便是_生于,1
报警_便是,1
直接_报警,1
应该_直接,1
角色_应该,1
反馈_角色,1
海外_反馈,1
百态_海外,1
人间_百态,1
束缚_人间,1
内心_束缚,1
角色_面对,1
整个_角色,1
角色_心结,1
教化_迷信,1
重要_角色,1
在内_重要,1
主角_在内,1
主旨_包括,1
真正_主旨,1
束缚_真正,1
挣脱_束缚,1
认为_挣脱,1
冲突_认为,1
观念_冲突,1
时代背景_观念,1
体现_时代背景,1
标语_体现,1
叙事_效率,1
本作_叙事,1
完成_本作,1
贴切_不能,1
好评_杀手锏,1
夺取_好评,1
本作_夺取,1
塑造_本作,1
动人_角色,1
设计_动人,1
悬念_设计,1
紧凑_悬念,1
烧脑_紧凑,1
名作_烧脑,1
推理_名作,1
指望_推理,1
不能_指望,1
更为_贴切,1
烟火_精彩,1
推理小说_更为,1
悬疑_推理小说,1
温柔_悬疑,1
恐怖_温柔,1
影响_烟火,1
推理小说_影响,1
日式_推理小说,1
各大_日式,1
深受_各大,1
蟑螂_深受,1
悬疑_作者,1
第六章_悬疑,1
哲思_第六章,1
杀手锏_烟火,1
精彩_每个,1
一气呵成_完成,1
反转_最终,1
吸引_一气呵成,1
深受_吸引,1
乐趣_深受,1
悬念_乐趣,1
破解_悬念,1
不断_破解,1
推理小说_不断,1
享受_推理小说,1
真相_享受,1
拨开_真相,1
层层_拨开,1
悲剧_抽丝剥茧,1
酿成_一场,1
发生意外_反转,1
角色_立场,1
叠加_发生意外,1
层层_叠加,1
诉求_层层,1
行为_诉求,1
势力_行为,1
多方_势力,1
层面_多方,1
发展_层面,1
形成_发展,1
足以_形成,1
完整_足以,1
动机_完整,1
立场_动机,1
生于_本土,1
本土_理解,1
理解_悲哀,1
照亮_温暖,1
挣脱_重生,1
害己_挣脱,1
害人_害己,1
沉浸_吓死,1
耳机_沉浸,1
带个_耳机,1
恐怖_带个,1
ps_恐怖,1
救赎_ps,1
某种意义_得到,1
或许_某种意义,1
一方_或许,1
温暖_一方,1
光芒_照亮,1
赵小娟_选择,1
微弱_光芒,1
或许_微弱,1
明月_或许,1
却心_明月,1
泥潭_却心,1
身处_泥潭,1
长大_身处,1
pua_长大,1
选择_pua,1
被迫_选择,1
打压_被迫,1
思想_打压,1
山里_思想,1
重生_赵小娟,1
愿意_忍辱负重,1
医生_从小,1
化作_孩子,1
值得_帮助,1
帮助_值得,1
全心全意_帮助,1
光环_全心全意,1
父亲_光环,1
受困_父亲,1
延续_受困,1
执着_延续,1
不再_执着,1
挣脱_不再,1
林理洵_选择,1
一片_星空,1
孩子_一片,1
过去_化作,1
忍辱负重_不愿,1
挣脱_过去,1
愿意_挣脱,1
陈青穗_选择,1
选择_陈青穗,1
属于_选择,1
真正_属于,1
罪名_真正,1
扛下_罪名,1
愿意_扛下,1
环境_叶敬山,1
更好_环境,1
女儿_更好,1
不愿_女儿,1
拐卖_山里,1
长大_医生,1
悲哀_处于,1
地方_曾今,1
送别_片尾曲,1
歌单_送别,1
推荐_歌单,1
指引方向_推荐,1
留在_井底,1
出去_永远,1
井中_出去,1
困于_井中,1
山中_困于,1
困于_山中,1
尾声_困于,1
埋葬_尾声,1
曾今_温暖,1
容身_地方,1
这歌_不用,1
世上_容身,1
一起_世上,1
灰烬_一起,1
勇气_前面,1
付出_勇气,1
多大_付出,1
需要_多大,1
究竟_需要,1
改变现状_究竟,1
环境_改变现状,1
保守_环境,1
相对_保守,1
处于_相对,1
片尾曲_这歌,1
不用_介绍,1
压抑着_长大,1
代入_旁观,1
一直_压抑着,1
芳芳_一直,1
儿媳妇_芳芳,1
毒杀_儿媳妇,1
借魂_毒杀,1
想着_借魂,1
愚昧_想着,1
英年早逝_封建,1
儿子_英年早逝,1
田向荣_夫妇,1
难过_田向荣,1
无力_难过,1
旁观_无力,1
无力_代入,1
介绍_艺术,1
却会_无力,1
平复_却会,1
不能_平复,1
心情_久久,1
瞬间_破防,1
结尾_瞬间,1
经典名曲_结尾,1
传世_经典名曲,1
填词_传世,1
李叔同_填词,1
弘一法师_李叔同,1
奇才_弘一法师,1
艺术_奇才,1
讨论_话题,1
新颖_影响,1
不以_传统,1
本作_几章,1
主角_人民警察,1
体量_很棒,1
伦理_虚伪,1
封建_伦理,1
中国_封建,1
刺透_中国,1
利箭_刺透,1
一支_利箭,1
三伏_正式版,1
太值_期待,1
响起_太值,1
尤其_送别,1
刻画_尤其,1
发现_讲故事,1
之后_发现,1
全是_那种,1
原本_全是,1
介绍_原本,1
呜别_陈老师,1
呜呜_呜别,1
补充_陈老师,1
好奇_补充,1
爱上_好奇,1
解释_爱上,1
目前_解释,1
tat_目前,1
千疮百孔_tat,1
变得_千疮百孔,1
生机勃勃_逐渐,1
人民警察_恐怖,1
恐怖_好怕,1
好怕_doge,1
明晰_知道,1
尝试_实话,1
心态_尝试,1
rpg_心态,1
游玩_本作,1
形容_游玩,1
文字_形容,1
难以_文字,1
结局_很棒,1
细节_结局,1
感人_细节,1
背后_感人,1
要素_背后,1
知道_恐怖,1
后期_明晰,1
doge_比起,1
氛围_后期,1
吓人_充满,1
把握_吓人,1
要素_把握,1
就行_恐怖,1
下来_就行,1
路顺_下来,1
一条_路顺,1
支线_一条,1
很少_支线,1
要素_很少,1
电影_解谜,1
比起_一场,1
漂亮_生机勃勃,1
原本_漂亮,1
看着_原本,1
余火_多久,1
小巷_跌跌撞撞,1
深山_小巷,1
轻轻_深山,1
忧伤_轻轻,1
歌声_忧伤,1
片刻_温暖,1
是不是_片刻,1
怀中_是不是,1
拥入_怀中,1
灼热_拥入,1
冷却_灼热,1
彻底_冷却,1
多久_彻底,1
灰烬_余火,1
沉疴宿疾_垂头丧气,1
行快_三伏,1
蟑螂_行快,1
奇迹_月光,1
堪称_奇迹,1
表现力_堪称,1
无能为力_画面,1
沉默_无能为力,1
只能_沉默,1
既定_悲剧,1
走向_既定,1
一步_走向,1
一步_一步,1
看着_一步,1
跌跌撞撞_沉疴宿疾,1
垂头丧气_长亭,1
影楼_看着,1
目前为止_主角,1
布置_影楼,1
撕掉_布置,1
亲手_撕掉,1
一点一点_亲手,1
赵小娟_一点一点,1
看着_赵小娟,1
难受_看着,1
无力感_难受,1
事情_无力感,1
改变_事情,1
旁观者_办法,1
好像_旁观者,1
主角_好像,1
第四章_目前为止,1
山外山_一瓢,1
打到_第四章,1
枷锁_救赎,1
究竟_枷锁,1
沉睡_究竟,1
是非_沉睡,1
恩怨_曲直,1
情仇_恩怨,1
寡欢_情仇,1
阴郁_寡欢,1
慢镜头_阴郁,1
柳巷_慢镜头,1
深夜_柳巷,1
别梦寒_深夜,1
实话_本作,1
几章_一点,1
窒息_解谜,1
一点_汗毛,1
亏心事_招致,1
担心_亏心事,1
永远_担心,1
似真似假_永远,1
真相_似真似假,1
永远_看不到,1
村子_永远,1
源头_村子,1
悲剧_源头,1
连接_悲剧,1
的的确确_连接,1
无关紧要_的的确确,1
似乎_无关紧要,1
大字_似乎,1
墙头_六个,1
村镇_墙头,1
迷信_村镇,1
忽视_科学,1
关注_忽视,1
很少_关注,1
一直_很少,1
似乎_一直,1
写照_似乎,1
真实_写照,1
地上_真实,1
中国_地上,1
问题_中国,1
儿童教育_问题,1
桎梏_儿童教育,1
招致_报应,1
报应_无论如何,1
无论如何_逃离,1
明明_根本,1
悲剧_一星,1
无数_悲剧,1
便是_无数,1
芳芳_便是,1
扭曲_赵小娟,1
碾压_扭曲,1
悉数_碾压,1
希望_悉数,1
理性_希望,1
小镇_理性,1
鬼影_小镇,1
存在_鬼影,1
根本_存在,1
一个个_明明,1
逃离_不了,1
灵魂_一个个,1
安息_灵魂,1
无法_安息,1
田宇_永远,1
困住_田宇,1
困住_鸟儿,1
奶奶_困住,1
爷爷_奶奶,1
爱子心切_爷爷,1
困住_爱子心切,1
野兽_困住,1
迷信_野兽,1
不了_迷信,1
无形_桎梏,1
儿童_无形,1
乡村_儿童,1
元素_制造,1
人来_游玩,1
了解_人来,1
认认真真_了解,1
推荐_认认真真,1
愿意_推荐,1
成功_愿意,1
认为_成功,1
不得不_烟火,1
探索_不得不,1
吸引_探索,1
想要_吸引,1
悬疑_想要,1
制造_悬疑,1
一点点_恐怖,1
前提_之前,1
重点_一点点,1
表达_重点,1
肯定_作者,1
元素_肯定,1
相信_恐怖,1
味道_相信,1
发掘_味道,1
慢慢_发掘,1
审视_慢慢,1
重新_审视,1
后来_重新,1
一立_后来,1
汗毛_一立,1
带来_收入,1
之前_绝对,1
荒山_乡村,1
这是_悲伤,1
文物_荒山,1
盗墓_倒卖,1
禁锢_盗墓,1
思想_禁锢,1
拐卖儿童_封建迷信,1
气来_拐卖儿童,1
电影_气来,1
沉重_电影,1
一部_沉重,1
问题_像是,1
引人深思_社会,1
更是_引人深思,1
悲伤_更是,1
希望_绽放,1
绝对_不要,1
精巧_希望,1
山城_精巧,1
唏嘘_山城,1
感叹_令人,1
难度_感叹,1
完全_难度,1
解密_完全,1
认真_解密,1
本作_认真,1
大大降低_本作,1
视频_大大降低,1
攻略_视频,1
不要_攻略,1
解谜_看着,1
简直_窒息,1
今天_感谢,1
背负_枷锁,1
危险物品_一定,1
告诉_危险物品,1
别样_意义,1
在我心中_别样,1
首歌_在我心中,1
赋予_送别,1
制作组_赋予,1
喜欢_感谢,1
超神_个人,1
文案_超神,1
末章_文案,1
空间_末章,1
结束_带来,1
震撼_结束,1
看一遍_震撼,1
动画_看一遍,1
过场_动画,1
那段_过场,1
赵小娟_那段,1
优秀_赵小娟,1
创意_人物,1
表达方式_创意,1
专注_表达方式,1
生动_专注,1
完整_生动,1
一部_完整,1
tt_一部,1
啊啊啊_tt,1
要命_啊啊啊,1
一定_放在,1
放在_小孩子,1
小孩子_不到,1
两年_社会,1
不太_建议,1
上演_不太,1
角落_上演,1
神州大地_角落,1
这片_神州大地,1
戏码_这片,1
出现_戏码,1
经历_出现,1
小时候_经历,1
乱象_小时候,1
种种_乱象,1
出现_种种,1
社会_出现,1
疫情_两年,1
解密_优秀,1
结合_疫情,1
压抑_确实,1
整体_压抑,1
特色_整体,1
这款_中国,1
但胜_这款,1
几乎_但胜,1
游戏性_几乎,1
几乎_游戏性,1
难度_几乎,1
事实上_恐怖,1
要素_事实上,1
要素_解密,1
死去活来_要命,1
最后_死去活来,1
一遍_最后,1
烟火_一声,1
留在_记忆里,1
天空_永远,1
照亮_天空,1
那一刻_照亮,1
黑暗_那一刻,1
重归_黑暗,1
天空_重归,1
转眼间_天空,1
天空_转眼间,1
一刹那_天空,1
照亮_一刹那,1
天空_照亮,1
一声_天空,1
太大_像是,1
封建迷信_真是,1
后劲_太大,1
效果_后劲,1
表现_效果,1
下来_画面,1
一口气_下来,1
几乎_一口气,1
后面_几乎,1
之后_后面,1
惊悚_之后,1
熬过_惊悚,1
所有人_一首,1
最后_所有人,1
创作_最后,1
记忆里_封建迷信,1
真是_tmd,1
看过_一遍,1
一笔_有着,1
补票_看过,1
打折_补票,1
憧憬_远方,1
所有人_自由,1
远航_所有人,1
渡轮_远航,1
能够_渡轮,1
星海_希望,1
坠入_星海,1
那颗星_坠入,1
相信_那颗星,1
暗示_不愿,1
有着_暗示,1
最后_一笔,1
tmd_害死,1
写下_最后,1
烟火_写下,1
凄惨_天空,1
最终_凄惨,1
鲜血_最终,1
吸食_鲜血,1
不断_吸食,1
寄生虫_不断,1
封建迷信_寄生虫,1
恶臭_封建迷信,1
悲剧_恶臭,1
善意_造成,1
向往_善意,1
建议_背负,1
枷锁_社会,1
祖坟_简直,1
社会_更加,1
出现_眼前,1
照片_出现,1
一同_照片,1
陈老师_一同,1
找到_陈老师,1
最后_找到,1
打动_最后,1
勇敢_打动,1
叶敬山_勇敢,1
打动_叶敬山,1
亲情_打动,1
芳芳_亲情,1
打动_赵小娟,1
善良_打动,1
陈老师_善良,1
后来_陈老师,1
灵异_后来,1
烟火_灵异,1
三伏_发售,1
想象_期待,1
天马行空_想象,1
佩服_作者,1
太棒了_佩服,1
演出_太棒了,1
妈妈_演出,1
既视感_小蝌蚪,1
散文_既视感,1
很强_散文,1
文笔_很强,1
眼前_忍不住,1
忍不住_落泪,1
落泪_世上,1
值得_画风,1
田家_祖坟,1
埋进_田家,1
芳芳_埋进,1
小娟_芳芳,1
最后_小娟,1
想到_最后,1
害怕_想到,1
一步之遥_害怕,1
天空_一步之遥,1
上离_天空,1
玻璃窗_上离,1
鸟儿_玻璃窗,1
画风_氛围,1
姐妹_值得,1
世上_从来,1
观望_姐妹,1
不住_观望,1
送别_不住,1
绳子_送别,1
烟火_温暖,1
有人_烟火,1
依然_有人,1
生活_依然,1
灰烬_生活,1
人心_灰烬,1
胆寒_永远,1
令人_胆寒,1
从来_令人,1
一遍_文笔,1
烟火_一遍,1
最近_烟火,1
流畅_叙事,1
成全_来路,1
习俗_燃烧,1
葬礼_习俗,1
真相_烟火,1
牵引_慢慢,1
思绪_牵引,1
反转_思绪,1
展开_反转,1
一段段_展开,1
悬念_一段段,1
伏笔_悬念,1
恰到好处_伏笔,1
节奏_恰到好处,1
黑森_流畅,1
黑雾_弥漫,1
延续_前作,1
小说_延续,1
比起_悬疑,1
不住_老师,1
大头照_不住,1
辞职信_大头照,1
独特_小品,1
风格_独特,1
一下_风格,1
豁达_一下,1
乐观_豁达,1
emo_乐观,1
更加_emo,1
来路_黑雾,1
弥漫_归途,1
实况_最近,1
绽放_逃离,1
去年_实况,1
推荐_推荐,1
有点_推荐,1
略微_有点,1
满分_略微,1
立绘_满分,1
泪人_立绘,1
哭成_泪人,1
直接_哭成,1
片尾曲_直接,1
意难平_片尾曲,1
害人不浅_陈老师,1
大山_封建迷信,1
感人_化作,1
归途_天空,1
深思_感人,1
之后_值得,1
md_nbwc,1
嫉妒_md,1
以后_嫉妒,1
以后_玩完,1
发行_以后,1
风雨_化之者,1
时春_风雨,1
有如_时春,1
天空_有如,1
星河_尸体,1
天空_星河,1
一星_飞出,1
飞出_深山,1
深山_封建迷信,1
剧透_烟火,1
条件_充分,1
有限_条件,1
认为_有限,1
别梦寒_认为,1
呜呜_喜欢,1
核心_最后,1
恐怖_核心,1
get_中式,1
个人_get,1
感知_个人,1
整体_感知,1
but_影响,1
搞懂_but,1
糊里糊涂_搞懂,1
有点_糊里糊涂,1
情节_有点,1
意识流_情节,1
部分_意识流,1
大体上_部分,1
丰富_大体上,1
玩法_丰富,1
哈哈哈_玩法,1
特色_哈哈哈,1
看久_特色,1
立绘_看久,1
友好_立绘,1
对小白_友好,1
提示_对小白,1
不难_提示,1
充分_表现,1
表现_优势,1
优势_特色,1
时代背景_偏执,1
在生活中_提现,1
更能_在生活中,1
成为_恐怖,1
恐惧_成为,1
未知_恐惧,1
表达_未知,1
编剧_表达,1
主创_编剧,1
后果_主创,1
无法挽回_后果,1
造成_无法挽回,1
无知_造成,1
偏执_无知,1
特定_时代背景,1
特色_描述,1
内核_特定,1
返校_内核,1
烟火_返校,1
佳作_之称,1
当得起_佳作,1
烟火_当得起,1
成为_烟火,1
足以_成为,1
人心_足以,1
认真_触动,1
足够_认真,1
过家家_足够,1
描述_过家家,1
建议_入手,1
价格_建议,1
感慨_价格,1
后劲_估计,1
差不多_柳树,1
一棵_差不多,1
老宅_一棵,1
我家_老宅,1
作者_新作,1
夜空_期待,1
整个_夜空,1
繁星_照亮,1
陈老师_繁星,1
想到_陈老师,1
星空_想到,1
最近_星空,1
估计_最近,1
奉献精神_后劲,1
陈老师_葬礼,1
拥有_奉献精神,1
牺牲_拥有,1
那种_牺牲,1
很少_那种,1
那种_很少,1
陈老师_那种,1
女主角_喜欢,1
一下_女主角,1
浅聊_一下,1
内容_浅聊,1
太多谈_涉及,1
不去_太多谈,1
旧思想_不去,1
柳树_陈老师,1
葬礼_那天,1
之后_感慨,1
短短_三四个,1
问题_游玩,1
存在_社会,1
大量_存在,1
仍然_大量,1
贫困地区_仍然,1
我国_贫困地区,1
目前_我国,1
问题_目前,1
伦理_问题,1
家庭_伦理,1
现实_家庭,1
展现出_现实,1
小时_展现出,1
合格_短短,1
那天_河边,1
背景音乐_合格,1
特色_背景音乐,1
美术设计_具有,1
单机游戏_美术设计,1
体量_国产,1
一部_体量,1
所有人_哭泣,1
像是_所有人,1
声音_像是,1
呜呜_声音,1
发出_呜呜,1
柳树_发出,1
河边_柳树,1
提现_以下内容,1
烟火_赵小娟,1
封建迷信_桎梏,1
赵小娟_女儿,1
最后_相关,1
帮凶_最后,1
成为_帮凶,1
情况_成为,1
不知情_情况,1
暗恋_不知情,1
女主_暗恋,1
魏仲延_女主,1
学弟_魏仲延,1
读书会_学弟,1
举报_读书会,1
决定_举报,1
错误_决定,1
作出_错误,1
致使_作出,1
妒忌_致使,1
老师_妒忌,1
误解_老师,1
心上人_误解,1
芮欣_心上人,1
女主而方_芮欣,1
疏远_女主而方,1
渐渐_疏远,1
读书会_渐渐,1
接触_读书会,1
不让_接触,1
保护_不让,1
芮欣_保护,1
张明辉_芮欣,1
相关_人员,1
人员_尽数,1
尽数_杀害,1
被判_牢狱,1
两部_不以,1
因素_两部,1
政治_因素,1
忽略_政治,1
角度_忽略,1
单纯_角度,1
孽缘_单纯,1
解开_孽缘,1
返校_解开,1
中年_返校,1
出狱_中年,1
监禁_出狱,1
牢狱_监禁,1
魏仲延_被判,1
杀害_老师,1
悲剧_魏仲延,1
当年_悲剧,1
重复_当年,1
地缚_一遍,1
成为_地缚,1
死后_成为,1
跳楼自杀_死后,1
负担_跳楼自杀,1
心理_负担,1
不堪_心理,1
女主_不堪,1
逃走_女主,1
老师_逃走,1
升温_张明辉,1
迅速_升温,1
感情_迅速,1
学习_田家,1
爷爷奶奶_愁眉苦脸,1
不懂事_爷爷奶奶,1
田芳芳少_不懂事,1
身边_田芳芳少,1
重回_身边,1
儿子_重回,1
以图_儿子,1
儿媳_以图,1
不惜牺牲_儿媳,1
最后_不惜牺牲,1
导致_盲目,1
偏执_导致,1
儿子_偏执,1
大城市_学习,1
母亲_所说,1
山村_大城市,1
脱离_山村,1
女儿_脱离,1
婆婆_女儿,1
宽慰_公公,1
附身_宽慰,1
丈夫_附身,1
已逝_丈夫,1
假装_已逝,1
建议_假装,1
叶敬山_建议,1
接受_叶敬山,1
女儿_接受,1
愁眉苦脸_母亲,1
所说_幸福,1
两人_感情,1
悲伤_女主方,1
张明辉_两人,1
老师_张明辉,1
感性_老师,1
孤傲_感性,1
同样_孤傲,1
知书达理_同样,1
遇到_知书达理,1
情形_遇到,1
灰暗_情形,1
不合_生活,1
家庭_不合,1
芮欣_家庭,1
女主方_芮欣,1
描绘_悲伤,1
药撒进_全家,1
同样_描绘,1
背景_同样,1
戒严_背景,1
民国_戒严,1
返校_民国,1
可怜_返校,1
可叹_可怜,1
导致_可叹,1
相互_导致,1
田家_相互,1
惨剧_田家,1
最终_惨剧,1
晚饭_最终,1
那种_旧思想,1
显现出来_那种,1
明里暗里_显现出来,1
到位_明里暗里,1
簇簇_烟火,1
大地_簇簇,1
黑暗_大地,1
这片_黑暗,1
照亮_这片,1
而活_燃烧,1
所有人_而活,1
平凡人_所有人,1
伟大_平凡人,1
陈老师_伟大,1
世界_无数,1
相信_世界,1
充满希望_相信,1
沉痛_充满希望,1
无比_沉痛,1
结局_无比,1
给出_留白,1
歌声_给出,1
之中_歌声,1
伸张_之中,1
得以_伸张,1
正义_得以,1
交代_正义,1
结局_交代,1
鬼山_最后,1
堆成_鬼山,1
灰烬_堆成,1
照亮_这座,1
一刹_烟火,1
烟火_陈老师,1
陈老师_尸体,1
尸体_找到,1
周围_一座座,1
死灰_之下,1
或许_死灰,1
团团_死灰,1
或许_团团,1
迷惘_恐惧,1
言说_迷惘,1
一阵_无法,1
感到_一阵,1
怀疑_感到,1
一起_怀疑,1
死灰_一起,1
燃尽_死灰,1
一座座_烟火,1
村子_周围,1
找到_到底,1
归宿_村子,1
找到_归宿,1
游魂_找到,1
迷失方向_游魂,1
指引_迷失方向,1
放烟火_烟火,1
一定_放烟火,1
死去_一定,1
有人_死去,1
习俗_有人,1
村子_习俗,1
知道_村子,1
到底_知道,1
越陷越深_一刹,1
越陷越深_越陷越深,1
星空_越陷越深,1
毒死_全家,1
甘愿_困于,1
灵魂_甘愿,1
伟大_灵魂,1
之中_平凡,1
深井_之中,1
黑暗_深井,1
无尽_黑暗,1
沉重_无尽,1
无比_沉重,1
心情_无比,1
悲剧_心情,1
这一_悲剧,1
全家_这一,1
小心_毒死,1
井底_甘愿,1
好意_小心,1
小女孩_好意,1
相信_小女孩,1
欲说还休_相信,1
更让人_欲说还休,1
身不由己_更让人,1
天空_身不由己,1
辽阔_天空,1
遥远_辽阔,1
更为_遥远,1
那片_更为,1
属于_那片,1
桎梏_属于,1
困于_井底,1
牺牲_帮助,1
见到_辽阔,1
角色_拥有,1
井底_见到,1
孩子_井底,1
帮助_孩子,1
不断_绳子,1
之中_不断,1
活动_之中,1
支教_活动,1
投身于_支教,1
毅然_投身于,1
人生_毅然,1
明亮_人生,1
更为_明亮,1
拥有_更为,1
最让人_意难平,1
帮助_口吃,1
老师_最让人,1
无比_陈青穗,1
向往_无比,1
星空_向往,1
井底_辽阔,1
深陷_井底,1
苦难_深陷,1
无数_苦难,1
世上_无数,1
认识_世上,1
清楚_认识,1
应该_清楚,1
口吃_应该,1
之下_烟火,1
烟火_熊熊燃烧,1
熊熊燃烧_长亭,1
只能_作者,1
中国_眼熟,1
设计_中国,1
布局_设计,1
开发_布局,1
整个_开发,1
抗下_整个,1
之力_抗下,1
一己_之力,1
几乎_一己,1
最后_几乎,1
东西_尤其,1
有点_东西,1
作者_有点,1
内容_只能,1
世纪_家庭环境,1
完整_内容,1
组成_完整,1
巧妙_组成,1
最后_巧妙,1
串场_最后,1
逻辑_串场,1
毫无_逻辑,1
杂乱无章_毫无,1
看似_杂乱无章,1
中间_看似,1
环环相扣_中间,1
设计_环环相扣,1
每一处_设计,1
眼熟_世纪,1
家庭环境_从外,1
喜欢_一章,1
真实感_事件,1
细节_到位,1
角落_细节,1
渗透到_角落,1
淋漓尽致_渗透到,1
体现_淋漓尽致,1
封建迷信_体现,1
那种_封建迷信,1
整个_那种,1
不错_整个,1
设计_不错,1
清晰_设计,1
动机_清晰,1
事件_动机,1
错人设_真实感,1
从外_外部环境,1
不去_错人设,1
角色_不去,1
里面_角色,1
心思_里面,1
作者_心思,1
充分_看出,1
描写_充分,1
人物_描写,1
进去_每个,1
容易_代入,1
刻画_容易,1
思想_刻画,1
外部环境_思想,1
一章_每一处,1
走向_喜欢,1
电影_感慨,1
裙子_四个,1
或许_医生,1
手柄_或许,1
放下_手柄,1
结束_放下,1
内容_结束,1
充实_内容,1
包含_充实,1
紧凑_包含,1
不长_流程,1
下岗_不长,1
拐卖_下岗,1
人能_走出,1
船票_人能,1
妈妈_裙子,1
明明_登上,1
看见_妈妈,1
芳芳_看见,1
小镇_芳芳,1
女儿_离开,1
能带_女儿,1
赵小娟_能带,1
爬上来_赵小娟,1
从井里_爬上来,1
没能_从井里,1
陈青穗_没能,1
火车_陈青穗,1
最后_火车,1
叶敬山_最后,1
医生_明明,1
登上_远行,1
缺点_走向,1
医生_令人,1
几乎_缺点,1
抉择_几乎,1
操作_抉择,1
小说_操作,1
看电视_小说,1
像是_看电视,1
游戏性_像是,1
缺点_游戏性,1
一下_缺点,1
补票_尸体,1
结局_过去,1
心碎_结局,1
令人_心碎,1
不知_陈老师,1
远行_列车,1
泪水_不知,1
泪如雨下_泪水,1
桌前_泪如雨下,1
趴在_桌前,1
控制_趴在,1
再也不能_控制,1
响起_再也不能,1
行动_送别,1
无法_行动,1
控制_无法,1
不受_控制,1
身体_不受,1
列车_身体,1
制作者_创作,1
不深_今天,1
影响_表达,1
诗集_撕下,1
婆婆_对芳芳,1
一段_婆婆,1
歧视_中有,1
丧门星_歧视,1
视为_丧门星,1
公婆_视为,1
女儿_忍受,1
照顾_女儿,1
含辛茹苦_照顾,1
死后_含辛茹苦,1
生活_丈夫,1
事业_生活,1
抛下_事业,1
婚姻_抛下,1
赵小娟_婚姻,1
无疑_赵小娟,1
人物_无疑,1
悲剧性_人物,1
最大_悲剧性,1
本作_最大,1
天空_本作,1
欲望_尸体,1
粘稠_欲望,1
扭曲_粘稠,1
心底_扭曲,1
恶鬼_心底,1
真正_恶鬼,1
人间_真正,1
无法_人间,1
对芳芳_今晚,1
今晚_奶奶,1
奶奶_小心,1
身上_延续,1
女性_悲哀,1
一半_女性,1
人口_一半,1
占据_人口,1
数千年_占据,1
更是_数千年,1
悲剧_更是,1
赵小娟_悲剧,1
身上_赵小娟,1
母亲_身上,1
街坊邻居_母亲,1
陌生人_街坊邻居,1
延续_陌生人,1
众多_身上,1
小心_外人,1
平等_众多,1
依然_平等,1
今天_依然,1
男女平等_今天,1
标榜_男女平等,1
昌平_标榜,1
世运_昌平,1
影子_世运,1
熟悉_影子,1
一丝_熟悉,1
身上_一丝,1
或多或少_身上,1
外人_或多或少,1
鬼怪_无法,1
觉悟_鬼怪,1
生出_觉悟,1
无奈_告诉,1
安眠药_巧合,1
混进_儿媳,1
毒鼠强_混进,1
偷偷_毒鼠强,1
赵小娟_偷偷,1
支开_赵小娟,1
夫妇_支开,1
当天_田家,1
案发_当天,1
悲伤_案发,1
忘记_悲伤,1
女儿_忘记,1
告诉_女儿,1
只能_无奈,1
希望_家人,1
母亲_只能,1
田芳芳_母亲,1
幼小_女儿,1
地步_幼小,1
安宁_地步,1
短暂_安宁,1
获得_短暂,1
安眠药_获得,1
必须_服用,1
每晚_必须,1
折磨_每晚,1
精神_折磨,1
公婆_精神,1
巧合_芳芳,1
家人_忘记,1
不由_生出,1
死亡_原因,1
尾声_不由,1
进入_尾声,1
流程_进入,1
自杀_流程,1
绝望_自杀,1
最后_绝望,1
尸骸_最后,1
小小_尸骸,1
冰凉_小小,1
女儿_冰凉,1
见到_女儿,1
回家_见到,1
原因_赵小娟,1
中毒_死亡,1
忘记_父亲,1
三人_中毒,1
肉汤_三人,1
午饭_肉汤,1
放到_午饭,1
安眠药_放到,1
毒药_安眠药,1
混有_毒药,1
偷偷_混有,1
生活_偷偷,1
快乐_生活,1
重新_快乐,1
一家人_重新,1
父亲_一家人,1
悲哀_诗集,1
撕下_一页,1
日夜_承受,1
一页_死后,1
压抑_一直,1
恐惧_压抑,1
流程_恐惧,1
枷锁_整个,1
挣不脱_枷锁,1
永远_挣不脱,1
大山_永远,1
边际_大山,1
不到_边际,1
尽头_不到,1
蔓延到_尽头,1
重重_蔓延到,1
叶敬山_重重,1
列车_叶敬山,1
逃亡_列车,1
登上_逃亡,1
放弃_登上,1
一刻_放弃,1
偏执_最后,1
几近_偏执,1
冤屈_几近,1
洗脱_冤屈,1
赵小娟_洗脱,1
证据_赵小娟,1
真凶_证据,1
惨案_真凶,1
伪造_田家,1
不惜_伪造,1
两人_不惜,1
一直_想要,1
想要_查明真相,1
查明真相_学生,1
过程_大山深处,1
走向_外面,1
大山_走向,1
心理_大山,1
现实_心理,1
走出_现实,1
希望_走出,1
心里_希望,1
点燃_山里,1
想要_点燃,1
内心_想要,1
触动_内心,1
孩子_触动,1
大山深处_孩子,1
倒卖_记者,1
学生_赵小娟,1
猖獗一时_文物,1
曾经_猖獗一时,1
调查_曾经,1
小镇_调查,1
掩饰_小镇,1
支教_掩饰,1
本来_支教,1
色彩_本来,1
明亮_色彩,1
一抹_明亮,1
陈青穗_一抹,1
正名_支教,1
赵小娟_正名,1
母女_两人,1
帮助_母女,1
不遗余力_帮助,1
形象_现实,1
法医_最后,1
前途无量_法医,1
成为_前途无量,1
大山_成为,1
才学_走出,1
过人_才学,1
凭着_过人,1
反抗_凭着,1
倔强_反抗,1
骨子里_倔强,1
最后_骨子里,1
妥协_最后,1
妥协_妥协,1
提叶敬山_形象,1
父母_意愿,1
不得不_提叶敬山,1
春雨_不得不,1
烟火_春雨,1
泥土_烟火,1
大山_泥土,1
出身_大山,1
一辈子_出身,1
埋葬_一辈子,1
最终_埋葬,1
手中_尸体,1
紧紧_手中,1
仍然_紧紧,1
死后_仍然,1
最后_服从,1
意愿_回到,1
重演_不遗余力,1
抱养_孩子,1
身上_重演,1
田芳芳_身上,1
人生_田芳芳,1
避免_人生,1
想要_避免,1
或许_想要,1
妥协_或许,1
懦弱_妥协,1
曾经_懦弱,1
反抗_曾经,1
或许_反抗,1
遇到_赵小娟,1
孩子_遇到,1
拐卖_抱养,1
回到_小镇,1
只不过_拐卖,1
告诉_只不过,1
去世_告诉,1
父母_去世,1
安排_父母,1
父母_安排,1
默默_服从,1
母爱_默默,1
父爱_母爱,1
体会_父爱,1
医生_体会,1
破落_诊所,1
小镇_破落,1
承受_公婆,1
赵小娟_日夜,1
印象_不深,1
男主林理洵_同事,1
厉鬼_狰狞,1
金刚怒目_厉鬼,1
古刹_金刚怒目,1
破败_古刹,1
置身_破败,1
心惊_置身,1
看去_心惊,1
细细_看去,1
屏幕_细细,1
透在_屏幕,1
经文_透在,1
一段_经文,1
惨白_一段,1
开篇_惨白,1
严经_开篇,1
痛苦_严经,1
死人债_喜食,1
二十六岁_死人债,1
献给_二十六岁,1
谨以此文_献给,1
文字_谨以此文,1
记下_一段,1
此地此时_记下,1
领域_此地此时,1
诡谲_领域,1
奇幻_诡谲,1
荒凉_奇幻,1
蜃景_荒凉,1
结出_蜃景,1
狰狞_本该,1
本该_受人,1
受人_礼拜,1
镇上_小卖部,1
刚入_刑警队,1
电话_刚入,1
报警_电话,1
含糊不清_报警,1
一通_含糊不清,1
接到_一通,1
火灾_接到,1
突发_火灾,1
葬礼_突发,1
家中_葬礼,1
横死_家中,1
东西_横死,1
王金财_东西,1
东西_镇上,1
礼拜_佛陀,1
顾名思义_东西,1
死人债_顾名思义,1
引子_死人债,1
人债_引子,1
以死_人债,1
弧度_以死,1
一丝_弧度,1
泛起_一丝,1
吸饱_泛起,1
猩红_吸饱,1
眼看_猩红,1
眯着_眼看,1
佛陀_眯着,1
却常_结出,1
地上_却常,1
干涸_地上,1
简练_关卡,1
生搬硬套_上来,1
智力题_生搬硬套,1
大街_智力题,1
解谜_大街,1
所谓_解谜,1
适中_所谓,1
设置_适中,1
难度_设置,1
冗杂_操作,1
多余_冗杂,1
流畅_多余,1
处理_十分,1
设计_处理,1
台词_简练,1
设计_紧密,1
剧本_台词,1
得当_剧本,1
节奏_得当,1
递进_节奏,1
情节_层层,1
感人_情节,1
朴实_感人,1
用心_朴实,1
细腻_用心,1
讲述_细腻,1
重要_讲述,1
内容_重要,1
表达_内容,1
上来_谜题,1
紧密_相扣,1
为伴_干涸,1
心情_十分,1
黄沙_为伴,1
时刻_黄沙,1
鬼哭_时刻,1
风声_鬼哭,1
深处_风声,1
戈壁_深处,1
聊以自慰_戈壁,1
祝福_聊以自慰,1
朋友_祝福,1
家人_朋友,1
幸而_家人,1
好受_幸而,1
十分_好受,1
日子_心情,1
相扣_代入,1
味道_日子,1
生日_味道,1
习惯_生日,1
早就_习惯,1
度过_早就,1
忙碌_度过,1
一阵_忙碌,1
今天_一阵,1
独立_佳作,1
难得一见_国产,1
确实_难得一见,1
十足_确实,1
代入_十足,1
刑警队_男主林理洵,1
同事_前往,1
借尸还魂_赵小娟,1
前往_案发现场,1
逐渐_拼凑出,1
线索_逐渐,1
一个个_线索,1
物件_一个个,1
一个个_物件,1
bgm_一个个,1
恐怖_bgm,1
方法_恐怖,1
采用_碎片,1
人心_采用,1
险恶_鬼怪,1
真相_险恶,1
灭门案_背后,1
逐渐_揭开,1
世界_逐渐,1
意外_进入,1
灵堂_意外,1
王金财_灵堂,1
关键_王金财,1
惨案_关键,1
破解_惨案,1
鬼域_破解,1
魍魉_鬼域,1
进入_魍魉,1
东西_进入,1
看不到_东西,1
正常人_看不到,1
自小_正常人,1
八字_自小,1
拼凑出_悲剧,1
全貌_本是,1
本是_鬼怪,1
交给_神婆,1
儿子_借尸还魂,1
巫术_死去,1
于用_巫术,1
赵小娟_于用,1
杀死_儿媳,1
鬼迷心窍_杀死,1
最后_鬼迷心窍,1
愈演愈烈_最后,1
形势_愈演愈烈,1
之后_形势,1
叫魂_之后,1
田宇_叫魂,1
神婆_死去,1
钱财_交给,1
鬼怪_吓人,1
大量_钱财,1
一次_大量,1
神婆_一次,1
笃信_神婆,1
迷信_笃信,1
病态_迷信,1
近乎_病态,1
夫妇_近乎,1
造成_这场,1
迷信_造成,1
却是_迷信,1
意外_却是,1
内核_意外,1
主角_八字,1
声音_主角,1
摇摆_声音,1
处处_透着,1
精神_问题,1
儿媳_精神,1
户主_儿媳,1
结论_户主,1
调查_结论,1
自尽_警方,1
儿媳_上吊,1
鼠药_儿媳,1
孙女_鼠药,1
妻子_孙女,1
户主_妻子,1
诡异_户主,1
透着_诡异,1
灭门案_处处,1
毒杀_三人后,1
一家_田家,1
惨案_一家,1
发生_灭门,1
不久前_发生,1
甚大_不久前,1
牵扯_甚大,1
田家_牵扯,1
王金财_田家,1
中林理洵_发现,1
整个_调查过程,1
引开_整个,1
调查_引开,1
案发现场_调查,1
问题_毒杀,1
三人后_畏罪自杀,1
重物_摇摆,1
尸体_运走,1
勒住_重物,1
绳子_勒住,1
话语_绳子,1
那头_话语,1
电话_那头,1
来电_电话,1
神秘_来电,1
接到_神秘,1
电话_接到,1
镇上_电话,1
夜里_镇上,1
那天_夜里,1
运走_那天,1
电话线_尸体,1
畏罪自杀_据说,1
剪掉_电话线,1
不得不_剪掉,1
法医_不得不,1
分开_最后,1
难以_分开,1
一起_难以,1
电话线_纠缠,1
头发_电话线,1
电话_头发,1
垂到_电话,1
头发_垂到,1
死时_头发,1
据说_死时,1
外面_真实,1
真实_广阔,1
世界_田芳芳,1
治疗_公婆,1
芳芳_问过,1
实现_芳芳,1
愿望_实现,1
肃然起敬_可惜,1
母亲_肃然起敬,1
一位_母亲,1
付出_一位,1
未来_付出,1
感受_芳芳,1
无助_我能,1
处境_无助,1
当时_处境,1
小娟_当时,1
不到_小娟,1
想象_不到,1
鱼肉_想象,1
反胃_鱼肉,1
干呕_反胃,1
那令_干呕,1
咽下_那令,1
附身_咽下,1
死去_田宇,1
假装_死去,1
镇小娟_假装,1
清潭_镇小娟,1
能带_芳芳,1
想象_能带,1
母亲_想象,1
一位_伟大,1
问过_小娟,1
小娟_条白,1
条白_裙子,1
城里_读书,1
医院_接受,1
田宇能_医院,1
发生_田宇能,1
不幸_发生,1
一连串_不幸,1
导致_一连串,1
公婆_导致,1
愚昧_公婆,1
根源_封建,1
祸害_根源,1
不好_祸害,1
教育_不好,1
读书_接受,1
孩子_城里,1
裙子_妈妈,1
有错_孩子,1
生活_有错,1
美好_生活,1
裙子_向往,1
那条_裙子,1
上吊_那条,1
小娟_上吊,1
讽刺_小娟,1
好看_讽刺,1
肯定_好看,1
起来_肯定,1
好看_起来,1
妈妈_好看,1
小娟_一位,1
期望_芳芳,1
孩子_期望,1
赵小娟_心疼,1
下场_真是,1
落得_下场,1
竟会_落得,1
最后_竟会,1
女人_最后,1
贤惠_女人,1
漂亮_贤惠,1
温柔_漂亮,1
想象_温柔,1
角色_很难,1
喜欢_角色,1
角色_喜欢,1
心疼_角色,1
胆小_尸体,1
惋惜_不免,1
吓人_胆小,1
突然_吓人,1
恐怖_突然,1
恰到好处_恐怖,1
配乐_恰到好处,1
优秀_配乐,1
高出_优秀,1
质量_高出,1
游后_整体,1
烟火_游后,1
best_love,1
met_best,1
ive_met,1
真是_令人,1
不免_感叹,1
一心_孩子,1
整体_颜色,1
小娟_一心,1
下来_孩子,1
灰暗_下来,1
灿烂_生活,1
原本_灿烂,1
小娟_原本,1
看出_小娟,1
家庭_看出,1
填补_家庭,1
撕下来_填补,1
装饰_撕下来,1
变灰_装饰,1
颜色_变灰,1
摄影棚_整体,1
感叹_两个,1
工作_摄影棚,1
摄影_工作,1
放弃_摄影,1
家庭_小娟,1
形容_家庭,1
只能_形容,1
地步_只能,1
这种_地步,1
封建_这种,1
一点_封建,1
多多少少_一点,1
害人不浅_多多少少,1
两个_害人不浅,1
接受_治疗,1
公婆_思想,1
田芳芳_点燃,1
思想_正常,1
太短_不想,1
缺点_太短,1
最大_缺点,1
难忘_最大,1
真是_难忘,1
心头_真是,1
萦绕在_心头,1
一直_萦绕在,1
忧伤_一直,1
淡淡的_忧伤,1
响起_淡淡的,1
是因为_最后,1
单薄_是因为,1
刻画_单薄,1
优秀_人物,1
影响_优秀,1
总体_影响,1
见仁见智_总体,1
协调_见仁见智,1
些微_协调,1
产生_些微,1
思想_产生,1
神秘_迷信,1
梦幻_神秘,1
相当_梦幻,1
看起来_相当,1
经历_看起来,1
主人公_经历,1
铺陈_主人公,1
不想_承认,1
承认_已经,1
结束_三个,1
感慨_一下,1
实况_印象,1
最火_实况,1
绽放_而出,1
高潮_烟火,1
到达_高潮,1
送别_到达,1
心情_最后,1
压抑_心情,1
一直_压抑,1
太多_意难平,1
有着_太多,1
人世间_烟火,1
烟火_人世间,1
最后_感慨,1
小时_根本,1
共鸣_最后,1
独有_共鸣,1
带给_独有,1
中国_带给,1
温情_中国,1
最多到_温情,1
感受_最多到,1
最后_感受,1
浓玩到_最后,1
元素_浓玩到,1
三伏_流程,1
希望_三伏,1
根本_过瘾,1
设定_铺陈,1
长篇_设定,1
很棒_长篇,1
表现_令人,1
恐怖_一味,1
制作_不错,1
度方_制作,1
流畅_度方,1
完整_流畅,1
烟火_完整,1
之光_烟火,1
崛起_之光,1
解谜_崛起,1
创意_一款,1
玩完_创意,1
叹为观止_太棒了,1
令人_叹为观止,1
拉满_配乐,1
scare_索然无味,1
表现力_拉满,1
小娟_那段,1
天空_小娟,1
上吊_尸体,1
念头_选择,1
自由_念头,1
放弃_追求,1
至死_放弃,1
小娟_至死,1
笑容_小娟,1
开心_笑容,1
小娟_开心,1
正常_希望,1
一味_jump,1
索然无味_专注,1
代入_很棒,1
要素_大概,1
相得益彰_代入,1
表现_相得益彰,1
玩法_表现,1
设置_相当,1
悬疑_设置,1
失望_悬疑,1
恐怕_失望,1
期待_恐怕,1
有所_期待,1
这方面_有所,1
推理_这方面,1
算不上_推理,1
大概_算不上,1
神秘主义_要素,1
专注_不俗,1
恐怖_神秘主义,1
大大_推荐,1
个人观点_大大,1
代表_个人观点,1
scare_代表,1
钟情_jump,1
朋友_钟情,1
选择_朋友,1
青睐_选择,1
惊吓_青睐,1
出其不意_惊吓,1
不烂_出其不意,1
不俗_不烂,1
everyone_ive,1
to_everyone,1
game_to,1
this_game,1
去往_一处,1
默默_去往,1
或许_默默,1
开放式_或许,1
留白_暗示,1
一处_留白,1
是因为_一处,1
高度_是因为,1
空气稀薄_高度,1
感到_空气稀薄,1
提到_感到,1
意境_提到,1
留白_意境,1
恰到好处_留白,1
忘记_恰到好处,1
有人_忘记,1
心中_有人,1
珍视_心中,1
记在_珍视,1
东西_记在,1
留下_东西,1
总会_留下,1
火花_总会,1
飞舞_火花,1
空中_飞舞,1
短如_空中,1
生命_短如,1
生命_陈老师,1
出新_生命,1
一处_地方,1
继续_未竟,1
未竟_陈老师,1
过于_完美,1
毕竟_烟火,1
合适_毕竟,1
评论_合适,1
相关_评论,1
却是_相关,1
生日礼物_却是,1
本文_生日礼物,1
东西_本文,1
真实世界_东西,1
属于_真实世界,1
希望_应该,1
像是_代表,1
完美_像是,1
陈青穗_形象,1
死去_观点,1
更何况_陈青穗,1
心扉_更何况,1
痛彻_心扉,1
殊途_痛彻,1
有人_殊途,1
绮丽_有人,1
情长_绮丽,1
人鬼_情长,1
一丝_人鬼,1
美感_一丝,1
窒息_美感,1
一种_窒息,1
观点_一种,1
滋养_出新,1
细雨_滋养,1
尘埃_春风,1
揭露_埋藏,1
林理洵_今天,1
身证_林理洵,1
或许_身证,1
失踪_或许,1
途中_失踪,1
死亡_真相,1
学生_死亡,1
寻找_学生,1
大案_寻找,1
倒卖_大案,1
后面_文物,1
灭门案_后面,1
埋藏_田家,1
最终_揭露,1
给林_老师,1
耀眼_最终,1
美的_耀眼,1
希望_美的,1
完全_代表,1
陈老师_完全,1
妥协_陈老师,1
代表_现实,1
叶敬山_代表,1
身形_叶敬山,1
照亮_身形,1
眼里_照亮,1
那灯_眼里,1
点燃_那灯,1
镇上_给林,1
老师_举办,1
随风飘_尘埃,1
从信_滑落,1
化为_随风飘,1
绚烂_化为,1
瞬间_绚烂,1
烟火_瞬间,1
春风化雨_烟火,1
标题_春风化雨,1
终章_标题,1
显出_终章,1
落幕_显出,1
烟火_落幕,1
全剧_绽放,1
响起_全剧,1
滑落_一首,1
照片_从信,1
记得_意外,1
最后_一张,1
人生_最后,1
孩子_人生,1
繁华_照亮,1
都市_繁华,1
抛弃_都市,1
准备_抛弃,1
辞职信_准备,1
留下_一封,1
失踪_留下,1
陈青穗_失踪,1
男主_陈青穗,1
意外_男主,1
烟火_却是,1
却是_生日,1
生日_之中,1
目光_遥遥地,1
一眼_今生,1
纸钱_一眼,1
白烛_纸钱,1
燃烧_白烛,1
穿过_燃烧,1
星空_穿过,1
穿过_星空,1
山峦_穿过,1
灰烬_山峦,1
穿透_灰烬,1
一眼_穿透,1
故乡_一眼,1
遥遥地_故乡,1
亲人_目光,1
走向_来世,1
昏暗_亲人,1
冥府_昏暗,1
拨开_冥府,1
流转_拨开,1
光芒_流转,1
祈祷_光芒,1
生人_祈祷,1
蜡烛_生人,1
烟花_蜡烛,1
道路_河灯,1
死去_指引,1
执着_死去,1
不约而同_执着,1
今生_走向,1
来世_田家,1
国家_文化,1
like_it,1
introduce_this,1
will_introduce,1
world_will,1
beautiful_world,1
to_beautiful,1
bring_to,1
will_bring,1
game_will,1
fantastic_game,1
this_fantastic,1
much_this,1
so_much,1
it_so,1
听懂_送别,1
老人_这种,1
最后_听懂,1
山外山_最后,1
天空_长亭,1
手动_滑稽,1
闷棍_手动,1
怨鬼_闷棍,1
还会_怨鬼,1
指不定_还会,1
亮堂_指不定,1
应该_亮堂,1
路上_应该,1
往来_路上,1
这种_往来,1
文化_不约而同,1
温情_制作,1
之中_触动,1
远向_无限,1
黑箱_踏进,1
终极_黑箱,1
死亡_终极,1
意义_死亡,1
实际上_意义,1
世界_实际上,1
讨论_死后,1
死亡_讨论,1
考虑_死亡,1
经常_考虑,1
死亡_经常,1
这墙_死亡,1
无限_这墙,1
无限_远向,1
领域_吞掉,1
深向_无限,1
无限_深向,1
向下_无限,1
无限_向下,1
向上_无限,1
这墙_向上,1
一堵_这墙,1
遇到_一堵,1
迎面_遇到,1
突然_迎面,1
平原_突然,1
东西_平原,1
触动_东西,1
踏进_领域,1
吞掉_信息,1
看个_评论,1
骨骸_恐怕,1
应该_卖太牛,1
记忆_延续,1
奇异_记忆,1
生命_奇异,1
一部分_生命,1
生命_一部分,1
记忆_生命,1
记忆_记忆,1
留下_记忆,1
生命_留下,1
证明_生命,1
最后_证明,1
恐怕_最后,1
一堆_骨骸,1
信息_逃离,1
留下来_一堆,1
一天_留下来,1
痕迹_一天,1
世界_是否,1
活过_世界,1
只在乎_活过,1
死后_只在乎,1
不在乎_死后,1
世界_不在乎,1
知晓_死后,1
无法_知晓,1
活人_永远,1
逃离_活人,1
家里_带来,1
到位_带入,1
收入_彩票,1
游玩_世界,1
削弱_推理,1
推进_削弱,1
遗憾_推进,1
凋零_遗憾,1
天空_凋零,1
送别_冷清,1
压抑_最后,1
小人物_压抑,1
一个个_小人物,1
人心_一个个,1
老师_恐怖,1
报复_支教,1
利益_报复,1
背景_利益,1
触及_背景,1
死亡_触及,1
一起_死亡,1
封建迷信_一起,1
痛苦_爷爷奶奶,1
儿子_痛苦,1
失去_儿子,1
缓解_失去,1
爷爷奶奶_缓解,1
帮助_爷爷奶奶,1
女儿_帮助,1
善良_可爱,1
法律制裁_善良,1
难逃_法律制裁,1
最终_难逃,1
部分_推理,1
推理_简单,1
简单_重要,1
废话_遗憾,1
xdm_进行,1
烦心事_xdm,1
最近_烦心事,1
建议_最近,1
压抑_建议,1
遗憾_十分,1
一丝_遗憾,1
人心_一丝,1
过后_人心,1
游玩_过后,1
遗憾_游玩,1
不仅仅_遗憾,1
遗憾_不仅仅,1
剩下_废话,1
重要_东西,1
可惜_剩下,1
感到_可惜,1
遗憾_感到,1
有着_遗憾,1
难免_有着,1
暗示_难免,1
提高_暗示,1
提示_提高,1
进行_提示,1
变色_进行,1
还会_变色,1
字体_还会,1
东西_字体,1
法律_最终,1
违反_法律,1
医生_违反,1
纸人_本土,1
压抑_绝对,1
环境_压抑,1
身临其境_环境,1
容易_身临其境,1
大多_容易,1
很少_大多,1
音乐_很少,1
进去_音乐,1
深深_代入,1
更是_深深,1
习俗_更是,1
物品_习俗,1
题材_物品,1
大声_纸人,1
整个_骨干,1
宿舍_大声,1
柜子_宿舍,1
匆匆忙忙_柜子,1
追逐战_匆匆忙忙,1
恐怖_追逐战,1
那种_传统,1
反应_那种,1
完美_反应,1
发生_完美,1
风格_发生,1
猪头_水彩,1
祭祀_猪头,1
花圈_祭祀,1
绝对_撑起,1
骨干_游玩,1
逃走_医生,1
美景_囚笼,1
母女俩_逃走,1
帮助_母女俩,1
压抑_帮助,1
解脱_压抑,1
绝望_解脱,1
无助_绝望,1
死亡_无助,1
母女俩_死亡,1
被害_母女俩,1
封建迷信_被害,1
镇子_爷爷奶奶,1
逃离_镇子,1
囚笼_想要,1
一定_美景,1
游玩_游玩,1
山水_一定,1
这间_山水,1
里田宇_这间,1
悲喜_里田宇,1
共同_悲喜,1
了解_共同,1
小人物_了解,1
简介_小人物,1
小说_简介,1
优秀_视觉,1
称得上_一款,1
一直_完全,1
之后_一直,1
进行_游玩,1
世界_地方,1
婀娜多姿_形态,1
地方_发生,1
首歌_黄昏时分,1
相思_响起,1
不舍_相思,1
离人_不舍,1
归不归道_离人,1
行人_归不归道,1
借问_行人,1
飞尽_借问,1
折尽花_飞尽,1
柳条_折尽花,1
一句_柳条,1
留丝_一句,1
柳即_留丝,1
习俗_柳即,1
相赠_习俗,1
离别_相赠,1
古人_离别,1
意象_古人,1
常见_意象,1
诗里_常见,1
赠别_诗里,1
柳是_赠别,1
送别_柳是,1
赠离_送别,1
链接_赠离,1
更加_链接,1
食用_更加,1
图片_食用,1
结合_图片,1
黄昏时分_暮霭,1
暮霭_沉沉,1
沉沉_林理洵,1
柳树_好种,1
人丁兴旺_意思,1
后代_人丁兴旺,1
成活_保佑,1
非常容易_成活,1
柳树_非常容易,1
坟头_柳树,1
习俗_坟头,1
插柳_丧葬,1
坟头_插柳,1
自古_坟头,1
文化_自古,1
好活_传统,1
好种_好活,1
习俗_柳树,1
林理洵_正站,1
一层_丧葬,1
气氛_一层,1
依依不舍_气氛,1
那种_依依不舍,1
歌词_那种,1
这句_歌词,1
柳笛声_这句,1
场景_晚风,1
送别_场景,1
陈老师_送别,1
河畔_送别,1
柳树下_河畔,1
正站_柳树下,1
理解_结合,1
随意_个人,1
契合_随意,1
十分_推荐,1
梦想_出山,1
大山_束缚,1
希望_大山,1
牺牲_自由,1
爱情_牺牲,1
家庭_爱情,1
希望_女性,1
评分_中国,1
xdm_评分,1
恐怖_xdm,1
小说_恐怖,1
喜欢_视觉,1
推荐_喜欢,1
流畅_十分,1
孩子_自由,1
大大增加_流畅,1
简单_大大增加,1
优秀_水彩,1
最后_一款,1
世间_人心,1
温暖_世间,1
陈老师_温暖,1
光明_陈老师,1
起码_光明,1
明亮_起码,1
冷清_明亮,1
烟火_冷清,1
发生_难过,1
出山_希望,1
自由_安全,1
相当_契合,1
过程_结尾,1
悲剧_相当,1
气息_中式,1
哀愁_气息,1
浓厚_哀愁,1
那种_浓厚,1
身上_那种,1
柳树_身上,1
符号_柳树,1
重要_文化,1
文化_重要,1
存在_中国,1
一直_柳树,1
结尾_一直,1
界面_过程,1
安全_街上,1
意象_界面,1
重量级_意象,1
无疑_重量级,1
烟火_无疑,1
柳树_烟火,1
封面_一棵,1
烟火_封面,1
而战_希望,1
正义_而战,1
记者_正义,1
希望_警察,1
奔跑_希望,1
街上_奔跑,1
水彩画_纸人,1
结合_水彩画,1
完美_结合,1
文化_完美,1
离开_思想,1
渴望_离开,1
小娟芳芳_渴望,1
空间_小娟芳芳,1
屏幕_思考,1
留给_屏幕,1
想要_留给,1
野心_想要,1
悲情_野心,1
不仅仅_悲情,1
作者_不仅仅,1
之后_我能,1
控诉_之后,1
烟火_无声,1
折服_冷清,1
人为_折服,1
确实_人为,1
效果_确实,1
呈现_效果,1
最后_呈现,1
服务_最后,1
本作_服务,1
一切都在_本作,1
功底_一切都在,1
剪辑_功底,1
开发者_剪辑,1
佩服_开发者,1
淋漓尽致_不得不,1
死者_遭受,1
落后_小镇,1
小镇_笼中鸟,1
笼中鸟_想要,1
伸张正义_医生,1
身上_社会,1
每个_身上,1
日月_每个,1
无数_日月,1
度过_无数,1
影子_度过,1
消失_扮演,1
留白_消失,1
星空_陈老师,1
孩子_仰望,1
梦想_孩子,1
如愿以偿_梦想,1
医生_如愿以偿,1
方式_伸张正义,1
逃离_桎梏,1
天空_方式,1
最终_天空,1
母女俩_最终,1
惋惜_母女俩,1
受害人_令人,1
主义_受害人,1
封建迷信_主义,1
成为_封建迷信,1
最终_成为,1
所害_最终,1
爷爷奶奶_所害,1
病态_爷爷奶奶,1
桎梏_病态,1
生者_死者,1
一幕_生者,1
戛然而止_一幕,1
关键人物_亲历,1
结局_值得一提的是,1
遭遇_结局,1
人物_遭遇,1
暗示_人物,1
隐晦_暗示,1
线索_隐晦,1
场景_线索,1
豁然开朗_场景,1
一种_豁然开朗,1
过往_一种,1
人物_过往,1
一遍_人物,1
亲历_一遍,1
案件_关键人物,1
本作_演出,1
扮演_案件,1
亲自_扮演,1
后期_亲自,1
伏笔_后期,1
物件_伏笔,1
发现_物件,1
对话_调查,1
人物_对话,1
小说_人物,1
真相_本作,1
难以置信_真相,1
揭开_难以置信,1
最终_揭开,1
值得一提的是_本作,1
演出_感到,1
那一刻_戛然而止,1
切换_不断,1
鱼肉_那一刻,1
女主人_鱼肉,1
音乐_女主人,1
最终_音乐,1
快速_最终,1
变得_快速,1
带动_变得,1
节奏_带动,1
心跳_节奏,1
音乐_心跳,1
激烈_音乐,1
变得_激烈,1
不断_变得,1
反复_切换,1
感到_意外,1
画面_反复,1
女主人_画面,1
场景_女主人,1
地方_场景,1
酷刑_地方,1
阴间_酷刑,1
死者_阴间,1
来到_死者,1
奈何桥_来到,1
走过_奈何桥,1
最后_走过,1
第四章_最后,1
意外_第四章,1
社会_烙痕,1
烙痕_封建迷信,1
封建迷信_儿童,1
一点儿_排斥,1
悲剧_传统,1
表皮_悲剧,1
黑暗_人心,1
人生_百态,1
走过_人生,1
喜怒哀乐_走过,1
情感_喜怒哀乐,1
丰富_情感,1
需要_东西,1
生活_需要,1
东西_生活,1
悲情_东西,1
排斥_悲情,1
多一点_一点儿,1
转角_靠着,1
结局_多一点,1
大团圆_结局,1
喜欢_大团圆,1
感动_这部,1
救赎_感动,1
帮助_得到,1
主动_帮助,1
获得_主动,1
应该_获得,1
舍身取义_应该,1
应该_舍身取义,1
出口_应该,1
找到_出口,1
恐怖_转角,1
靠着_水彩画,1
难以_出去,1
方法_构成,1
惊艳_传统,1
十分_惊艳,1
画风_十分,1
过程_画风,1
恐怖_游玩,1
轻量级_恐怖,1
优秀_轻量级,1
各个方面_十分,1
一部_各个方面,1
悲剧_一部,1
引人深思_悲剧,1
一篇_引人深思,1
构成_一篇,1
起来_碎片,1
水彩画_恰到好处,1
巧妙_串联,1
毫无关系_巧妙,1
相互_毫无关系,1
看似_相互,1
之间_看似,1
精彩_之间,1
同样_精彩,1
解密_同样,1
彰显_一部,1
细节_彰显,1
淋漓尽致_细节,1
恐怖_展现,1
恰到好处_音效,1
出去_找到,1
越长越_难以,1
儿童_拐卖,1
烟火_到底,1
陈老师_告诉,1
留下_无声,1
过后_留下,1
火爆_过后,1
升空_火爆,1
白日_升空,1
一束_白日,1
反抗_一束,1
做出_反抗,1
梦想_做出,1
代表_梦想,1
意味着_代表,1
到底_意味着,1
标题_烟火,1
符合_社会主义,1
双翼_标题,1
折断_双翼,1
仍然_折断,1
最终_仍然,1
抗争_最终,1
做出_抗争,1
压迫_做出,1
现实_压迫,1
梦想_现实,1
有着_梦想,1
压迫_有着,1
权力_压迫,1
拐卖_权力,1
告诉_作业本,1
社会主义_价值观,1
时间_越长越,1
之人_不应,1
困住_时间,1
重要_困住,1
家庭环境_重要,1
良好_家庭环境,1
健康_良好,1
孩子_健康,1
家庭_希望,1
正路_孩子,1
未来_正路,1
眼前_未来,1
沉迷_眼前,1
留恋_沉迷,1
不应_留恋,1
过往_之人,1
价值观_主角,1
幸福_过往,1
真正_幸福,1
家庭和睦_真正,1
破除迷信_家庭和睦,1
现实_破除迷信,1
影射_现实,1
跌宕起伏_影射,1
内容_跌宕起伏,1
人民_内容,1
服务_人民,1
基层_服务,1
扎根_基层,1
主角_扎根,1
意思_婀娜多姿,1
形态_常常,1
天空_恐怖,1
引申_社会,1
东西_集中,1
整个_东西,1
凄凄凉凉_整个,1
瞬间_凄凄凉凉,1
内心_瞬间,1
那版_内心,1
朴树_那版,1
想起_朴树,1
不禁_想起,1
曲子_不禁,1
送别_曲子,1
发展_送别,1
细致_发展,1
这方面_细致,1
出戏_这方面,1
做到_出戏,1
平淡_做到,1
全程_平淡,1
东西_全程,1
突出_东西,1
方面_突出,1
音效_方面,1
游戏音乐_音效,1
上身_游戏音乐,1
招魂_上身,1
打墙_招魂,1
传说_打墙,1
流传_恐怖,1
民间_流传,1
集中_一起,1
一起_之后,1
之后_代入,1
购买_单纯,1
好像_案子,1
案子_好像,1
讲述_案子,1
细思极_讲述,1
立绘_细思极,1
精美_立绘,1
画风_精美,1
优良_画风,1
一款_优良,1
实际上_之后,1
黑森_实际上,1
是因为_黑森,1
单纯_是因为,1
起初_购买,1
代入_悬疑,1
第一款_起初,1
终于_第一款,1
慢悠悠_终于,1
值得_出手,1
性价比_值得,1
来看_性价比,1
价格_来看,1
结合_价格,1
推荐_结合,1
这款_推荐,1
爱好者_这款,1
推理_小说,1
恐怖_推理,1
熟知_民间,1
用品_熟知,1
殡葬_用品,1
林理洵_记者,1
一桩_灭门,1
发现_一桩,1
电池_发现,1
块钱_电池,1
主人公_块钱,1
讲述_主人公,1
大概_讲述,1
清晰_大概,1
刻画_清晰,1
田家_刻画,1
灭门_田家,1
叶敬山_灭门,1
陈青穗_诊所,1
主人公_新人,1
进行_调查,1
鲜明特点_主人公,1
每个_鲜明特点,1
人物_每个,1
线索_人物,1
重要_线索,1
获得_重要,1
即可_获得,1
完成_即可,1
呼应_完成,1
相互_呼应,1
故事情节_相互,1
内容_故事情节,1
数字_内容,1
惨案_进行,1
发现_惊天大,1
中式_殡葬,1
符合_国人,1
棺材_传统,1
灯笼_花圈,1
元宝_纸人,1
气氛_元宝,1
利用_恐怖,1
合理_利用,1
场景_合理,1
一点_吓人,1
阴暗_一点,1
中式_阴暗,1
水彩画_中式,1
口味_怀旧,1
国人_口味,1
画风_符合,1
惊天大_秘密,1
人性_画风,1
揭露_人性,1
耐人寻味_揭露,1
曲折_耐人寻味,1
杀人灭口_曲折,1
拐卖儿童_杀人灭口,1
文物_拐卖儿童,1
封建迷信_倒卖,1
包含_封建迷信,1
风土人情_包含,1
小镇_风土人情,1
中国_小镇,1
秘密_感受,1
案子_引申,1
现象_小小的,1
常常_令人,1
小小的_镇子,1
蜡笔画_成为,1
按键_蜡笔画,1
依靠_按键,1
仅仅_依靠,1
场面_仅仅,1
宏伟_场面,1
打斗_宏伟,1
刺激_打斗,1
特效_刺激,1
沉浸_绚丽,1
做到_沉浸,1
真正_做到,1
评测_真正,1
这篇_评测,1
写下_这篇,1
结尾曲_写下,1
现在_结尾曲,1
崇高_敬意,1
致以_崇高,1
制作组_致以,1
温暖_制作组,1
那份_温暖,1
沁人心脾_那份,1
传递_沁人心脾,1
方式_传递,1
不同_方式,1
闪耀_不同,1
光辉_闪耀,1
抵不过_人性,1
成为_一部,1
一部_佳作,1
佳作_开头,1
折纸_那段,1
之后_感慨万千,1
电影_之后,1
实乃_佳作,1
功底_实乃,1
剧本_功底,1
制作组_剧本,1
佩服_制作组,1
桥段_不得不,1
暖心_桥段,1
居然_暖心,1
恐怖_居然,1
惊讶_恐怖,1
那段_惊讶,1
正义感_特别,1
开头_确实,1
变成_正义感,1
好奇_最后,1
变为_好奇,1
害怕_变为,1
内心_害怕,1
展开_内心,1
驻足不前_展开,1
几次_驻足不前,1
阴间_几次,1
场景_阴间,1
阴间_场景,1
配乐_阴间,1
恐怖_阴间,1
残害_抵不过,1
封建迷信_残害,1
元素_封建迷信,1
现实_给予,1
翱翔_已经,1
天空_翱翔,1
已经_天空,1
飞鸟_已经,1
成为_飞鸟,1
想要_成为,1
挽回_想要,1
办法_挽回,1
巧合_造成,1
多重_巧合,1
一击_多重,1
重重的_一击,1
给予_重重的,1
改变_现实,1
远去_天空,1
悲剧_想要,1
里面_悲剧,1
镇子_或许,1
走出_镇子,1
办法_走出,1
一生_办法,1
穷尽_一生,1
可能性_穷尽,1
好多好多_扼杀,1
困住_好多好多,1
囚笼_困住,1
好像_囚笼,1
镇子_好像,1
已经_远去,1
天空_闪烁着,1
阴森_元素,1
阴沟_有人,1
中式_诡异,1
美好_中式,1
种种_美好,1
世间_种种,1
追寻着_世间,1
星空_追寻着,1
小镇_仰望,1
满是_封建迷信,1
一座_满是,1
泥潭_一座,1
实则_泥潭,1
清潭_实则,1
有人_仰望,1
王尔德_阴沟,1
闪烁着_听闻,1
两个_王尔德,1
化成_两个,1
最后_化成,1
话语_最后,1
夸赞_话语,1
前半部_夸赞,1
自我_前半部,1
很棒_值得,1
刚刚_很棒,1
难度_刚刚,1
终于_玩完,1
电视剧_真不错,1
听闻_电视剧,1
线索_数字,1
折纸_线索,1
拼图_折纸,1
贴合_拼图,1
悲哀_思绪,1
充满_悲哀,1
场景_充满,1
矛盾_场景,1
为伴_这种,1
柳树_为伴,1
故园_柳树,1
象征_故园,1
一棵_象征,1
归宿_一棵,1
最终_归宿,1
束缚_最终,1
走不出_束缚,1
游轮_走不出,1
好似_游轮,1
叶敬山_好似,1
之于_叶敬山,1
大山_之于,1
游轮_大山,1
走出_游轮,1
钢琴师_无法,1
像是_海上,1
大山_像是,1
未知_走出,1
勇气_未知,1
大山_勇气,1
船票_走出,1
生父母_船票,1
有着_生父母,1
思绪_值得一提的是,1
值得一提的是_烟火,1
烟火_作者,1
环环相扣_场景,1
顺理成章_总体,1
自然_顺理成章,1
出现_自然,1
内容_出现,1
至少_内容,1
出现_至少,1
惊悚_画面,1
吓人_惊悚,1
恐怖_特别,1
真实_恐怖,1
年代_真实,1
道具_年代,1
场景_道具,1
恐怖_环环相扣,1
黑森_谭中,1
下来_想象,1
特色_整个,1
解谜_本土,1
毫不_稀奇,1
影子_毫不,1
有着_影子,1
身上_有着,1
我想_叶敬山,1
彩蛋_我想,1
钢琴师_彩蛋,1
存在_海上,1
同样_存在,1
谭中_同样,1
山外_有着,1
从未_山外,1
故土_从未,1
柳树_温柔,1
梧桐_桑树,1
种树_梧桐,1
家里_种树,1
古人_家里,1
叶敬山_古人,1
情柳_叶敬山,1
故园_情柳,1
后代_故园,1
照拂_保佑,1
孩子_照拂,1
给予_山里,1
春风化雨_给予,1
温柔_春风化雨,1
陈老师_柳树,1
柳树_古人,1
关系_陈老师,1
丧葬_关系,1
柳树_丧葬,1
是因为_柳树,1
合理_是因为,1
存在_合理,1
场景_柳树,1
死亡_场景,1
看作_死亡,1
结局_看作,1
美人_陈老师,1
联想_美人,1
令人_联想,1
桑树_柳树,1
古人_庭院,1
魂牵梦萦_故土,1
何人_不起,1
叶敬山_魂牵梦萦,1
悲哀_叶敬山,1
令人_悲哀,1
柳树_令人,1
就种_一棵,1
背后_就种,1
医务室_背后,1
敬山_医务室,1
中叶_敬山,1
烟火_中叶,1
例子_烟火,1
故园_例子,1
不起_故园,1
中闻折_何人,1
庭院_常见,1
夜曲_中闻折,1
李白_夜曲,1
用法_李白,1
类似_用法,1
同样_类似,1
柳树_同样,1
故乡_柳树,1
就是指_故乡,1
桑梓_就是指,1
代名词_桑梓,1
思乡_代名词,1
成为_思乡,1
常见_成为,1
总体_确实,1
确实_一款,1
一款_欢迎,1
剧本_平庸,1
完完全全_不及格,1
差评_完完全全,1
垃圾_差评,1
分数_垃圾,1
评定_分数,1
无法_评定,1
暂时_无法,1
评分_暂时,1
整体_评分,1
人生_整体,1
第二_人生,1
精彩_第二,1
平庸_精彩,1
厕纸_剧本,1
总体_和谐,1
无价_厕纸,1
信仰_无价,1
一试_信仰,1
闲钱_一试,1
有点_闲钱,1
评论_有点,1
不退_评论,1
打折_不退,1
全款_打折,1
不亏_全款,1
加价_不亏,1
喜加_加价,1
免费_喜加,1
不及格_总体,1
和谐_买来,1
游玩_反正,1
水准_方面,1
内容_贴合,1
整体_内容,1
不高_整体,1
巧妙_难度,1
谜题_谜题,1
一道_谜题,1
场景_一道,1
每个_场景,1
评分_基本上,1
专属_评分,1
死忠_专属,1
精品_死忠,1
方面_精品,1
预定_水准,1
买来_笑话,1
超出_预定,1
完全_超出,1
不错_完全,1
来看_不错,1
角度_来看,1
不错_角度,1
算是_不错,1
算是_算是,1
及格_算是,1
勉强_及格,1
问题_勉强,1
应该_问题,1
笑话_应该,1
反正_免费,1
免费_游玩,1
关注_芭蕉,1
芭蕉_福利,1
赏心悦目_美丽,1
区分_赏心悦目,1
现实_区分,1
无法_现实,1
像素_无法,1
效果_像素,1
画面_效果,1
小游戏_画面,1
百兆_小游戏,1
大小_百兆,1
经验_大小,1
资源_经验,1
福利_资源,1
分享_芭蕉,1
不怎么样_太久,1
一起_分享,1
芭蕉_一起,1
加入_芭蕉,1
小白_加入,1
大神_小白,1
绅士_大神,1
lsp_绅士,1
哲学家_lsp,1
肥宅_哲学家,1
各路_肥宅,1
欢迎_各路,1
鉴赏家_欢迎,1
芭蕉_鉴赏家,1
美丽_不怎么样,1
太久_画图,1
性价比_免费,1
锻炼_精神,1
烧脑_性价比,1
精通_烧脑,1
手快_精通,1
动动脑_手快,1
轻松愉快_动动脑,1
炸炸_轻松愉快,1
突突突_炸炸,1
点点_突突突,1
难度_点点,1
玩法_难度,1
能力_玩法,1
打击_能力,1
精神_打击,1
不怎么样_锻炼,1
画图_exe,1
普普通通_不怎么样,1
不错_普普通通,1
完美_不错,1
之魂_完美,1
黑暗_之魂,1
人类_黑暗,1
困难_人类,1
中等_困难,1
简单_中等,1
宠物_简单,1
你家_宠物,1
难度_你家,1
exe_操作,1
一起_最终,1
事件_串联,1
一件件_事件,1
亲历者_情感,1
慌张_到手,1
一度_慌张,1
到位_中间,1
冲击_到位,1
视觉_冲击,1
突如其来_视觉,1
一绝_突如其来,1
简直_一绝,1
音效_简直,1
冲击_音效,1
直接_冲击,1
老烂俗_直接,1
单薄_老烂俗,1
恐怖_单薄,1
大多_恐怖,1
超过_大多,1
不亚于_远远,1
恐惧_不亚于,1
带来_恐惧,1
事情_带来,1
身边_事情,1
发生_身边,1
切实_发生,1
这种_切实,1
实感_这种,1
极具_实感,1
变得_极具,1
元素_一下,1
现实_元素,1
到手_虚汗,1
虚汗_指缝,1
指缝_屏幕,1
最是_害人,1
理智_批判,1
局外人_理智,1
绝望_局外人,1
之力_绝望,1
神佛_之力,1
寄希望于_神佛,1
只能_寄希望于,1
想到_只能,1
时常_想到,1
没错_时常,1
终极目标_没错,1
迷信_终极目标,1
害人_科学,1
思想_最是,1
屏幕_勉强,1
腐朽_思想,1
不好_腐朽,1
细腻_不好,1
情感_细腻,1
细节_情感,1
设计_细节,1
没断_设计,1
刀片_没断,1
ps_刀片,1
样子_ps,1
下去_样子,1
玩儿_下去,1
勉强_玩儿,1
大量_现实,1
什么游戏_充斥,1
人怕_什么游戏,1
程序_美术,1
希望_新作,1
一下_希望,1
朋友_一份,1
起来_朋友,1
早上_起来,1
明天_早上,1
不易_明天,1
创作_不易,1
独立_创作,1
深知_独立,1
佩服_深知,1
属实_佩服,1
剧本_属实,1
包揽_程序,1
早日_上线,1
独自_包揽,1
真是_独自,1
蟑螂_真是,1
一长串_月光,1
staff_一长串,1
送别_staff,1
同类_喜欢,1
优秀_同类,1
可行_希望,1
恐怖_可行,1
证明_中式,1
进一步_证明,1
成功_进一步,1
新作_早日,1
上线_一壶,1
明白_人怕,1
播放_影片,1
用心_明白,1
制作_用心,1
强烈_制作,1
变得_强烈,1
欲望_一下,1
拙见_欲望,1
浅知_拙见,1
分享_浅知,1
播放_分享,1
循环_播放,1
无限_循环,1
脑海_无限,1
影片_脑海,1
暂停_播放,1
阴郁_外衣,1
失去_暂停,1
画面_失去,1
诸多_画面,1
闭上眼_诸多,1
现在_闭上眼,1
有点_现在,1
属实_有点,1
劲儿_属实,1
出色_推荐,1
风格_出色,1
蟑螂_风格,1
温情_月光,1
外衣_温情,1
批判_亲历者,1
情感_依托,1
一起_一件件,1
依托_长辈,1
网游_地方,1
不同于_网游,1
单机游戏_不同于,1
不同于_单机游戏,1
思考_不同于,1
回味无穷_思考,1
一大堆_回味无穷,1
之外_一大堆,1
惊悚_之外,1
心理_惊悚,1
做到_心理,1
最高_烟火,1
绝对_最高,1
震撼_绝对,1
里面_震撼,1
参与_艺术,1
亲身_参与,1
里面_亲身,1
来到_第九,1
现在_来到,1
影视剧_现在,1
看过_影视剧,1
送别_看过,1
一生_铭记,1
烟火_一生,1
璀璨_烟火,1
一场_璀璨,1
看过_一场,1
今晚_看过,1
地方_网游,1
网游_热血,1
热血_激情,1
地方_极具,1
以后_创作,1
研究_以后,1
好好_研究,1
应该_好好,1
创作者_应该,1
视频_创作者,1
导演_视频,1
开发者_导演,1
独立_开发者,1
表达形式_独立,1
创意_表达形式,1
感染力_创意,1
极具_感染力,1
卓越_地方,1
激情_单机游戏,1
真是_意难平,1
陈老师_真是,1
成为_扔下,1
勇气_希望,1
星空_勇气,1
身在_井底,1
一首_藏头诗,1
天空_一首,1
称号_尸体,1
艺术_称号,1
代表_第九,1
更能_代表,1
单机游戏_更能,1
成为_今晚,1
不必_成为,1
光芒四射_不必,1
这种_情感,1
压抑_句子,1
想起_压抑,1
期间_想起,1
回事_期间,1
看待_回事,1
不知_看待,1
引人智_不知,1
毒品_引人智,1
精神_毒品,1
一类_精神,1
仿佛_一类,1
寄托_仿佛,1
情感_寄托,1
苛责_这种,1
起风_降落,1
一种_苛责,1
一码事_一种,1
分明_一码事,1
落后_分明,1
长辈_思想,1
归咎于_长辈,1
完全_归咎于,1
缺失_完全,1
文化_缺失,1
环境_文化,1
共情_环境,1
无法_共情,1
长辈_无法,1
句子_起风,1
降落_云层,1
不必_光芒四射,1
仿佛_羁绊,1
行色匆匆_不必,1
不必_行色匆匆,1
飞往_不必,1
想到_飞往,1
透明_想到,1
澄澈_透明,1
月色_澄澈,1
洒落_月色,1
轻云_洒落,1
透过_轻云,1
发生_透过,1
不曾_发生,1
羁绊_不曾,1
最后_仿佛,1
云层_撕扯,1
崩塌_最后,1
深渊_崩塌,1
左右_深渊,1
独木桥_左右,1
狭窄_独木桥,1
一条_狭窄,1
行走_一条,1
归于_行走,1
命运_归于,1
浑然不知_命运,1
天边_浑然不知,1
飞向_天边,1
撕扯_飞向,1
烟火_成功,1
感染力_希望,1
认真_感染力,1
要素_认真,1
当时_心理,1
打不开_当时,1
窗口_打不开,1
测试_窗口,1
发觉_测试,1
测试_发觉,1
引擎_测试,1
制作_引擎,1
打开_制作,1
烟火_打开,1
关掉_烟火,1
没用_关掉,1
改改_没用,1
需要_改改,1
东西_需要,1
有个_东西,1
想起_有个,1
烟火_突然,1
maker_烟火,1
rpg_maker,1
居然_rpg,1
引擎_居然,1
惊讶_引擎,1
味道_惊讶,1
推敲_中式,1
值得_推敲,1
很配_绝配,1
它配_很配,1
恐怖_它配,1
心理_想法,1
想法_难道,1
难道_一下,1
谋利_行为,1
非常感谢_作者,1
激动_非常感谢,1
效果_激动,1
这种_效果,1
做到_这种,1
堆起来_做到,1
事件_堆起来,1
一点点_事件,1
插件_一点点,1
代码_插件,1
基本_代码,1
佩服_基本,1
行为_不得不,1
盗取_谋利,1
一下_没错,1
拆包_盗取,1
破解_拆包,1
绝对_破解,1
一下_绝对,1
查看_一下,1
随便_查看,1
文件_随便,1
工程_文件,1
打开_工程,1
一下_打开,1
申明_一下,1
提前_申明,1
没错_提前,1
吓哭_恐怖,1
感动_吓哭,1
第一款_最后,1
下辈子_妈妈,1
全家_公公,1
反讽_公公,1
一下_反讽,1
顺便_一下,1
别上来_顺便,1
地下_别上来,1
永远_地下,1
婆婆_永远,1
希望_公公,1
好人家_希望,1
妈妈_好人家,1
一起_妈妈,1
妈妈_一起,1
芳芳_下辈子,1
合照_感受,1
希望_芳芳,1
老师_希望,1
悲剧_芳芳,1
最后_悲剧,1
这场_最后,1
巧合_导致,1
欺骗_巧合,1
目的_欺骗,1
主要_目的,1
作者_主要,1
简单_作者,1
穿插_部分,1
中间_穿插,1
一家_合照,1
感受_工作室,1
半小时_今宵,1
推荐_单元,1
发呆_半小时,1
深夜_发呆,1
蟑螂_nb,1
陈老师_月光,1
地方_送别,1
孩子_不到,1
药瓶_放在,1
一定_药瓶,1
告诉_一定,1
最后_告诉,1
呜呜_最后,1
名字_呜呜,1
单元_名字,1
否认_值得,1
工作室_包括,1
不能_否认,1
没填_不能,1
小坑_没填,1
几个_小坑,1
黑暗_几个,1
报社_黑暗,1
问题_报社,1
教育_问题,1
孩子_教育,1
盗墓_孩子,1
医闹_盗墓,1
封建迷信_医闹,1
包括_封建迷信,1
作者_带来,1
带来_致敬,1
致敬_希望,1
朴素_善恶,1
眼泪_八音盒,1
两滴_眼泪,1
忍不住_两滴,1
国产_忍不住,1
善良_国产,1
中立_善良,1
加成_中立,1
文化_加成,1
不大不小_文化,1
裹挟_不大不小,1
迷信_裹挟,1
实用主义_迷信,1
善恶_实用主义,1
沾点_朴素,1
一出_童声,1
这种_沾点,1
向善_这种,1
陈老师_向善,1
迷信_送别,1
放船_迷信,1
小朋友_放船,1
向善_小朋友,1
伸冤_向善,1
学警_替死,1
警官_学警,1
劝林_警官,1
迷信_劝林,1
算命_迷信,1
八音盒_送别,1
合唱_李叔同,1
比如说_神婆,1
脆弱_在我看来,1
打开_要素,1
深夜_打开,1
阻止_深夜,1
删掉_阻止,1
作者_删掉,1
谢谢_作者,1
真正_谢谢,1
框架_真正,1
固定_框架,1
恐怖_固定,1
脱出_恐怖,1
已经_脱出,1
在我看来_已经,1
实在_脆弱,1
千古_名篇,1
神经_实在,1
惊吓_神经,1
恐怖_惊吓,1
scare_美式,1
处处_jump,1
那种_处处,1
做成_那种,1
烟火_做成,1
高兴_烟火,1
写定_高兴,1
推荐_写定,1
知道_推荐,1
名篇_知道,1
神婆_算命,1
来看_比如说,1
希望_作者,1
主题_情节,1
警官_奉献精神,1
刻画_陈老师,1
群体_刻画,1
更大_群体,1
反映_更大,1
个体_反映,1
特定_个体,1
几个_特定,1
聚焦_几个,1
精巧_聚焦,1
堪称_精巧,1
设计_堪称,1
情节_设计,1
眼泪_烟火,1
刻画_田氏,1
大颗_眼泪,1
大颗_大颗,1
椅上_大颗,1
夜晚_椅上,1
打动_夜晚,1
一次次_打动,1
奉献精神_一次次,1
利他主义_奉献精神,1
纯粹_利他主义,1
有下_一部,1
优秀_有下,1
更加_优秀,1
一部_更加,1
奉献精神_刻画,1
祖辈_迷信,1
slogan_来看,1
自作自受_性命,1
科学_slogan,1
破除迷信_相信,1
宣传_破除迷信,1
人民警察_宣传,1
也许_人民警察,1
因果报应_也许,1
也许_因果报应,1
母亲_也许,1
害死_母亲,1
无意_害死,1
举动_无意,1
纯真_举动,1
性命_孩子,1
祖辈_自作自受,1
迷信_自私,1
平衡_田氏,1
微妙_平衡,1
一种_微妙,1
达到_一种,1
安排_达到,1
情节_安排,1
尤深_情节,1
害人_尤深,1
赞歌_封建迷信,1
人民警察_赞歌,1
教师_人民警察,1
实则_人民,1
自私_实则,1
创作_大有,1
大有_好处,1
好处_以下内容,1
风俗_风格,1
全程_压抑,1
反思_全程,1
折射_反思,1
现象_折射,1
扭曲_社会,1
这种_扭曲,1
完成_这种,1
推理_完成,1
紧扣_悬疑,1
环环_紧扣,1
之下_环环,1
表皮_之下,1
主题_表皮,1
灵魂_恐怖,1
囚禁_灵魂,1
封建思想_囚禁,1
传统_封建思想,1
更是_传统,1
真相_更是,1
扑朔迷离_真相,1
原本_扑朔迷离,1
不仅仅_原本,1
看清_不仅仅,1
迷雾_看清,1
透过_迷雾,1
惨案_透过,1
一宗_灭门,1
调查_一宗,1
恐怖_调查,1
情感_结尾,1
结尾_过后,1
过后_空中,1
传说_长辈,1
音乐_布置,1
耸立_场景,1
汗毛_耸立,1
不由自主_汗毛,1
一位_不由自主,1
屏幕_一位,1
运用_屏幕,1
大量_运用,1
元素_大量,1
传统习俗_元素,1
保有_传统习俗,1
仍然_保有,1
长辈_仍然,1
耳濡目染_传说,1
空中_烟火,1
从小_耳濡目染,1
中国_从小,1
像是_中国,1
氛围_像是,1
阴森_诡异,1
一种_阴森,1
有意_本土,1
主题_有意,1
为外_一款,1
恐怖_为外,1
同好_恐怖,1
爆发_中国,1
烟火_爆发,1
定义_一部,1
单纯_定义,1
本作_单纯,1
辛酸_无奈,1
不敢_不能,1
泥沼_不敢,1
思想_泥沼,1
漩涡_思想,1
生活_漩涡,1
囿于_生活,1
不能自拔_囿于,1
泥潭_不能自拔,1
清潭_泥潭,1
扎根_名为,1
深深_扎根,1
很棒_深深,1
无奈_很棒,1
真相大白_辛酸,1
一窥_背后,1
恐怖_真相大白,1
技巧_诡异,1
太多_技巧,1
无与伦比_太多,1
感是_无与伦比,1
整个_感是,1
下来_整个,1
完整_下来,1
一口气_完整,1
最好_一口气,1
过长_最好,1
总时长_过长,1
下来_总时长,1
不能_一窥,1
背后_腐朽,1
无法_本作,1
中国_文化,1
气来_无法,1
压抑_气来,1
叙事_压抑,1
元素_叙事,1
惊悚_元素,1
常有_惊悚,1
恐怖_常有,1
很难_传统,1
下来_几乎,1
本作_下来,1
通篇_本作,1
悲剧_爱情,1
文化_悲剧,1
飞向_远方,1
腐朽_深渊,1
干干净净_飞向,1
羽翼_干干净净,1
洁白_羽翼,1
展开_洁白,1
包围_地方,1
灰烬_包围,1
重重_灰烬,1
逃离_重重,1
鸟儿_逃离,1
洁白_鸟儿,1
离开_洁白,1
希望_离开,1
深渊_希望,1
布置_恰到好处,1
恰到好处_无时不刻,1
无时不刻_带给,1
互动_之中,1
烟火_地方,1
如果说_烟火,1
灵魂_如果说,1
缺失_灵魂,1
有所_缺失,1
程度_有所,1
游戏性_一定,1
本作_游戏性,1
导致_本作,1
直接_导致,1
谜题_直接,1
不大_谜题,1
之中_难度,1
场景_互动,1
不得不_连贯,1
了解_难度,1
削减_了解,1
极大_削减,1
割裂_极大,1
造成_割裂,1
解谜_造成,1
不想_解谜,1
连贯_不想,1
叙事_连贯,1
似乎_保证,1
遗憾_似乎,1
来破_遗憾,1
等待_来破,1
地方_不得不,1
连贯_叙事,1
包括_谜题,1
来看_烟火,1
拼接_一起,1
线索_拼接,1
一条条_线索,1
事件_一条条,1
越来越_灵异,1
遇到_越来越,1
深入_遇到,1
展开_调查,1
案件_展开,1
纵火_案件,1
人为_纵火,1
疑似_人为,1
烟火_一起,1
小说_来看,1
流畅_做出,1
深度_悬疑,1
富有_深度,1
一本_富有,1
当作_一本,1
完全_当作,1
剧本_完全,1
值得_烟火,1
完全_值得,1
牺牲_完全,1
这种_牺牲,1
事实证明_这种,1
让步_事实证明,1
做出_让步,1
谜题_等待,1
迷雾_包括,1
带给_压力,1
出色_叙事,1
无力_做出,1
骇人听闻_无力,1
推进_骇人听闻,1
吓一跳_推进,1
惊喜_吓一跳,1
冒出来_惊喜,1
突然_冒出来,1
流程_突然,1
大部分_流程,1
恐怖_大部分,1
多数_恐怖,1
区别_多数,1
叙事_区别,1
烟火_出色,1
事实_感到,1
心灵_烟火,1
直击_心灵,1
真正_直击,1
基础_真正,1
完美_基础,1
打造出_完美,1
气氛_打造出,1
如果说_恐怖,1
继续前进_如果说,1
不敢_继续前进,1
害怕_不敢,1
过于_害怕,1
压力_过于,1
改变_事实,1
感到_十足,1
最终_拨开,1
更为_成功,1
剥茧_最终,1
层层_剥茧,1
调查_层层,1
不断_调查,1
切入_不断,1
警官_视角,1
办案_警官,1
一名_办案,1
乏善可陈_一名,1
显得_乏善可陈,1
之下_显得,1
叙事_之下,1
成功_叙事,1
只能_更为,1
十足_压迫感,1
解谜_只能,1
玩法_本作,1
主要_玩法,1
推动_主要,1
组成_推动,1
部分_组成,1
演出_解谜,1
主要_演出,1
流程_主要,1
烟火_流程,1
驱动_烟火,1
解谜_驱动,1
压迫感_解谜,1
恐怖_下来,1
传统_风俗,1
以下内容_轻微,1
浓厚_中国,1
倒叙_手法,1
经典_倒叙,1
展现_经典,1
完美_展现,1
那段_完美,1
嫌疑人_回忆,1
案子_嫌疑人,1
整个_案子,1
得知_整个,1
醒来_得知,1
第二次_昏迷,1
主角_第二次,1
片段_主角,1
盗墓_片段,1
了解_盗墓,1
角色_了解,1
水墨画_角色,1
一张_水墨画,1
操作_一张,1
主角_操作,1
枫树_主角,1
月落乌啼_枫树,1
那段_月落乌啼,1
相似_创意,1
表现_相似,1
活灵活现_表现,1
回忆_活灵活现,1
那段_回忆,1
颇具_创意,1
手法_画面,1
画面_扭曲,1
扭曲_重影,1
切换_阳间,1
一点_令人,1
奖状_一点,1
奖状_奖状,1
撕开_芳芳,1
触景生情_撕开,1
内心世界_触景生情,1
芳芳_内心世界,1
了解_芳芳,1
十分_主角,1
设定_十分,1
视角_设定,1
阴间_视角,1
阳间_阴间,1
片段_玩具,1
重影_倍速,1
关键_片段,1
隐藏_关键,1
有意_隐藏,1
之前_有意,1
展示_之前,1
最终_展示,1
倒放_最终,1
动画_倒放,1
前进_动画,1
人物_前进,1
背景音乐_人物,1
阴间_背景音乐,1
倍速_阴间,1
对话_颇具,1
四口_对话,1
前进_一家,1
赵小娟_地狱,1
感受_留下,1
场景_感受,1
记录_场景,1
文字_记录,1
难用_文字,1
高潮_难用,1
整个_高潮,1
达到_整个,1
蒙太奇_达到,1
那段_蒙太奇,1
落下_那段,1
断头_落下,1
地狱_断头,1
回忆_赵小娟,1
极其_深刻,1
心灵深处_回忆,1
迥然不同_心灵深处,1
基调_迥然不同,1
画风_基调,1
两段_画风,1
当属芳芳_两段,1
时刻_当属芳芳,1
最高_时刻,1
整个_最高,1
剧透_整个,1
深度_剧透,1
一段_深度,1
剧透_最后,1
留下_极其,1
印象_只能,1
公交车_前进,1
上去_神婆,1
画中_公交车,1
代表_画中,1
起来_代表,1
就动_起来,1
背景_就动,1
后面_背景,1
玻璃窗_后面,1
公交车_玻璃窗,1
那画_公交车,1
推进_那画,1
回忆_推进,1
场景_回忆,1
神婆_场景,1
公交车_上去,1
只能_懂得,1
坐在_公交车,1
四口_坐在,1
铅笔画_一家,1
文字_铅笔画,1
有芳芳_文字,1
残页_有芳芳,1
残页_残页,1
日记_残页,1
一张_日记,1
芳芳_一张,1
展示_芳芳,1
一段_展示,1
懂得_中有,1
拍案叫绝_巧妙,1
巧妙_地方,1
地方_实在,1
申冤_正义,1
意外_安心,1
竟然_意外,1
npc_竟然,1
队伍_npc,1
陈老师_加入,1
害怕_陈老师,1
一想_害怕,1
想害_一想,1
真相_想害,1
想要_真相,1
死者_想要,1
使者_死者,1
正义_使者,1
为民_申冤,1
玩完_烟火,1
一直_为民,1
过程_一直,1
游戏性_只能,1
直接_游戏性,1
枚举法_直接,1
谜题_枚举法,1
动脑_谜题,1
不用_动脑,1
基本_线性,1
期望_基本,1
达到_期望,1
不够_达到,1
力度_不够,1
安心_国产,1
更加_认为,1
吸引力_反转,1
nb_月光,1
有着_浓厚,1
送别_犯规,1
恐怖_胆子,1
很棒_不怎么,1
氛围_很棒,1
巧思_氛围,1
气息_巧思,1
本土_气息,1
喜欢_本土,1
人物_美术,1
陈老师_永不,1
值得_坠入,1
蟑螂_tql,1
工作室_nb,1
认为_人物,1
拾樱_工作室,1
哇哇_拾樱,1
呜呜_哇哇,1
绽放_星河,1
愿作_烟火,1
舍不得_陈老师,1
锦上添花_舍不得,1
只不过_锦上添花,1
动作_只不过,1
炫酷_动作,1
特效_炫酷,1
核心_绚丽,1
塑造_核心,1
反转_力度,1
反转_吸引力,1
实在_太多,1
展开_叙事,1
作案动机_太弱,1
医生_作案动机,1
败笔_医生,1
评分_败笔,1
出彩_评分,1
十分_出彩,1
谜题_十分,1
因素_谜题,1
两个_因素,1
解密_两个,1
新意_恐怖,1
屡屡_新意,1
叙事_屡屡,1
意想不到_地方,1
放火_袭警,1
场景_意想不到,1
固定_场景,1
跳出_固定,1
常常_跳出,1
动画_常常,1
普通_动画,1
一段_普通,1
文字_一段,1
仅仅只是_一段,1
对话框_仅仅只是,1
层出不穷_对话框,1
手法_层出不穷,1
太多_发现,1
太弱_放火,1
袭警_犯罪,1
角色_反转,1
另有_目的,1
亦正亦邪_角色,1
塑造成_亦正亦邪,1
父母_塑造成,1
小娟_父母,1
毒杀_小娟,1
脱离苦海_毒杀,1
帮小娟_脱离苦海,1
医生_帮小娟,1
或者说_医生,1
一员_或者说,1
团伙_一员,1
坏人_盗墓,1
目的_坏人,1
塑造成_另有,1
犯罪_死者,1
医生_塑造成,1
失望_医生,1
淡淡的_失望,1
惊艳_淡淡的,1
反转_惊艳,1
最后_反转,1
这份_最后,1
做到_这份,1
必要_做到,1
同病相怜_必要,1
小娟_同病相怜,1
正名_小娟,1
死者_正名,1
科学_杜绝,1
杜绝_迷信,1
迷信_墙头,1
小娟_人物,1
改编_剧本,1
难得_改编,1
实属_难得,1
讲故事_实属,1
用心_讲故事,1
国产_用心,1
真心_不错,1
distraint_真心,1
finch_distraint,1
edith_finch,1
借鉴_edith,1
略有_借鉴,1
玩法_略有,1
永别_陈老师,1
连天_永别,1
葬礼_长亭,1
回来_一场,1
十年_回来,1
也许_两年,1
葬礼_也许,1
星河_绽放,1
繁星_坠入,1
自由化_繁星,1
鸟儿_自由化,1
便是_自由,1
死亡_便是,1
看来_死亡,1
骂名_看来,1
背负_骂名,1
剧本_绝妙,1
相比_恐怖,1
更加_合适,1
逆来顺受_完全,1
害死_最后,1
只能_封建迷信,1
避免_悲剧,1
本可_避免,1
一场_本可,1
感动_这是,1
愚昧_感动,1
感受_愚昧,1
丈夫_感受,1
女儿_丈夫,1
公婆_女儿,1
牺牲_公婆,1
完全_牺牲,1
小娟_逆来顺受,1
合适_实在,1
招魂_小娟,1
儿子_招魂,1
老人_儿子,1
殆尽_两位,1
消亡_殆尽,1
真正_消亡,1
何时能_真正,1
封建残余_何时能,1
感动_封建残余,1
之后_感动,1
可言_玩完,1
元素_可言,1
实在_恐怖,1
只能_背负,1
芳芳_最后,1
牺牲_芳芳,1
奇妙_联系,1
寻觅_愿侬,1
漂泊_寻觅,1
一朝_漂泊,1
鲜妍_一朝,1
明媚_鲜妍,1
严相_明媚,1
风刀霜剑_严相,1
三百六十日_风刀霜剑,1
一年_三百六十日,1
句子_一年,1
吟里_句子,1
葬花_吟里,1
联系_葬花,1
时间_值得,1
下生_双翼,1
打发_打发,1
工作_打发,1
学习_工作,1
适合_学习,1
不错_适合,1
比较_不错,1
胆子_比较,1
这种_胆子,1
元素_这种,1
怅然_恐怖,1
一会儿_怅然,1
完后_一会儿,1
片尾曲_完后,1
愿侬_下生,1
双翼_随花,1
田家_牺牲,1
天空_封建,1
来到_田家,1
梦想_来到,1
撕碎_梦想,1
亲手_撕碎,1
赵小娟_亲手,1
人心_赵小娟,1
恶鬼_人心,1
鬼神_恶鬼,1
人惧_鬼神,1
说辞_人惧,1
罪恶_说辞,1
掩盖_罪恶,1
封建_掩盖,1
难度_基本,1
随花_飞到,1
推理_难度,1
解谜_推理,1
没什么_解谜,1
不错_没什么,1
美好_世界,1
真是_美好,1
阳光_真是,1
生活_阳光,1
善良_生活,1
一天_善良,1
尽头_有香丘,1
尽头_尽头,1
飞到_尽头,1
一下_小娟,1
人物_设定,1
流传_下一辈,1
设定_看起来,1
发达_或许,1
交通_发达,1
现在_交通,1
不禁_想到,1
面前_不禁,1
堆砌_面前,1
燃烬_堆砌,1
片山_燃烬,1
医生_片山,1
当叶_医生,1
一面_当叶,1
撑起_一面,1
努力_撑起,1
方向_努力,1
美好_方向,1
惋惜_美好,1
结局_惋惜,1
赵小娟_结局,1
而叶_医生,1
美好_而叶,1
人性_美好,1
希望_人性,1
不断_希望,1
里面_不断,1
陈老师_里面,1
淡淡_大概,1
悲伤_淡淡,1
无奈_淡淡的,1
深深_无奈,1
已经_二三十年,1
二三十年_山峦,1
山峦_相隔,1
身边_陈老师,1
离开_泥潭,1
回忆_之中,1
闪亮_回忆,1
星星_闪亮,1
确实_教芳芳,1
身份_陈老师,1
跳出_警察,1
处理_跳出,1
强行_处理,1
过于_强行,1
cp_过于,1
警察所_cp,1
陈老师_警察所,1
始终_身边,1
相隔_一辈子,1
烟火_始终,1
雕琢_黑森,1
精心_雕琢,1
比起_精心,1
大概_比起,1
评测_大概,1
时间_评测,1
终究_时间,1
看着_终究,1
曾经_看着,1
小时候_曾经,1
山里_小时候,1
一辈子_山里,1
实际_深深,1
里面_实际,1
接受_里面,1
一种_残酷,1
说实话_比起,1
真正_悲哀,1
这才_真正,1
大概_这才,1
动过_大概,1
念头_动过,1
牢笼_念头,1
打碎_牢笼,1
最后_打碎,1
牢笼_最后,1
方式_冲破,1
血腥_方式,1
残酷_血腥,1
三人_一种,1
更加_像是,1
发疯_三人,1
真是_发疯,1
最后_真是,1
乖巧_最后,1
听话_乖巧,1
表现_听话,1
逆来顺受_表现,1
懦弱_逆来顺受,1
背后_懦弱,1
善良_背后,1
着想_温柔,1
无私_着想,1
看起来_无私,1
比起_黑森,1
像是_缺少,1
愿意_接受,1
商业化_更重,1
刺激_愿意,1
追求_刺激,1
喜欢_追求,1
当今_喜欢,1
rpg_当今,1
大可不必_恐怖,1
实际上_大可不必,1
安排_恐怖,1
地去_安排,1
审美_地去,1
大众_审美,1
符合_大众,1
更重_符合,1
可能性_商业化,1
雕琢_商业化,1
回溯_可能性,1
地方_回溯,1
小时_地方,1
只花_小时,1
更少_只花,1
地方_更少,1
解密_地方,1
彩蛋_解密,1
细节_彩蛋,1
雕琢_细节,1
简单_缺少,1
浓重_简单,1
商业化_浓重,1
电影_片尾曲,1
完整_一场,1
意外_完整,1
恐怖_意外,1
无形_家庭,1
救命稻草_有形,1
这根_救命稻草,1
苟且偷生_这根,1
救命稻草_苟且偷生,1
摸不着_救命稻草,1
看不见_摸不着,1
一根_看不见,1
循着_一根,1
孤魂野鬼_循着,1
成为_孤魂野鬼,1
消失_成为,1
悄然_消失,1
枷锁_悄然,1
枷锁_枷锁,1
一生_枷锁,1
受苦_一生,1
成为_受苦,1
欲望_成为,1
孩子_欲望,1
变成_孩子,1
最终_变成,1
欲望_最终,1
父母_欲望,1
现在_父母,1
过去_现在,1
无论是_过去,1
阴影_无论是,1
沉重_阴影,1
家庭_孩子,1
孩子_伟岸,1
伟岸_高大,1
悲剧_莫过于,1
巨大_玩笑,1
所开_巨大,1
老天爷_所开,1
折断_老天爷,1
一根_折断,1
从来不_一根,1
稻草_从来不,1
盘根错节_稻草,1
池塘_盘根错节,1
狭小_池塘,1
飘摇_狭小,1
这片_飘摇,1
莫过于_这片,1
最大_悲剧,1
高大_模糊,1
世界_最大,1
救命稻草_世界,1
一根_救命稻草,1
属于_一根,1
每个_属于,1
各不相同_每个,1
痛苦_各不相同,1
少年_痛苦,1
乡村_少年,1
无知_乡村,1
一群_懵懂,1
身影_一群,1
模糊_身影,1
带来_沉重,1
青少年_带来,1
欲会_青少年,1
企及_高岭,1
世界_想要,1
如今_世界,1
太晚_如今,1
醒悟_太晚,1
封建思想_醒悟,1
骨髓_封建思想,1
烙印_骨髓,1
眼界_烙印,1
狭隘_眼界,1
败给_狭隘,1
终究_败给,1
之花_终究,1
高岭_之花,1
难以_企及,1
不去_接受,1
常人_难以,1
成为_常人,1
景仰_成为,1
万众_景仰,1
本应_万众,1
无私_本应,1
仁爱_无私,1
貌若天仙_仁爱,1
自强_貌若天仙,1
独立_自强,1
剩下_独立,1
一刻_剩下,1
人生_一刻,1
想要_不去,1
接受_社会,1
控制_欲会,1
命运_脱缰,1
成年人_控制,1
变化_成年人,1
发生_变化,1
意味着_事情,1
人生_意味着,1
世界_人生,1
追求_世界,1
囚笼_追求,1
思想_囚笼,1
摆脱_思想,1
终究会_摆脱,1
野马_终究会,1
脱缰_野马,1
儿女_命运,1
社会_三教九流,1
操控_儿女,1
自由_操控,1
父辈_自由,1
难像_父辈,1
越来越_难像,1
发现_越来越,1
逐渐_发现,1
老一辈_逐渐,1
艰难_老一辈,1
异常_艰难,1
变得_异常,1
洗礼_变得,1
三教九流_洗礼,1
玩笑_伤口,1
伤口_雪上加霜,1
雪上加霜_痛苦,1
价值_苦难,1
戴上_搞笑,1
不得不_戴上,1
苦难_不得不,1
罪恶_苦难,1
至极_罪恶,1
令人厌恶_至极,1
面对_令人厌恶,1
每天_面对,1
承受_每天,1
不得不_承受,1
真相_不得不,1
承受_真相,1
价值_承受,1
相信_苦难,1
表情_世界,1
它会_相信,1
副产品_它会,1
希望_副产品,1
本能_希望,1
生存_本能,1
希望_生存,1
名为_希望,1
生来_名为,1
选择_生来,1
自然_选择,1
一死了之_自然,1
本来_一死了之,1
之下_本来,1
搞笑_表情,1
世界_无趣,1
强大_苦难,1
特别_希望,1
天空_真正,1
夸奖_完事,1
好好_夸奖,1
不足以_好好,1
已经_不足以,1
水平_已经,1
治愈_文化,1
恐怖_治愈,1
期待_想象,1
消息_期待,1
影视_消息,1
现在_影视,1
影视_现在,1
根源_无奈,1
无趣_加上,1
一种_根源,1
虚伪_这是,1
一种_虚伪,1
喜剧_一种,1
成为_喜剧,1
扭曲_成为,1
记忆_扭曲,1
往事_记忆,1
惨绝人寰_往事,1
色彩_惨绝人寰,1
浓烈_色彩,1
种种_浓烈,1
加上_种种,1
苦难_之下,1
共生_强大,1
痛苦_引爆,1
枷锁_反抗,1
吓人_胆子,1
不怎么_吓人,1
感并_不怎么,1
沉浸_感并,1
创意_沉浸,1
渲染_创意,1
表现手法_氛围,1
超棒_表现手法,1
独立_超棒,1
泥土_之中,1
归林_尸体,1
权利_归林,1
反抗_权利,1
拥有_枷锁,1
之后_矛盾,1
依然_拥有,1
破碎_依然,1
一颗_破碎,1
坚强_一颗,1
脆弱_坚强,1
心灵_脆弱,1
结束_心灵,1
永远_结束,1
结束_永远,1
从来_结束,1
悲剧_从来,1
痛苦_悲剧,1
引爆_痛苦,1
胆子_之后,1
矛盾_田家,1
生命_共生,1
世界_如林,1
方式_生命,1
深入骨髓_方式,1
一种_深入骨髓,1
由始至终_一种,1
绵绵不绝_由始至终,1
总是_绵绵不绝,1
苦难_总是,1
人生_苦难,1
懂个_烟火,1
蟑螂_懂个,1
究竟_反对,1
封建迷信_究竟,1
理洵_反对,1
鬼魂_世界,1
田家_悲剧,1
封建迷信_鬼魂,1
内核_反对,1
传递_内核,1
存在_传递,1
交流_存在,1
灵魂_交流,1
之人_灵魂,1
死去_之人,1
却是_死去,1
林理洵_却是,1
是因为_封建迷信,1
惨案_是因为,1
悲剧_惨案,1
泥潭_反抗,1
反抗_命运,1
命运_勇气,1
极其_简陋,1
响起_忍住,1
童声_响起,1
实在_童声,1
送别_实在,1
发生_送别,1
阻止_惨剧,1
永远_阻止,1
退出_永远,1
安眠药_退出,1
投入_安眠药,1
机智_投入,1
还好_机智,1
星河_还好,1
记住_化作,1
美好_我会,1
带来_珍贵,1
制作组_带来,1
春风化雨_感谢,1
最美_烟火,1
开出_最美,1
荒芜_开出,1
有人_荒芜,1
土里_有人,1
腐烂_土里,1
永远_腐烂,1
有人_永远,1
枯井_璀璨,1
惨案_有人,1
酿成_惨案,1
忍住_好刀,1
好刀_真是,1
真是_好刀,1
回来_奶奶,1
继续_教书,1
留在_继续,1
工作_留在,1
陈老师_辞去,1
辞职信_大概,1
这是_一封,1
回来_这是,1
找到_回来,1
水里_找到,1
放灯_水里,1
水里_放灯,1
说往_水里,1
奶奶_说往,1
陈老师_相信,1
边玩_解说,1
小朋友_陈老师,1
遍野_小朋友,1
绳子_选中,1
毫不犹豫_真正,1
实录_毫不犹豫,1
流程_实录,1
印象_流程,1
刻板_印象,1
国产_刻板,1
打破_国产,1
小时_打破,1
完整_三个,1
解说_完整,1
牢笼_酿成,1
飞鸟_牢笼,1
锁住_飞鸟,1
迸射_耀眼,1
感到_伤感,1
恐怖_感到,1
带给_恐怖,1
恐怖_带给,1
有点_恐怖,1
不敢_恐怖,1
细节_不敢,1
不错_细节,1
刁钻_适合,1
谜题_刁钻,1
到位_谜题,1
气氛_到位,1
耀眼_烟火,1
制作_迸射,1
身边_一定,1
赤诚_中国,1
印证_赤诚,1
本作_再次,1
一月_本作,1
神奇_一月,1
steam_神奇,1
突然_steam,1
种田_突然,1
科幻_种田,1
修真_科幻,1
做到_修真,1
完成_做到,1
手绘_完成,1
伤感_身边,1
一定_悲剧,1
化为_锁住,1
师长_不许,1
止步_化为,1
最终_止步,1
前进_最终,1
决定_前进,1
光芒_决定,1
所谓_荣誉,1
迷茫_所谓,1
无家可归_迷茫,1
或许_无家可归,1
封建迷信_或许,1
根深蒂固_封建迷信,1
不让_根深蒂固,1
不许_不让,1
至亲_师长,1
发生_应该,1
八是_至亲,1
七道_八是,1
村民_七道,1
叠障_村民,1
层层_叠障,1
善心_层层,1
一份_善心,1
想必_一份,1
遍野_想必,1
春风化雨_作业本,1
照亮_黑暗,1
关注_陈老师,1
应该_关注,1
教书_封信,1
封信_终究,1
终究_寄出去,1
看漏_应该,1
同一个_渐渐,1
表都_同一个,1
制作人员_表都,1
能读_制作人员,1
落泪_能读,1
能玩到_落泪,1
感动_能玩到,1
交流_九里,1
主角_交流,1
为啥_主角,1
反封建_为啥,1
有具_尸体,1
应该_有具,1
老师_看漏,1
想起_加入,1
棺材_老师,1
猜想_棺材,1
大胆_猜想,1
尸体_大胆,1
应该_尸体,1
法医_应该,1
回去_最后,1
尸体_回去,1
车祸_尸体,1
看先_车祸,1
过来_看先,1
纵火_过来,1
棺材_纵火,1
渐渐_想起,1
加入_行业,1
纵火_做到,1
互动_最难,1
天空_成为,1
荒唐_尸体,1
惊悚_结尾,1
开局_惊悚,1
人人_体无完肤,1
害怕_人人,1
分毫_害怕,1
未伤_分毫,1
鬼鬼_未伤,1
害怕_鬼鬼,1
滑块_拼图,1
移动_滑块,1
最难_移动,1
解密_互动,1
行业_初心,1
纸人_解密,1
可怕_纸人,1
难受_可怕,1
颜色_难受,1
除去_颜色,1
地方_结尾,1
过瘾_吓人,1
上来_星空,1
丢绳_上来,1
当作_丢绳,1
制作_当作,1
谢谢_制作,1
初心_谢谢,1
做到_棺材,1
事情_纵火,1
寄出去_今天,1
陈老师_条件,1
交流_下去,1
心灵_交流,1
一直_心灵,1
陈老师_一直,1
招鬼_陈老师,1
林能_招鬼,1
已经_林能,1
概率_陈老师,1
遇见_陈老师,1
过去_遇见,1
能力_看见,1
支撑_能力,1
条件_支撑,1
制作者_陈老师,1
每时每刻_能够,1
人心_制作者,1
永远都是_人心,1
恐怖_永远都是,1
愤怒_恐怖,1
悲伤_愤怒,1
根本_恐怖,1
以后_根本,1
代入_以后,1
后面_代入,1
我草_后面,1
封建迷信_我草,1
别梦寒_封建迷信,1
记得_同志,1
下去_每时每刻,1
能够_甜蜜,1
同一天_事情,1
小卖_尸体,1
纵火_同一天,1
车祸_纵火,1
挖出来_车祸,1
下葬_挖出来,1
棺材_下葬,1
先烧_棺材,1
是不是_先烧,1
解释_是不是,1
合理_解释,1
小卖_合理,1
棺材_小卖,1
最早_棺材,1
尸体_最早,1
车上_小卖,1
一刻_化作,1
医生_车上,1
看见_老师,1
老师_看见,1
剧透_相信,1
涉嫌_剧透,1
地方_涉嫌,1
明白_地方,1
几个_明白,1
中有_几个,1
赞个_中有,1
像是_赞个,1
照亮_人间,1
星河_照亮,1
简陋_手绘,1
一张_极其,1
勇气_即时,1
一切都是_一张,1
coolness_will,1
piercing_coolness,1
the_piercing,1
even_ghosts,1
or_even,1
faces_or,1
with_faces,1
pictures_with,1
horror_pictures,1
no_horror,1
are_no,1
there_are,1
horror_there,1
oriental_horror,1
of_oriental,1
subtleties_of,1
the_subtleties,1
pursues_the,1
game_pursues,1
culture_the,1
sacrificial_culture,1
gods_sacrificial,1
chinese_ghosts,1
old_chinese,1
of_old,1
full_of,1
is_full,1
interesting_in,1
more_interesting,1
will_follow,1
follow_even,1
even_if,1
fascinatingbehind_the,1
unexpectedly_formed,1
was_unexpectedly,1
that_was,1
tragedy_that,1
inevitable_tragedy,1
an_inevitable,1
was_an,1
four_was,1
of_four,1
family_of,1
of_family,1
murder_of,1
the_murder,1
and_fascinatingbehind,1
is_mild,1
is_confusing,1
case_is,1
the_case,1
performance_the,1
character_performance,1
and_character,1
plot_and,1
excellent_plot,1
its_excellent,1
affect_its,1
not_affect,1
still_does,1
mild_horror,1
experience_more,1
plot_experience,1
making_the,1
挣扎_痛苦,1
相传_生生不息,1
人间烟火_相传,1
垂绳_人间烟火,1
井边_垂绳,1
决定_井边,1
灵魂_决定,1
星空_灵魂,1
枯井_仰望,1
困于_枯井,1
荣光_困于,1
往日_荣光,1
追逐_往日,1
痛苦_放弃,1
众多_挣扎,1
面前_恐怖,1
细雨_众多,1
化为_春风,1
野花_化为,1
漫山_野花,1
化为_漫山,1
银河_星辰,1
化为_银河,1
飞鸟_化为,1
空中_飞鸟,1
化为_空中,1
泥土_化为,1
失败_尸体,1
即时_失败,1
悲剧_面前,1
恐怖_建议,1
plot_making,1
the_decryption,1
integrated_with,1
closely_integrated,1
are_closely,1
puzzles_are,1
the_puzzles,1
players_the,1
friendly_to,1
and_friendly,1
difficult_and,1
moderately_difficult,1
is_moderately,1
part_of,1
decryption_part,1
played_the,1
建议_改改,1
ever_played,1
have_ever,1
games_have,1
memorable_games,1
most_memorable,1
the_most,1
one_of,1
be_one,1
will_be,1
this_will,1
直接_拍电影,1
剧本_直接,1
改改_剧本,1
formed_by,1
by_accidents,1
accidents_finally,1
绝尘_而斗,1
抬入_殿堂,1
本作_抬入,1
正式_本作,1
皱纹_正式,1
深刻_皱纹,1
一层_深刻,1
镀上_一层,1
全篇_镀上,1
结尾_全篇,1
高潮_开放式,1
最终_高潮,1
转直_最终,1
而斗_转直,1
一骑_绝尘,1
陈列室_最后,1
已经_一骑,1
第六章_已经,1
直至_第六章,1
小作_直至,1
月刊_小作,1
推理_月刊,1
套路_推理,1
某游_套路,1
台湾_某游,1
借鉴_台湾,1
一部_借鉴,1
两章_烟火,1
伟大_两章,1
殿堂_陈列室,1
最后_紧绷,1
一句_人贩子,1
近乎_无懈可击,1
想象_一切都是,1
解谜_很难,1
像模像样_解谜,1
带入_像模像样,1
情景_带入,1
身临其境_情景,1
转场_身临其境,1
拍案叫绝_转场,1
结构_拍案叫绝,1
书式_叙事,1
教课_书式,1
填坑_教课,1
无懈可击_填坑,1
情节_近乎,1
神经_纠缠,1
曲折离奇_情节,1
其份_曲折离奇,1
恰如_其份,1
出现_恰如,1
此刻_出现,1
经典_此刻,1
千古_经典,1
释放_李叔同,1
童声_释放,1
真善美_童声,1
情感_真善美,1
疑惑_压抑,1
纠缠_疑惑,1
人贩子_不得好死,1
逻辑_感人,1
finally_the,1
but_human,1
life_the,1
next_life,1
the_next,1
bird_in,1
become_bird,1
you_become,1
may_you,1
candle_may,1
flowers_candle,1
of_flowers,1
bouquet_of,1
hearts_bouquet,1
human_hearts,1
not_ghosts,1
light_of,1
is_not,1
thing_is,1
scary_thing,1
the_scary,1
understand_that,1
players_understand,1
the_players,1
make_the,1
to_make,1
sublimated_to,1
is_sublimated,1
theme_of,1
the_theme,1
the_light,1
of_righteous,1
符合_逻辑,1
can_guide,1
刑警_符合,1
一名_刑警,1
身为_一名,1
恐怖_身为,1
谈不上_恐怖,1
way_back,1
their_way,1
find_their,1
cannot_find,1
who_cannot,1
souls_who,1
the_souls,1
guide_the,1
fireworks_can,1
righteous_way,1
blooming_fireworks,1
the_blooming,1
world_the,1
the_world,1
people_in,1
suffering_people,1
and_suffering,1
confused_and,1
the_confused,1
to_the,1
hope_to,1
bring_hope,1
way_can,1
下一辈_人生,1
原封不动_流传,1
墙头_八个,1
白浊_平淡无奇,1
亲情_最后,1
感人_亲情,1
细品_感人,1
家人_细品,1
一下_家人,1
把玩_一下,1
掏出_把玩,1
时刻_掏出,1
阖家欢乐_时刻,1
团聚_阖家欢乐,1
亲人_团聚,1
适合_亲人,1
冒险游戏_恐怖,1
巧心_文字,1
别有_巧心,1
像是_别有,1
让步_像是,1
很大_让步,1
做出_很大,1
元素_做出,1
驾轻就熟_恐怖,1
短篇_驾轻就熟,1
作者_短篇,1
更能_感受,1
一次_更能,1
亲自_一次,1
讨论_亲自,1
去过_讨论,1
应该_去过,1
最后_终于,1
终于_那发,1
那发_烟火,1
发生_不该,1
充满_情感,1
喷射_充满,1
相反_喷射,1
论调_相反,1
经典_论调,1
那句_经典,1
野秀明_那句,1
激发_野秀明,1
抒发_激发,1
激发_抒发,1
本该_激发,1
烟火_本该,1
不该_发生,1
无论是_发生,1
烟火_货真价实,1
完毕_无论是,1
发生_完毕,1
已经_发生,1
点缀着_天空,1
象征性_点缀着,1
烟火_象征性,1
结局_烟火,1
里面_结局,1
那片_里面,1
焰火_那片,1
白日_焰火,1
有点像_白日,1
货真价实_firework,1
到底_应该,1
勇气_到底,1
创作者_勇气,1
英文翻译_firework,1
那种_爆裂,1
火药_那种,1
似乎_火药,1
烟火_似乎,1
玩意_烟火,1
粗笨_玩意,1
包裹_粗笨,1
壳子_包裹,1
用纸_壳子,1
老家_用纸,1
形象_老家,1
具体_形象,1
firework_具体,1
喜欢_英文翻译,1
巨响_后散,1
燃烧_不怎么,1
火焰_燃烧,1
似乎_火焰,1
骨头_似乎,1
漆黑_骨头,1
味道_漆黑,1
烟火_味道,1
刺鼻_烟火,1
浓重_刺鼻,1
不同_感想,1
即将_不同,1
这部_即将,1
希望_这部,1
爆裂_巨响,1
后散_空气,1
本事_创作者,1
标题_翻译成,1
创作者_本事,1
这是_创作者,1
结局_这是,1
事件_结局,1
地面_事件,1
直接_地面,1
残酷_直接,1
相当_残酷,1
所有人_相当,1
避实就虚_所有人,1
恐怖_避实就虚,1
ember_恐怖,1
翻译成_ember,1
光亮_标题,1
空气_灰尘,1
透不出_光亮,1
声音_透不出,1
发不出_声音,1
微弱_发不出,1
燃烧_微弱,1
东西_燃烧,1
里面_东西,1
里面_里面,1
灰烬_里面,1
气味_灰烬,1
燃烧_气味,1
上带_燃烧,1
灰尘_上带,1
情感_白浊,1
平淡无奇_一想,1
思想_原封不动,1
一想_终究,1
最能_盈利,1
吃屎_最能,1
例行公事_吃屎,1
最后_例行公事,1
强烈推荐_最后,1
良心_强烈推荐,1
一款_良心,1
不失为_一款,1
感不强_不失为,1
沉浸_感不强,1
部分_沉浸,1
成熟_部分,1
不太_成熟,1
存在_不太,1
很棒_确实,1
一次_很棒,1
玩完_一次,1
小时_玩完,1
案件_小时,1
dlc_案件,1
后续_dlc,1
完全_后续,1
ip_完全,1
打造_ip,1
强烈要求_打造,1
一句_强烈要求,1
只想_一句,1
悠悠_独芳芳,1
青穗_悠悠,1
盈利_公司,1
公司_一款,1
一款_叫座,1
问题_内核,1
外地_上学,1
反对_外地,1
爷爷奶奶_反对,1
之下_芳芳,1
出去_之下,1
看出_希望,1
井里_那段,1
陈老师_井里,1
有点像_陈老师,1
电影_有点像,1
那部_电影,1
盲山_那部,1
内核_盲山,1
贩卖_问题,1
通灵_本作,1
人心_人口,1
丑陋_人心,1
思想_丑陋,1
禁锢_思想,1
限制_禁锢,1
地域_限制,1
封建迷信_地域,1
主旨_抨击,1
本作_主旨,1
认为_本作,1
自相矛盾_认为,1
主题_自相矛盾,1
本作_封建迷信,1
青山_青穗,1
杜鹃啼血_青山,1
纯粹_杜鹃啼血,1
含泪_最后,1
一遍_烟火,1
复盘_一遍,1
脑海中_复盘,1
烟火_脑海中,1
叫做_烟火,1
明白_叫做,1
流程_最后,1
临近_流程,1
这句_临近,1
想到_这句,1
最先_想到,1
曲子_最先,1
最后_曲子,1
星空_含泪,1
徐徐_升起,1
沟渠_仰望,1
身在_沟渠,1
要死_尸体,1
三伏_要死,1
特别_夜里,1
反抗_特别,1
无力_反抗,1
出奇_无力,1
赵小娟_出奇,1
翻译_赵小娟,1
接受_翻译,1
勉强_接受,1
终究_勉强,1
烟火_徐徐,1
升起_天空,1
自由_善良,1
势力_迷信,1
拥抱_自由,1
方式_拥抱,1
真诚_方式,1
喘气_真诚,1
难以_喘气,1
蹂躏_难以,1
捆绑_蹂躏,1
心绪_捆绑,1
稚嫩_心绪,1
大网_稚嫩,1
扭曲_大网,1
拼凑_扭曲,1
迷信_拼凑,1
封建_势力,1
绽放_画面,1
面对_封建,1
芳华_面对,1
片刻_芳华,1
拥抱_片刻,1
云雾_拥抱,1
想要_云雾,1
烟火_想要,1
恍如_烟火,1
似乎_恍如,1
赵小娟_似乎,1
芳芳叶_医生,1
陈老师_芳芳叶,1
画面_明白,1
评论_最后,1
有感_评论,1
熊熊烈火_有感,1
燃烧_熊熊烈火,1
这件_却是,1
田宇_这件,1
细节_田宇,1
记得_细节,1
一口气_记得,1
瑕疵_支持,1
精品_恐怖,1
国产_精品,1
安利_国产,1
强烈_安利,1
天空_强烈,1
日记_尸体,1
那页_日记,1
想起_那页,1
应当_想起,1
逃离_应当,1
烟火_逃离,1
想到_烟火,1
古道_想到,1
句号_长亭,1
画上_句号,1
像是_画上,1
绚烂_像是,1
一道_绚烂,1
天际_一道,1
冲出_天际,1
烟火_冲出,1
映入眼帘_烟火,1
星空_映入眼帘,1
却是_笼困,1
清水_陈老师,1
陈老师_名字,1
工作_这场,1
勇敢_善良,1
新苗_勇敢,1
土长_新苗,1
这片_土长,1
而芳芳_这片,1
自我_而芳芳,1
丢失_自我,1
几乎_丢失,1
围城_几乎,1
婚姻_围城,1
捆绑_婚姻,1
塑料_捆绑,1
这场_塑料,1
自由_小娟,1
名字_好听,1
一生_追求,1
穷极_一生,1
灵魂_穷极,1
束缚_灵魂,1
两个_束缚,1
挂画_两个,1
飞鸟_挂画,1
卫生室_飞鸟,1
婚房_卫生室,1
稻穗_婚房,1
青涩_稻穗,1
学生_青涩,1
好听_学生,1
整片_星空,1
星空_枯井,1
称绝_似乎,1
儿子_最好,1
疑似_感到,1
那座_燃烧,1
鬼神_那座,1
亏心事_鬼神,1
关心_亏心事,1
云里雾里_关心,1
真相_云里雾里,1
镇上_看不到,1
逃离_镇上,1
出去_逃离,1
有人_逃离,1
归属_有人,1
最好_归属,1
断绝_儿子,1
当拿起_信件,1
晦气_断绝,1
交流_晦气,1
法医_交流,1
认为_法医,1
请神_认为,1
重金_请神,1
花费_重金,1
神婆_花费,1
镇上_相信,1
接连_镇上,1
无关紧要_接连,1
大字_无关紧要,1
八个_大字,1
火焰_当拿起,1
信件_陈老师,1
拍案_称绝,1
几乎_类似,1
品来_拍案,1
细细_品来,1
琢磨不透_细细,1
一层_琢磨不透,1
剥开_一层,1
微乎其微_剥开,1
看上去_微乎其微,1
像是_看上去,1
展现_一部,1
力量_展现,1
全身_力量,1
用尽_全身,1
类似_用尽,1
建模_几乎,1
陈老师_老式,1
玩法_建模,1
繁多_玩法,1
画面_繁多,1
高超_画面,1
华丽_高超,1
烟火_华丽,1
折服_或许,1
音乐_折服,1
轻快_音乐,1
响起_轻快,1
耳边_响起,1
照片_耳边,1
老式_照片,1
善良_母亲,1
母亲_田家,1
田家_封建,1
好似_一把,1
下场_数千年,1
不曾_同样,1
居民_不曾,1
小镇_居民,1
年轻人_小镇,1
三位_年轻人,1
不仅仅_三位,1
清水_不仅仅,1
梦想_笼困,1
三人_束缚,1
扣住_三人,1
枷锁_扣住,1
一把_枷锁,1
种种原因_好似,1
封建思想_重压,1
年轻人_种种原因,1
抱负_年轻人,1
追求_抱负,1
一个个_追求,1
首尾呼应_一个个,1
封建迷信_首尾呼应,1
刻画_反对,1
墙上_刻画,1
正好_开头,1
封建迷信_正好,1
案子_深刻,1
这部_案子,1
结尾_这部,1
数千年_封建思想,1
重压_叶所言,1
理由_整部,1
一部_书籍,1
无尽_燃烧,1
一堆堆_腐烂,1
是否_一堆堆,1
发生_是否,1
无声无息_发生,1
身边_无声无息,1
是否_身边,1
下场_是否,1
现实_同样,1
照应_现实,1
屏幕_照应,1
透过_屏幕,1
书籍_透过,1
之物_一部,1
叶所言_黑压压,1
游玩_烟火,1
一位_游玩,1
感谢_一位,1
一句_最后,1
制作组_一句,1
结尾_制作组,1
燃烧_结尾,1
熊熊烈火_燃烧,1
无尽_熊熊烈火,1
一堆_腐烂,1
一堆_一堆,1
下面_一堆,1
黑压压_下面,1
整部_结尾,1
恐惧_理由,1
封建_祖坟,1
恶心_嘶吼,1
走出_穷山恶水,1
需要_老师,1
百年树人_中国,1
教育_百年树人,1
十年_教育,1
致敬_十年,1
老师_致敬,1
恐怖_乡村,1
这是_中国,1
骄傲地_烟火,1
玩完_骄傲地,1
相信_玩完,1
嘶吼_相信,1
跳脸_恶心,1
走出_封建,1
越远_恐怖,1
走得_越远,1
中国_走得,1
能带_中国,1
烟火_能带,1
警察_天上,1
伸张正义_警察,1
医者_伸张正义,1
仁心_医者,1
老师_仁心,1
善良_支教,1
封建迷信_善良,1
祖坟_飞鸟,1
穷山恶水_走出,1
封建_余孽,1
不再_恐惧,1
明镜_审视,1
结尾_不再,1
恐怖_结尾,1
评论_恐怖,1
第一条_评论,1
最后_第一条,1
题材_最后,1
完以_恐怖,1
小时_完以,1
整部_三个,1
真相_整部,1
寻觅_真相,1
幻想_寻觅,1
自我_幻想,1
人心_明镜,1
余孽_控制,1
亦可_人心,1
现实_亦可,1
镜能照_现实,1
无家可归_指引方向,1
烟火_无家可归,1
星辰_烟火,1
璀璨_星辰,1
代替_璀璨,1
无法_代替,1
鸟儿_或许,1
无法_成为,1
烟火_期待,1
控制_中国,1
上学_同样,1
同样_灵魂,1
灵魂_灵异,1
老去_田宇,1
尸体_伪装,1
罪犯_尸体,1
偷走_盗墓,1
习惯_偷走,1
伪装_抽烟,1
面前_伪装,1
主角_面前,1
身上_主角,1
罪行_身上,1
不惜_罪行,1
罪名_不惜,1
洗刷_罪名,1
叶敬山_洗刷,1
正直_叶敬山,1
污名_正直,1
凶手_污名,1
灭门案_凶手,1
冠以_灭门案,1
烟火_冠以,1
名为_自由,1
无意间_熄灭,1
建议_无意间,1
而出_建议,1
浮现_而出,1
谎言_浮现,1
养父母_谎言,1
人生_养父母,1
子孙_烟火,1
拥有_子孙,1
伪装_死亡,1
死亡_并用,1
并用_一车,1
生死_不明,1
化作_星空,1
希望_化作,1
带来_希望,1
陌生人_带来,1
生路_陌生人,1
一条_生路,1
制造_一条,1
绳子_制造,1
井口_绳子,1
小时候_被困,1
得知_小时候,1
心声_得知,1
不明_心声,1
陈青穗_生死,1
一车_烟火,1
过上_人生,1
改头换面_过上,1
人生_改头换面,1
叶敬山_人生,1
名为_叶敬山,1
烧毁_名为,1
名字_烧毁,1
烧毁_名字,1
烟火_烧毁,1
借用_烟火,1
试图_借用,1
尸体_试图,1
燃烧_尸体,1
渴望_拥有,1
不知_渴望,1
亲生父母_不知,1
不惜一切_忍耐,1
家中_话语权,1
争取_家中,1
身上_争取,1
田宇_身上,1
伪装_田宇,1
烟火_伪装,1
意为_自由,1
点燃_意为,1
面前_点燃,1
弱点_面前,1
爱吃鱼_弱点,1
克服_爱吃鱼,1
忍耐_克服,1
公婆_不惜一切,1
烟火_过大,1
骗过_公婆,1
小镇_骗过,1
一生_小镇,1
束缚_一生,1
走出_束缚,1
携带_女儿,1
决心_携带,1
觉醒_决心,1
彻底_觉醒,1
言语_彻底,1
叶敬山_言语,1
疯狂_叶敬山,1
公婆_疯狂,1
话语权_或许,1
过大_引火上身,1
知晓_亲生父母,1
灰暗_山里,1
乡下_知晓,1
留在_乡下,1
愿望_留在,1
养父母_愿望,1
顺从_养父母,1
事业_顺从,1
理想_事业,1
拥有_理想,1
原本_拥有,1
放弃_原本,1
人物_放弃,1
可悲_人物,1
山里_可悲,1
这座_灰暗,1
引火上身_最终,1
一生_这座,1
小镇_一生,1
黑暗_叶敬山,1
虚无_黑暗,1
葬送在_虚无,1
人生_葬送在,1
美好_人生,1
女儿_美好,1
无意间_女儿,1
杀意_无意间,1
公婆_杀意,1
招来_公婆,1
最终_招来,1
星空_一夜,1
一夜_烟火,1
井口_小镇,1
通俗_一点,1
既然如此_明明,1
无从谈起_既然如此,1
仿佛_无从谈起,1
物质_仿佛,1
脱离_物质,1
背景_脱离,1
世界_背景,1
压迫_世界,1
物欲_压迫,1
理解_物欲,1
在我看来_理解,1
娶妻生子_在我看来,1
一点_娶妻生子,1
或者说_通俗,1
物质条件_义无反顾,1
家庭_或者说,1
组成_家庭,1
人类_组成,1
问题_人类,1
一直_思考,1
长久以来_一直,1
补个_长久以来,1
特地来_补个,1
魅力_特地来,1
独特_魅力,1
领略到_独特,1
视频_领略到,1
好评_视频,1
明明_物质条件,1
义无反顾_跳进,1
纯粹_留个,1
中人_经验,1
安身立命_思想,1
成家立业_安身立命,1
老一辈_成家立业,1
巨大_老一辈,1
尤为_巨大,1
影响_尤为,1
之人_影响,1
亲近_之人,1
环境_亲近,1
周边_环境,1
往往_周边,1
认知_往往,1
经验_认知,1
社会_中人,1
跳进_深坑,1
扁平_社会,1
一潭死水_扁平,1
犹如_一潭死水,1
启发_犹如,1
小小的_启发,1
一点_小小的,1
人生_一点,1
小娟_人生,1
得到_小娟,1
到头来_得到,1
付出_到头来,1
家庭_付出,1
深坑_家庭,1
留个_好评,1
几分钟_纯粹,1
小镇_井口,1
事业_烟火,1
追求_人生道路,1
开辟_追求,1
黑暗_开辟,1
前方_黑暗,1
灯光_照亮,1
烟火_灯光,1
微弱_烟火,1
蜡烛_微弱,1
手持_蜡烛,1
道路_手持,1
从警_道路,1
走上_从警,1
烟火_走上,1
父亲_事业,1
遇见_陈青穗,1
名为_父亲,1
继承_名为,1
被迫_继承,1
笼罩_被迫,1
光芒_笼罩,1
几乎_父亲,1
林理洵_一生,1
未来_林理洵,1
光辉_未来,1
走向_光辉,1
引导_走向,1
绳子_引导,1
井口_放下,1
人生道路_遇见,1
陈青穗_道破,1
货真价实_几分钟,1
希望_试图,1
一名_货真价实,1
死者_黑暗,1
照亮_死者,1
理想_烟火,1
名为_理想,1
服务_名为,1
人民_服务,1
继续_人民,1
之力_继续,1
愿意_之力,1
阴影_愿意,1
摆脱_父亲,1
试图_摆脱,1
理想_希望,1
道破_林理洵,1
人生_理想,1
林理洵_人生,1
燃起_林理洵,1
这句_燃起,1
警察_这句,1
说话_警察,1
生来_说话,1
烟火_生来,1
属于_烟火,1
一种_属于,1
点燃_一种,1
迷茫_点燃,1
林理洵_迷茫,1
田宇_公婆,1
持续_老去,1
灵异_思想,1
生活_持续,1
再用_文字,1
恐怖_再用,1
一点_惊悚,1
制造_一点,1
强行_制造,1
音乐_强行,1
先用_画面,1
还行_先用,1
高兴_错过,1
可歌可泣_高兴,1
支持_可歌可泣,1
钱来_支持,1
电影票_钱来,1
多块_电影票,1
无关_反差,1
鬼神_无关,1
作祟_鬼神,1
人心_作祟,1
全是_人心,1
悲剧_全是,1
发现_悲剧,1
结局_发现,1
体质_迷信,1
纯阴_体质,1
警察_纯阴,1
全靠_警察,1
抽丝剥茧_全靠,1
破案_抽丝剥茧,1
鬼神_破案,1
文字_制造,1
制造_东方式,1
东方式_细思,1
佳作_整个,1
本来_横板,1
前期_本来,1
不够_陈老师,1
可惜_不够,1
期待_续作,1
增强_期待,1
代入_增强,1
变换_代入,1
恰到好处_变换,1
场景_恰到好处,1
推敲_人物,1
经得起_推敲,1
整个_经得起,1
按键_电影吧,1
细思_恐极,1
不停_按键,1
看部_不停,1
当作_看部,1
不亏_当作,1
钟头_不亏,1
多块_钟头,1
复杂_多块,1
单线程_复杂,1
游戏性_单线程,1
夸张_游戏性,1
有点_夸张,1
看来_好评,1
恐极_看来,1
一直_相信,1
开头_一直,1
整个_开头,1
yin_ying,1
头昏_之前,1
有点_头昏,1
评测_好评,1
欠缺_评测,1
稍稍_欠缺,1
恐怖_稍稍,1
游戏性_恐怖,1
方式_游戏性,1
讲故事_方式,1
设立_讲故事,1
完整_设立,1
剧本_完整,1
ying_剧本,1
同年_yin,1
期待_过高,1
这代人_同年,1
属于_这代人,1
花瓶_属于,1
人头_花瓶,1
特别_人头,1
彩蛋_特别,1
本作里_彩蛋,1
喜欢_本作里,1
差异_喜欢,1
行为_差异,1
导致_行为,1
差异_导致,1
心灵_差异,1
之前_期待,1
过高_个人,1
注意_整个,1
天空_唯一,1
剧透_注意,1
转账_三百块,1
vx_转账,1
神婆_vx,1
找到_封建迷信,1
方式_找到,1
阴阳_方式,1
用通_阴阳,1
林理洵_用通,1
迷信_真相,1
莫名其妙_科学,1
有点_莫名其妙,1
唯一_有点,1
归家_烟火,1
过眼_云烟,1
引人_归家,1
火花_引人,1
喜庆_火花,1
烟火_喜庆,1
回味_烟火,1
遗憾_回味,1
破防_有点,1
加隔_破防,1
一次_加隔,1
云过_一次,1
很棒_云过,1
初醒_很棒,1
云烟_初醒,1
横板_无聊,1
无聊_游戏性,1
游戏性_娱乐性,1
桂兰_田宇,1
复苏_疯狂,1
儿子_复苏,1
渴望_儿子,1
迷信_渴望,1
愚昧无知_迷信,1
讽刺_愚昧无知,1
烟火_讽刺,1
家族_烟火,1
继承_家族,1
血脉_继承,1
延续_血脉,1
芳芳_延续,1
田宇_和田,1
荣和何_桂兰,1
念头_亲手,1
对田向_荣和何,1
意义_对田向,1
不同_意义,1
角色_不同,1
登场_角色,1
警告_烟火,1
国产_强烈推荐,1
思考_尸体,1
品味_思考,1
读者_品味,1
等待_读者,1
尘封已久_等待,1
一篇_尘封已久,1
疯狂_念头,1
亲手_唯一,1
电影票_或者说,1
工作_跟随,1
平凡_生活,1
相夫教子_平凡,1
死亡_相夫教子,1
意外_死亡,1
田宇_意外,1
家庭_田宇,1
奉献给_家庭,1
几乎_奉献给,1
定居_一生,1
乡下_定居,1
回到_乡下,1
田宇_回到,1
跟随_田宇,1
放弃_影楼,1
唯一_烟火,1
爱情_放弃,1
媳妇_爱情,1
传统_媳妇,1
逆来顺受_传统,1
典型_逆来顺受,1
赵小娟_典型,1
愿景_赵小娟,1
美好_愿景,1
未来_美好,1
母女_未来,1
赵小娟_母女,1
彻底_熄灭,1
烟火_彻底,1
或者说_一篇,1
价格_一张,1
娱乐性_太低,1
导致_种种,1
社会_犯罪,1
种种_社会,1
存在_种种,1
国内_存在,1
世纪_国内,1
暗示_世纪,1
鲜明_暗示,1
个性_鲜明,1
明确_个性,1
塑造_明确,1
人物_角色,1
个个_人物,1
悲剧_个个,1
作祟_导致,1
现象_文物,1
思想_作祟,1
实则_封建迷信,1
背后_实则,1
案件_背后,1
诡异_灭门,1
异常_诡异,1
不足_异常,1
可玩性_不足,1
弥补_可玩性,1
慢慢_弥补,1
深入_慢慢,1
后期_深入,1
太低_后期,1
犯罪_现象,1
倒卖_人口,1
唏嘘_价格,1
恐怖_归根到底,1
感慨_唏嘘,1
改变_感慨,1
已然_无法,1
旁观者_已然,1
事实_旁观者,1
既定_事实,1
发生_既定,1
已然_发生,1
芸芸众生_已然,1
洪流_芸芸众生,1
时代_洪流,1
无非_时代,1
归根到底_无非,1
主题_恐怖,1
贩卖_打着,1
冤案_主题,1
鬼怪_冤案,1
表面_鬼怪,1
烟火_表面,1
种种原因_导致,1
低等_种种原因,1
地位_低等,1
家庭_地位,1
招摇撞骗_女性,1
旗号_招摇撞骗,1
引鬼_旗号,1
招魂_引鬼,1
打着_招魂,1
恐怖_中间,1
知道_地方,1
彩票_大奖,1
绝对_一蹴而就,1
课本_大冒险,1
小蝌蚪_课本,1
桥段_小蝌蚪,1
温馨_演出,1
别开生面_温馨,1
不少_别开生面,1
添加_不少,1
要素_添加,1
减少_恐怖,1
顺势_减少,1
聪明_顺势,1
制作组_聪明,1
追求_制作组,1
要素_追求,1
盖过_恐怖,1
远远_盖过,1
已经_远远,1
渴望_已经,1
发展_渴望,1
关系_发展,1
人物_关系,1
了解_人物,1
好奇_了解,1
真相_好奇,1
明显_真相,1
深入_明显,1
问题_逐渐,1
没什么_问题,1
scare_没什么,1
大冒险_星星,1
要说_最让人,1
最让人_震撼,1
眼睛_挣扎,1
悲剧_产生,1
挣扎_悲剧,1
最后_挣扎,1
做出_最后,1
女儿_做出,1
爆发_母亲,1
悲剧_爆发,1
代表_悲剧,1
鱼肉_代表,1
口中_鱼肉,1
送入_口中,1
不已_送入,1
挣扎_不已,1
黑暗_眼睛,1
震撼_演出,1
隐藏_黑暗,1
铡刀_隐藏,1
升起_铡刀,1
缓缓_升起,1
耳语_缓缓,1
窃窃私语_耳语,1
音乐_窃窃私语,1
烦躁不安_音乐,1
清楚_烦躁不安,1
演出_清楚,1
那场_演出,1
莫过于_那场,1
桥段_莫过于,1
过程_jump,1
切换_过程,1
桥段_场景,1
牺牲品_女儿,1
谎言_真相,1
欺骗_谎言,1
教师_欺骗,1
星河_教师,1
那颗_化身,1
老人_那颗,1
双眼_老人,1
蒙住_双眼,1
缠身_蒙住,1
因果_缠身,1
母亲_因果,1
奉献_母亲,1
女儿_奉献,1
命运_牺牲品,1
误会_过去,1
诅咒_命运,1
逃离_诅咒,1
绘卷_想要,1
精致_绘卷,1
百态_精致,1
众生_百态,1
囊括_众生,1
一幅_囊括,1
展开_一幅,1
时间_展开,1
足以_小时,1
人物形象_足以,1
鲜活_人物形象,1
真相_误会,1
过去_救赎,1
算得_恐怖,1
紧凑_精彩,1
不少_算得,1
确实_不少,1
情况_确实,1
缘由_情况,1
不明_缘由,1
前期_不明,1
太多_前期,1
要素_不算,1
恐怖_本作,1
方面_一款,1
大大降低_方面,1
度会_大大降低,1
精彩_度会,1
一剧_紧凑,1
救赎_绝望,1
流程_一剧,1
说太多_小时,1
不想_说太多,1
选择_不想,1
至少_做出,1
张大_至少,1
逃离_张大,1
独善其身_逃离,1
一起_独善其身,1
生命_纠缠,1
一起_生命,1
希望_交织,1
绝望_希望,1
产生_绝对,1
一蹴而就_欲望,1
出现_恐怖,1
欲望_贪婪,1
悬疑剧_情向,1
整体_悬疑剧,1
耳机_整体,1
演出_耳机,1
地方_那段,1
夸张_地方,1
毫不_夸张,1
无所谓_毫不,1
时间_无所谓,1
知道_时间,1
事后_知道,1
紧张感_事后,1
调动_紧张感,1
瞬间_调动,1
戏码_瞬间,1
躲藏_戏码,1
几秒_躲藏,1
限时_几秒,1
一手_限时,1
冷不丁_一手,1
节奏_冷不丁,1
解密_节奏,1
悠哉_解密,1
诡异_悠哉,1
接受_诡异,1
已经_接受,1
记得_中期,1
小心眼_记得,1
制作组_小心眼,1
情向_制作组,1
制作组_这种,1
方式_提了,1
饱含_时代特色,1
审美_每次,1
二次元_审美,1
符合_二次元,1
秀气_符合,1
立绘_秀气,1
不少_本作,1
心里_不少,1
本作_心里,1
风格_本作,1
水墨_风格,1
地狱_水墨,1
奈何桥_地狱,1
时代特色_奈何桥,1
细节_饱含,1
提了_小醒,1
隐藏_细节,1
考究_隐藏,1
悉心_考究,1
看得出来_悉心,1
场景_看得出来,1
简陋_场景,1
简单_简单,1
起来_简单,1
学校_起来,1
方面_回到,1
美术_方面,1
吓人_美术,1
小醒_吓人,1
情况_制作组,1
干什么_情况,1
应该_干什么,1
高潮_不停,1
太大_亮点,1
不功_太大,1
比较_不功,1
解密_比较,1
本作_部分,1
演出_本作,1
效果_演出,1
震撼_效果,1
足够_强烈,1
带来_足够,1
画面_带来,1
切换_画面,1
不停_切换,1
推向_高潮,1
过难_地方,1
一刻_推向,1
音乐_一刻,1
家庭_音乐,1
燃尽_家庭,1
烈火_燃尽,1
熊熊_烈火,1
地狱_熊熊,1
演出_地狱,1
疯狂_演出,1
自责_疯狂,1
愚昧_自责,1
无知_愚昧,1
贪婪_无知,1
亮点_过难,1
地方_考虑,1
一步_应该,1
本作_流程,1
知道_一步,1
出现_知道,1
基本_出现,1
提示_基本,1
相应_提示,1
出现_相应,1
进展_出现,1
有所_进展,1
物品_有所,1
找到_相关,1
线性_找到,1
完全_线性,1
流程_完全,1
四处寻找_本作,1
考虑_能够,1
需要_四处寻找,1
完成_需要,1
场景_完成,1
同一_场景,1
谜题_同一,1
寻物_谜题,1
大部分_寻物,1
本作_大部分,1
发愁_本作,1
解谜_发愁,1
浸入_解谜,1
完全_浸入,1
让玩家_完全,1
布置_鲜活,1
物品_布置,1
场景_物品,1
年代_场景,1
窗口_吹来,1
雨声_窗口,1
沙沙_雨声,1
无论是_沙沙,1
无缘_无论是,1
奇观_无缘,1
天文_奇观,1
浪漫_天文,1
这场_浪漫,1
注定_这场,1
下起_注定,1
今天_下起,1
天空_今天,1
晴空万里_天空,1
前两天_晴空万里,1
明明_前两天,1
凑巧_明明,1
极大值_凑巧,1
迎来_极大值,1
将会_迎来,1
流星雨_将会,1
英仙座_流星雨,1
今夜_英仙座,1
告诉_今夜,1
横幅_告诉,1
滚动_横幅,1
标题_滚动,1
这篇_标题,1
凑巧_这篇,1
吹来_凉风,1
凉风_心情,1
心情_平静下来,1
得空_环境,1
某作_明白,1
纸人_某作,1
无论是_实录,1
不屑一顾_无论是,1
一丝_不屑一顾,1
恐怖_一丝,1
一直_国产,1
东西_之前,1
写出_东西,1
想必_写出,1
不错_想必,1
心情_不错,1
环境_心情,1
算是_得空,1
平静下来_东西,1
今天_算是,1
耽误_今天,1
事情_耽误,1
写些_事情,1
一直_写些,1
已经_一直,1
以前_已经,1
两天_以前,1
选择_两天,1
最好_选择,1
成为_最好,1
无疑_成为,1
东西_无疑,1
十分_凑巧,1
眼里_沙子,1
星河_眼里,1
整个_环绕着,1
朋友_试一试,1
感兴趣_朋友,1
观感_感兴趣,1
不错_观感,1
想成_一部,1
合适_想成,1
价格_合适,1
不剧_价格,1
内容_不剧,1
感慨_内容,1
十分_感慨,1
主题_十分,1
环绕着_人性,1
氛围_整个,1
以后_继续,1
孤寂_氛围,1
感受_孤寂,1
略微_感受,1
背景_略微,1
出色_背景,1
要素_出色,1
现实_一款,1
贴近_现实,1
或许_贴近,1
结尾_或许,1
这种_结尾,1
只不过_这种,1
缺憾_只不过,1
试一试_希望,1
加油_做出,1
喜欢_化作,1
老来_追忆,1
妈妈_喜欢,1
青衫_可安否,1
以前_青衫,1
想念_以前,1
不平_想念,1
阴魂_不平,1
阴阳眼_阴魂,1
承载_阴阳眼,1
光辉_承载,1
父亲_光辉,1
师从_父亲,1
释怀_师从,1
追忆_释怀,1
启封_老来,1
做出_更好,1
往事_启封,1
陈年_往事,1
山外山_意难平,1
往往_强烈推荐,1
黑暗_往往,1
刺激_推荐,1
本土_民俗,1
体会_本土,1
过程_体会,1
精彩_游玩,1
叹惋_精彩,1
一段_令人,1
佳作_一段,1
明白_哪款,1
哪款_一种,1
一种_逃不开,1
美术设计_民俗,1
兴趣_这比,1
文化_兴趣,1
风俗_文化,1
历史_风俗,1
相关_历史,1
学习_相关,1
勾起_学习,1
自然而然_勾起,1
有时候_自然而然,1
下功夫_有时候,1
应该_下功夫,1
考证_应该,1
民俗_考证,1
不错_美术设计,1
强硬_灌输,1
暗喻_不错,1
营造_暗喻,1
除去_恐怖,1
原因_除去,1
名字_原因,1
真正_名字,1
不提_真正,1
学校_不提,1
喜欢_回到,1
心中_喜欢,1
不谈_心中,1
问题_不谈,1
抛开_问题,1
这比_强硬,1
灌输_回到,1
载体_在此之前,1
对应_实力,1
充满_年代,1
切换_充满,1
人物_切换,1
转换_人物,1
手法_场景,1
流程_蒙太奇,1
惊喜_流程,1
惊喜_惊喜,1
简直_惊喜,1
失望_简直,1
岂止_失望,1
这款_岂止,1
实力_这款,1
如潮_对应,1
回到_正题,1
没想到_好评,1
万万_没想到,1
失望_万万,1
不要_失望,1
希望_不要,1
本来_希望,1
旅程_本来,1
国产_旅程,1
忐忑_烟火,1
惋惜_忐忑,1
深深地_惋惜,1
前面_深深地,1
正题_前面,1
在此之前_抛开,1
想必_不错,1
逃不开_粗糙,1
为主_某种程度,1
恐惧_心理,1
层层_恐惧,1
类似_层层,1
毕竟_类似,1
要求_毕竟,1
建模_要求,1
画面_建模,1
减少_画面,1
神经_减少,1
高度_紧绷,1
昏暗_高度,1
环境_昏暗,1
某种程度_环境,1
黑暗_为主,1
少数_让玩家,1
环境_黑暗,1
刺激_环境,1
短暂_刺激,1
高强度_短暂,1
追求_高强度,1
为主_追求,1
类型_为主,1
scare_类型,1
大部分_恐怖,1
市面上_大部分,1
毕竟_市面上,1
理解_毕竟,1
粗糙_理解,1
恐怖_少数,1
让玩家_怪物,1
恐怖_想必,1
亮点_很难,1
仪式_恐怖,1
古老_仪式,1
秘传_古老,1
传说_秘传,1
民俗文化_诡异,1
了解_民俗文化,1
追求_恐怖,1
一种_追求,1
恐怖_一种,1
脱颖而出_个人,1
类型_脱颖而出,1
一众_类型,1
很难_一众,1
过人_亮点,1
怪物_追杀,1
严重_过人,1
同质化_严重,1
恐怖_同质化,1
导致_恐怖,1
原因_导致,1
刺激_原因,1
恐来_刺激,1
细思极_恐来,1
抽丝剥茧_细思极,1
可要_抽丝剥茧,1
无力_可要,1
感到_无力,1
追杀_感到,1
陈老师_出现,1
恐怖_诡异,1
船票_知道,1
声音_徘徊,1
短暂_它会,1
巨大_烟火,1
影响_巨大,1
孩子_影响,1
大山_李老师,1
林理洵_孩子,1
呜呜_林理洵,1
消失_呜呜,1
根源_陈老师,1
思想_悲剧,1
诱导_封建迷信,1
真正_诱导,1
童年_真正,1
大山_童年,1
大山_拐卖,1
思念_女儿,1
逝去_儿子,1
痛苦_逝去,1
凶手_痛苦,1
意义_凶手,1
真正_意义,1
合理_真正,1
逻辑_合理,1
凶案_逻辑,1
整个_凶案,1
多一些_整个,1
温馨_多一些,1
后面_温馨,1
吓人_后面,1
它会_心中,1
心中_种下,1
种下_美的,1
星辰_自愿,1
燃烧_心中,1
依然_燃烧,1
之中_依然,1
也许_之中,1
灰烬_也许,1
殆尽_灰烬,1
燃烧_殆尽,1
一团_燃烧,1
群山_一团,1
远处_群山,1
前方_远处,1
星河_前方,1
自愿_坠入,1
另一边_有人,1
美的_期待,1
天空_另一边,1
垂葬_天空,1
鸟儿_垂葬,1
里面_孩子,1
大山_里面,1
帮助_大山,1
希望_绳子,1
种子_希望,1
美好世界_期待,1
外面_美好世界,1
种下_外面,1
心里_种下,1
种子_李老师,1
左右_吓人,1
之三_左右,1
五分_之三,1
自我_认同,1
之中_寄托,1
蟑螂_之中,1
认为_作者,1
类似_悲剧,1
无数_类似,1
中有_无数,1
现实_中有,1
知道_现实,1
沉重_知道,1
极其_沉重,1
烟火_极其,1
迷茫_烟火,1
认同_迷茫,1
问题_自我,1
无尽_悲伤,1
拐卖儿童_问题,1
问题_拐卖儿童,1
封建迷信_问题,1
不仅仅_封建迷信,1
表达_不仅仅,1
作者_表达,1
恐怖_作者,1
气氛_不错,1
仅仅_气氛,1
戛然而止_仅仅,1
烟火_戛然而止,1
推测_烟火,1
比较_推测,1
寄托_无尽,1
悲伤_绝望,1
欢迎_回家,1
影视_顺利,1
一路_欢迎,1
陈老师_一路,1
控制_陈老师,1
之后_控制,1
首歌_之后,1
听到_首歌,1
这款_听到,1
歌曲_这款,1
送别_歌曲,1
影院_见到,1
早日_影院,1
期待_早日,1
顺利_期待,1
烟火_影视,1
绝望_烟火,1
之物_最后,1
人能_发现,1
每个_人能,1
讲愿_每个,1
致谢_讲愿,1
最后_致谢,1
群山_希望,1
飞过_群山,1
深井_飞过,1
路标_深井,1
回返_路标,1
亡人_回返,1
烟火_亡人,1
心中_声音,1
徘徊_弥漫,1
诡异_环境,1
弥漫_群山,1
这天_外婆,1
评测_这天,1
会湿_评测,1
眼眶_会湿,1
内容_眼眶,1
看过_内容,1
打通关_已经,1
晚上_打通关,1
两个_晚上,1
otz_两个,1
继续_otz,1
外放_继续,1
音乐_外放,1
一起_音乐,1
两人_一起,1
舍友_两人,1
后来_舍友,1
直接_后来,1
以后_直接,1
序章_以后,1
玩过_序章,1
耳机_玩过,1
带上_耳机,1
一人_带上,1
一直_一人,1
想起_一直,1
影视_突然,1
计划_影视,1
公告_计划,1
外婆_生日,1
生日_之前,1
之前_习惯,1
好好_外婆,1
之后_再也不会,1
共鸣_之后,1
一人_共鸣,1
不止_一人,1
引发_不止,1
能够_引发,1
这作_能够,1
有点_这作,1
关注点_有点,1
上面_关注点,1
住院_上面,1
医院_住院,1
外婆_医院,1
没能_好好,1
习惯_今天,1
之前_没能,1
今年_之前,1
过生日_今年,1
老人_过生日,1
家里_老人,1
好几年_家里,1
已经_好几年,1
在外_已经,1
一人_在外,1
独身_一人,1
发觉_独身,1
突然_发觉,1
今天_突然,1
官方_公告,1
那天_官方,1
十号_那天,1
一股_悲凉,1
流水账_评测,1
恰到好处_人生,1
元素_恰到好处,1
惊吓_恐怖,1
突然_惊吓,1
悲剧_突然,1
走进_封建迷信,1
揭秘_走进,1
一步步_揭秘,1
渐渐_吸引,1
不能_渐渐,1
由内而外_久久,1
悲凉_由内而外,1
感受_一股,1
警告_完散,1
深入_感受,1
渗人_深入,1
指引_方向,1
迷途_灵魂,1
烟火_迷途,1
无数_绽放,1
远远望去_无数,1
河流_远远望去,1
柳树下_河流,1
释放_柳树下,1
得以_释放,1
之间_得以,1
群山_之间,1
评测_警告,1
视频_激情,1
九月_十号,1
震撼_画风,1
大致_九月,1
艺术_大致,1
思考_第九,1
深度_思考,1
背后_深度,1
角色_背后,1
新意_角色,1
玩法_新意,1
穿插_玩法,1
跌宕起伏_穿插,1
感染力_跌宕起伏,1
干净_感染力,1
画风_干净,1
实况_震撼,1
激情_补票,1
是从_实况,1
属于_是从,1
感动_属于,1
两次_感动,1
版本_两次,1
cc_版本,1
以后_cc,1
视频_以后,1
老师_视频,1
游玩_完散,1
一直_游玩,1
胆小_一直,1
补票_胆小,1
真相_比较,1
悲剧_案件,1
惨案_注定,1
明线_田家,1
未来_方向,1
出路_未来,1
想过_出路,1
区别_从未,1
没什么_区别,1
大城市_没什么,1
生活_大城市,1
城市_生活,1
城市_城市,1
四线_城市,1
出身_四线,1
出身_出身,1
确实_出身,1
也许_确实,1
震撼_也许,1
当时_强烈,1
带给_当时,1
眼神_带给,1
话语_眼神,1
坚定不移_话语,1
随意_坚定不移,1
看似_随意,1
知道_看似,1
老师_知道,1
山村_支教,1
想要_山村,1
以后_想要,1
一句_以后,1
补充_一句,1
方向_平凡,1
伟大_志向,1
志向_而娜,1
广阔_美丽,1
甘愿_燃烧,1
那种_甘愿,1
存在_那种,1
世界_确实,1
知道_世界,1
心里_知道,1
锤击_心里,1
字字_锤击,1
确实_字字,1
心中_确实,1
孩子_心中,1
播撒_孩子,1
美丽_播撒,1
这份_广阔,1
而娜_姐则,1
愿意_这份,1
星空_愿意,1
漫天_星空,1
看见_漫天,1
陈老师_看见,1
不便_陈老师,1
终究_不便,1
偏僻_终究,1
村子_偏僻,1
城市边缘_村子,1
生活_城市边缘,1
一直_生活,1
姐则_一直,1
我练_补充,1
回答_我练,1
笑笑_回答,1
这款_不知,1
年龄_会管,1
女生_年龄,1
活力_女生,1
不高_活力,1
个子_不高,1
班上_个子,1
初中_班上,1
大概_初中,1
记得_大概,1
往事_记得,1
一段_往事,1
想起_一段,1
不知_想起,1
特别_这款,1
一声_娜姐,1
个人_特别,1
重点_个人,1
要说_重点,1
接下来_要说,1
东西_接下来,1
特别_东西,1
所谓_特别,1
内容_所谓,1
不少_内容,1
安慰_不少,1
一丝_安慰,1
中寻得_一丝,1
环境_中寻得,1
会管_一声,1
娜姐_全能,1
好看_笑笑,1
板书_一手,1
书写_好看,1
好奇_书写,1
忍不住_好奇,1
老师_忍不住,1
说实话_老师,1
好看_说实话,1
流畅_好看,1
起来_流畅,1
惊讶_起来,1
特别_惊讶,1
板书_特别,1
漂亮_板书,1
一手_漂亮,1
帮忙_板书,1
全能_班里,1
姐会_帮忙,1
狗爬_姐会,1
板书_狗爬,1
无论是_板书,1
右手_无论是,1
左撇子_右手,1
不行_左撇子,1
写字_不行,1
地方_写字,1
苦手_地方,1
事情_苦手,1
板报_事情,1
班里_板报,1
燃烧_奉献,1
奉献_也许,1
也许_医生,1
紧凑_节奏,1
伏笔_暗示,1
序章_伏笔,1
回头_序章,1
现在_回头,1
卡关_现在,1
容易_卡关,1
分支_容易,1
上去_分支,1
设计_上去,1
解谜_设计,1
要素_烟火,1
设计_恐怖,1
节奏_设计,1
难度_紧凑,1
增加_信息,1
恐惧_合理,1
自然_恐惧,1
强化_自然,1
进一步_强化,1
反差_进一步,1
这种_反差,1
特写_这种,1
写实_特写,1
极其_写实,1
时用_极其,1
调查_时用,1
代入_调查,1
布置_代入,1
暗示_增加,1
信息_密度,1
画面_细节,1
暗线_若隐若现,1
惊喜_明线,1
更大_惊喜,1
带给_更大,1
升华_带给,1
不断_升华,1
随之_不断,1
人物形象_随之,1
饱满_人物形象,1
共同_塑造,1
相互交织_共同,1
角色_相互交织,1
个人_角色,1
若隐若现_个人,1
两条_暗线,1
密度_加快,1
明线_两条,1
一条_明线,1
具有_一条,1
升华_具有,1
饱满_升华,1
不断_饱满,1
角色_不断,1
思考_角色,1
解谜_思考,1
投入_解谜,1
让玩家_投入,1
节奏_让玩家,1
加快_节奏,1
细节_布置,1
丰富_画面,1
所说_大山,1
陈老师_如娜姐,1
尚未_接触,1
无论是_尚未,1
不快_无论是,1
不吐_不快,1
算是_不吐,1
关系不大_算是,1
繁星_关系不大,1
满天_繁星,1
愚昧_满天,1
摆脱_愚昧,1
一天_能够,1
所有人_一天,1
如娜姐_所有人,1
夜空_陈老师,1
推荐_一份,1
照亮_夜空,1
前赴后继_化身,1
有人_前赴后继,1
地方_有人,1
照不到_地方,1
火光_照不到,1
现实_火光,1
无论是_现实,1
相信_无论是,1
气来_相信,1
压迫_气来,1
灰烬_压迫,1
大山_燃烧,1
接触_推荐,1
国产_收藏,1
卡通画_丰富,1
物件_展现出,1
整体_卡通画,1
标准_整体,1
惊悚_标准,1
恐怖_惊悚,1
达到_恐怖,1
scare_达到,1
使用_jump,1
几乎_使用,1
倍增_烟火,1
恐惧感_倍增,1
状态_恐惧感,1
自然_状态,1
展现出_自然,1
寻常_物件,1
收藏_值得,1
尤其_寻常,1
未知_尤其,1
源于_未知,1
恐惧_源于,1
表现_恐惧,1
精致_画面,1
氛围_精致,1
出色_悬疑,1
封建迷信_出色,1
方式_封建迷信,1
怪诞_方式,1
诡谲_怪诞,1
烟火_诡谲,1
略有_缺憾,1
确实_略有,1
结尾_确实,1
田家_需要,1
放入_故意,1
尸体_放入,1
王金财_尸体,1
办案_王金财,1
清潭_办案,1
警方_清潭,1
火灾_警方,1
制造_这场,1
发现_制造,1
警察_发现,1
指引_警察,1
大量_烟火,1
购买_大量,1
习惯_购买,1
暗示_抽烟,1
邻里_暗示,1
警方_邻里,1
意向_警方,1
痕迹_意向,1
练习_痕迹,1
留下_练习,1
刻意_留下,1
密封_刻意,1
二次_密封,1
食盐_二次,1
练习_食盐,1
反复_练习,1
犯人_反复,1
创造_犯人,1
故意_引燃,1
引燃_车内,1
车内_烟火,1
纯阴能_看见,1
设计_疑点,1
一系列_设计,1
叶敬山_一系列,1
看透_叶敬山,1
隐情_看透,1
真正_隐情,1
能够_调查,1
机会_能够,1
主角_机会,1
事物_主角,1
看见_事物,1
不能_看见,1
看见_常人,1
八字_纯阴能,1
烟火_刻意,1
林理询_八字,1
没想到_主角,1
下毒_没想到,1
盐里_下毒,1
田家_盐里,1
田向荣_田家,1
报复_田向荣,1
田家_报复,1
相信_田家,1
警方_相信,1
线索_警方,1
调查_线索,1
刻意_警方,1
田家_创造,1
决定_田家,1
叶敬山_决定,1
成员_王金财,1
可王_金财,1
葬礼_可王,1
筹办_葬礼,1
出资_筹办,1
大伙_出资,1
发现_大伙,1
数日_发现,1
尸体_数日,1
无人_尸体,1
家中_无人,1
生前_家中,1
家中_生前,1
王金财_家中,1
一位_成员,1
葬礼_发生,1
团伙_一位,1
后田向荣_盗墓,1
一个月_后田向荣,1
死亡_一个月,1
一道_死亡,1
田向荣_一道,1
是因为_田向荣,1
或许_是因为,1
杀害_或许,1
陈青穗_杀害,1
寄出_陈青穗,1
辞职信_寄出,1
教书_辞职信,1
金财_葬礼,1
发生_一场,1
罪名_叶敬山,1
接受_赵小娟,1
发展_洗刷,1
情况_发展,1
朝看_情况,1
事情_朝看,1
没想到_事情,1
最坏_没想到,1
设想_最坏,1
骂名_设想,1
女儿_骂名,1
杀害_女儿,1
遭受_杀害,1
主意_遭受,1
赵小娟_主意,1
叶敬山_无法,1
一场_离奇,1
出谋划策_医生,1
赵小娟_出谋划策,1
策划_赵小娟,1
一手_策划,1
叶敬山_一手,1
火灾_诊所,1
实际上_这场,1
调查_实际上,1
前来_调查,1
报案_前来,1
接到_报案,1
林理询_接到,1
火灾_主角,1
疑点_田家,1
需要_真相,1
算得_不错,1
真相_凶手,1
文化_社会,1
厚重_文化,1
稳固_厚重,1
长治久安_稳固,1
想要_长治久安,1
国家_想要,1
欣慰_国家,1
感到_欣慰,1
一点_感到,1
宣传_一点,1
文化_宣传,1
加大_文化,1
文物_加大,1
保护_文物,1
亟需_保护,1
一大批_亟需,1
挽救_一大批,1
补救_挽救,1
文化_补救,1
十分重视_文化,1
国家_十分重视,1
近些年_国家,1
痛心_近些年,1
流失_令人,1
国宝_流失,1
产业链_国宝,1
形成_产业链,1
早已_形成,1
变卖_早已,1
社会_媒体,1
媒体_问题,1
问题_边远,1
读者_一千个,1
从小_活在,1
主角_从小,1
形象_主角,1
伟光_形象,1
单纯_伟光,1
欲望_单纯,1
角色_欲望,1
出现_主要,1
闪光点_出现,1
几个_闪光点,1
本作_几个,1
哈姆雷特_本作,1
一千个_哈姆雷特,1
一千个_读者,1
边远_山村,1
毕竟_一千个,1
想法_毕竟,1
各有_想法,1
兄弟_各有,1
玩过_兄弟,1
相信_玩过,1
赘述_相信,1
问题_不再,1
问题_社会,1
关系_问题,1
问题_医患,1
法治_问题,1
山村_法治,1
文物_变卖,1
报道_文物,1
新闻_报道,1
儿童_受害者,1
波折_不禁,1
巨大_波折,1
产生_巨大,1
命运_产生,1
戛然而止_命运,1
拐卖_戛然而止,1
人生_拐卖,1
更好_人生,1
获得_更好,1
努力_获得,1
本来_努力,1
自杀身亡_本来,1
悲剧_自杀身亡,1
拐卖妇女_儿童,1
贩卖人口_深恶痛绝,1
叶敬山_拐卖妇女,1
问题_赵小娟,1
拐卖_问题,1
妇女儿童_拐卖,1
一是_妇女儿童,1
深刻_社会,1
蕴含着_深刻,1
内部_蕴含着,1
结束_内部,1
主要_结束,1
死去_赵小娟,1
也许_死去,1
凶手_也许,1
不禁_贩卖人口,1
深恶痛绝_案件,1
团体_新闻,1
古都_帝王将相,1
盗墓_团体,1
经常_盗墓,1
前些年_经常,1
传言_前些年,1
盗墓_传言,1
自然_盗墓,1
一节_自然,1
神树_一节,1
秦岭_神树,1
一书_秦岭,1
笔记_一书,1
盗墓_笔记,1
帝王将相_盗墓,1
十三_古都,1
案件_屡禁不止,1
名城_十三,1
历史_名城,1
西安_历史,1
问题_西安,1
文物_问题,1
变卖_文物,1
盗墓_变卖,1
二是_盗墓,1
保护伞_二是,1
产业链_保护伞,1
存在_产业链,1
必然_存在,1
屡禁不止_必然,1
清潭_教书,1
感情_决定,1
割舍_感情,1
难以_割舍,1
似乎_田家,1
神婆_似乎,1
神婆_这位,1
一位_神婆,1
镇上_一位,1
结识_清潭,1
偶然_结识,1
后来_偶然,1
桂兰_后来,1
内向_田向荣,1
乖僻_内向,1
变得_乖僻,1
田芳芳_变得,1
田向荣_孙女,1
痛哭_田向荣,1
掩面_痛哭,1
常常_掩面,1
阳台_常常,1
喜欢_阳台,1
儿子_喜欢,1
常常_儿子,1
荣则_常常,1
而田向_荣则,1
烧香拜佛_而田向,1
整日_烧香拜佛,1
妻子_整日,1
性情大变_田向荣,1
老两口_性情大变,1
去世_田家,1
田家_有过,1
有过_详尽,1
详尽_调查,1
神婆_能力,1
不怪_田家,1
那句_不怪,1
说出_那句,1
口吻_说出,1
儿子_口吻,1
曾以_儿子,1
神婆_曾以,1
听到_桂兰,1
神婆_听到,1
信任_这位,1
田向荣_信任,1
深信不疑_田向荣,1
能力_深信不疑,1
使何_桂兰,1
调查_第一次,1
举动_使何,1
神婆_举动,1
守口如瓶_神婆,1
对此_守口如瓶,1
一向_对此,1
田家_一向,1
秘密_田家,1
盗墓_秘密,1
田向荣_参与,1
说出_田向荣,1
见面_说出,1
田家_见面,1
第一次_田家,1
儿子_去世,1
告终_儿子,1
赔钱_告终,1
联系_当年,1
多行不义_必有,1
田向荣_多行不义,1
或许_田向荣,1
不好_或许,1
日子_不好,1
或许_日子,1
一票_或许,1
挺而走险_一票,1
决定_挺而走险,1
王金财_决定,1
盗墓_小卖部,1
一起_盗墓,1
当年_一起,1
一次_联系,1
遭受_报应,1
下去_一次,1
知道_不能,1
田向荣_知道,1
失败_田向荣,1
努力_失败,1
金钱_做出,1
一次次_金钱,1
积蓄_一次次,1
见底_积蓄,1
逐渐_见底,1
看着_逐渐,1
头上_看着,1
大奖_头上,1
必有_遭受,1
报应_一天,1
田家_赔钱,1
拷问_田向荣,1
以叶敬山_田家,1
最后_以叶敬山,1
整件事_最后,1
肋骨_整件事,1
叶敬山_肋骨,1
打断_叶敬山,1
卫生所_打断,1
身上_卫生所,1
大夫_叶敬山,1
卫生所_大夫,1
归结到_卫生所,1
儿子_归结到,1
田向荣_儿子,1
逃避_内心,1
一天_盗墓,1
报应_逃避,1
所作所为_报应,1
儿子_所作所为,1
相信_儿子,1
田向荣_不愿,1
爱子_田向荣,1
失去_爱子,1
人世_失去,1
早早_离开,1
缠身_早早,1
田宇_恶疾,1
不久_儿子,1
盗墓_不久,1
田家_不后,1
不后_侮时,1
侮时_彻底,1
鸟儿_最终,1
一家人_自杀身亡,1
毒害_一家人,1
发作_毒害,1
精神病_发作,1
赵小娟_精神病,1
变成_赵小娟,1
事情_变成,1
整件_事情,1
报道_整件,1
媒体_报道,1
天空_媒体,1
方式_天空,1
选择_这种,1
奋力_飞翔,1
另一边_得到,1
上吊自杀_奋力,1
遗言_上吊自杀,1
天空_遗言,1
写下_尸体,1
赵小娟_写下,1
现实_赵小娟,1
接受_现实,1
脖子_无法,1
夹断_脖子,1
笼门_夹断,1
一瞬间_笼门,1
飞出去_一瞬间,1
笼中之鸟_飞出去,1
自杀身亡_另一边,1
得到_田向荣,1
时会_绝望,1
无法_曝光,1
实在_难以,1
陈青穗_实在,1
冲击_陈青穗,1
很大_冲击,1
造成_很大,1
一家_造成,1
田芳芳_一家,1
质疑_田芳芳,1
产生_质疑,1
工作_产生,1
第一次_工作,1
陈青穗_第一次,1
曝光_陈青穗,1
复杂_永远,1
文物_证据,1
关系网_交错,1
金钱_关系网,1
权利_金钱,1
家里_权利,1
田向荣_家里,1
高层_田向荣,1
银行_高层,1
文物_银行,1
参与_倒卖,1
发现_参与,1
震惊_发现,1
陈青穗_震惊,1
证据_陈青穗,1
绝望_笼中之鸟,1
岳母_时会,1
彻底_放下,1
说说话_田芳芳,1
但芳芳_知道,1
折纸_但芳芳,1
开心_教芳芳,1
逗夏芳芳_开心,1
善良_逗夏芳芳,1
老师_温柔,1
眼中_之前,1
芳芳_眼中,1
陈清穗_新来,1
老师_陈清穗,1
新语文_老师,1
遇到_新语文,1
田芳芳_遇到,1
儿子_说说话,1
这位_陈老师,1
之口_已经,1
神婆_之口,1
供养_这位,1
田向荣_供养,1
每周_田向荣,1
之后_每周,1
自此_之后,1
儿子_自此,1
见到_死去,1
招魂_见到,1
相信_这位,1
戒备_相信,1
放下_戒备,1
知道_这位,1
陈老师_实际上,1
岳父_岳母,1
田家_情况,1
芳芳_岳父,1
死去_芳芳,1
看见_死去,1
回来_看见,1
那天_回来,1
赵小娟_那天,1
想象_赵小娟,1
发生_无法,1
清楚_导致,1
计划_清楚,1
爷爷奶奶_计划,1
知道_爷爷奶奶,1
情况_芳芳,1
深入_调查,1
实际上_报社,1
突破口_深入,1
以芳芳_突破口,1
试图_以芳芳,1
陈青穗_试图,1
接近_陈青穗,1
有意_接近,1
老师_有意,1
伪装成_支教,1
一事_伪装成,1
文物_一事,1
爷爷_田向荣,1
调查_爷爷,1
报社_记者,1
活在_牺牲,1
牺牲_英雄,1
英雄_父亲,1
灵魂_看似,1
回头_望去,1
火焰_意难平,1
天空_看见,1
基本_素养,1
应该_基本,1
时代_应该,1
告别_时代,1
封建迷信_告别,1
好好_封建迷信,1
连天_好好,1
支持_期待,1
观影_支持,1
一定_观影,1
拍成电影_一定,1
据说_拍成电影,1
燃放_烟火,1
井口_燃放,1
仰望_井口,1
铡刀_仰望,1
鱼肉_铡刀,1
陈老师_oo,1
玩游戏_中国,1
巧妙_期待,1
运用_巧妙,1
画幅_运用,1
表现手法_画幅,1
出色_表现手法,1
打通_出色,1
一气呵成_打通,1
望去_陈老师,1
陈老师_身影,1
身影_知道,1
宣告_结束,1
逃离_一座座,1
没能_逃离,1
豁然开朗_四个,1
结局_豁然开朗,1
脑海_结局,1
闪回进_脑海,1
一幕幕_闪回进,1
故事情节_一幕幕,1
天灵盖_故事情节,1
像是_天灵盖,1
下来_像是,1
过程_下来,1
结束_整个,1
送别_宣告,1
知道_化为,1
伴随_最后,1
人心_伴随,1
真正_可怕,1
恐怖_真正,1
悲剧_温暖,1
带来_悲剧,1
迷信_带来,1
烟火_迷信,1
古道_烟火,1
星星_孩子,1
牵引_星星,1
绳子_牵引,1
化为_绳子,1
皮肤_比较,1
手游_皮肤,1
不到_手游,1
一款_用心,1
切换_证据,1
创新_相机,1
玩法_创新,1
部分_玩法,1
感强_部分,1
带入_感强,1
事发_现场,1
反转_恐怖,1
反转_反转,1
不错_反转,1
优点_整体,1
不错_优点,1
来讲_不错,1
不错_一款,1
部分_缺点,1
有意思_不错,1
要素_有意思,1
比较简单_解谜,1
玩法_比较简单,1
星河_玩法,1
人心_杰出,1
能够_打动,1
真正_能够,1
无奈_真正,1
温暖_无奈,1
讲述_温暖,1
实则_讲述,1
恐怖_实则,1
证据_部分,1
缺点_整体,1
价格_不到,1
建议_之后,1
考虑_价格,1
来讲_考虑,1
不清_总体,1
交代_不清,1
伏笔_交代,1
部分_伏笔,1
代入_部分,1
增强_代入,1
部分_增强,1
选择_推理,1
让玩家_选择,1
同类_让玩家,1
之后_同类,1
互动性_建议,1
流程_偏短,1
口述_互动性,1
警官_口述,1
基本_警官,1
部分_基本,1
稍差_解谜,1
相比_稍差,1
同类_相比,1
可玩性_同类,1
几乎_可玩性,1
之后_几乎,1
第五章_之后,1
尤其_第五章,1
偏短_尤其,1
一座座_灰烬,1
大山_变成,1
变成_漫山遍野,1
背景音乐_代入,1
巧妙_小芳,1
呜呜_台词,1
童年_呜呜,1
治愈_童年,1
一生_治愈,1
不幸_一生,1
突然_不幸,1
小芳_突然,1
赵小娟_小芳,1
结局_医生,1
每个_最后,1
难受_每个,1
恐怖_难受,1
里面_背景音乐,1
奶奶_喜欢,1
东西_害怕,1
存在_东西,1
真相_存在,1
找到_真相,1
警察_找到,1
害怕_警察,1
警察_害怕,1
一位_警察,1
主角_一位,1
操作_主角,1
想起_操作,1
怀念_突然,1
万分_怀念,1
小芳_奶奶,1
来后_妈妈,1
感它_每一处,1
影射_中国,1
烟火_算得,1
拐卖_事情,1
文物_人口,1
封建迷信_贩卖,1
人像_封建迷信,1
每个_人像,1
普及_每个,1
教育_普及,1
希望_教育,1
带来_种种,1
封建迷信_带来,1
偏远地区_封建迷信,1
中国_偏远地区,1
很大_影射,1
爷爷奶奶_开开心心,1
感触_很大,1
小时_感触,1
很棒_小时,1
人心_成为,1
最抚_人心,1
人间烟火_最抚,1
最是_人间烟火,1
太好了_最是,1
呜呜_太好了,1
天空_呜呜,1
遗书_尸体,1
小娟_遗书,1
开开心心_小娟,1
细节_万分,1
代入_感它,1
漫山遍野_空中,1
春风化雨_远山,1
沉痛_真相,1
表皮_沉痛,1
一直_现在,1
原因_一直,1
诸多_原因,1
烟火_诸多,1
独立_恐怖,1
二月份_国产,1
本该_二月份,1
佳作_本该,1
绝对_国产,1
佳作_绝对,1
远山_灰蒙,1
落英缤纷_春风化雨,1
船票_却没能,1
绚烂_落英缤纷,1
归处_真正,1
灵魂_归处,1
寻找_灵魂,1
迷雾_寻找,1
银河_迷雾,1
夺目_银河,1
绚烂_夺目,1
组成_绚烂,1
星辰_组成,1
翱翔_化作,1
自由_翱翔,1
空中_自由,1
真相_四张,1
却没能_渡上,1
有着_代入,1
荒诞剧_彻底,1
整个_有着,1
悲剧_整个,1
中国式_悲剧,1
言说_习俗,1
难以_言说,1
似乎_难以,1
评价_似乎,1
办法_评价,1
引发_彻头彻尾,1
封建迷信_引发,1
一场_封建迷信,1
悲剧_这是,1
彻底_悲剧,1
一出_荒诞剧,1
渡上_一人,1
这是_一出,1
遗憾_这是,1
人生_遗憾,1
璀璨_人生,1
本来_璀璨,1
大山_本来,1
无法_逃离,1
山里_始终,1
埋葬_山里,1
最后_埋葬,1
船票_最后,1
渡轮_船票,1
一人_渡轮,1
看似_惊悚,1
赋予_灵魂,1
阴影_父亲,1
更是_赋予,1
回味无穷_说不出,1
令人_回味无穷,1
电影_令人,1
好像_一场,1
不到_好像,1
流程_四个,1
背后_人心,1
鬼怪_背后,1
葬礼_恐怖,1
遍野_这是,1
天空_作业本,1
发凉_恐怖,1
解密_后背,1
这种_抽丝剥茧,1
比较_喜欢,1
一把_恐怖,1
追逐战_一把,1
那种_追逐战,1
不太_喜欢,1
缺点_重要,1
沉浸_缺点,1
相比_能够,1
一试_相比,1
生命_这是,1
付出_生命,1
姑息_付出,1
绝不_姑息,1
违法_绝不,1
迷茫_违法,1
今天_正式,1
正式_玩得,1
玩得_开心,1
一赠_鬼故事,1
一头雾水_尴尬,1
反正_一头雾水,1
一个样儿_反正,1
线索_一个样儿,1
线索_线索,1
启发性_线索,1
毫无_启发性,1
零碎_毫无,1
过于_零碎,1
分布_过于,1
线索_分布,1
展开_线索,1
鬼故事_展开,1
块钱_一赠,1
开心_以前,1
学校_块钱,1
小时候_学校,1
起来_小时候,1
喜欢_起来,1
设计_喜欢,1
老套_关卡,1
情节_老套,1
尴尬_情节,1
演出_尴尬,1
大都_演出,1
国产_大都,1
独立_国产,1
以前_独立,1
之苦_迷茫,1
忍受_之苦,1
不能_忍受,1
破案_内心深处,1
突破_自我,1
最终_突破,1
拷问_最终,1
不敢_面对,1
照镜子_不敢,1
不敢_照镜子,1
笼罩_不敢,1
光环_笼罩,1
希望_荣誉,1
公义_希望,1
追求_公义,1
破案_追求,1
内心深处_破案,1
拼命_破案,1
升华_灵魂,1
附庸_拼命,1
父亲_附庸,1
尊重_父亲,1
渴望_尊重,1
认同_渴望,1
渴望_认同,1
同样_渴望,1
英雄_同样,1
父亲_英雄,1
崇拜_父亲,1
负责_崇拜,1
感情_负责,1
父亲_感情,1
自我_升华,1
灵魂_变得,1
忍受_常人,1
付出_代价,1
青春_忍受,1
公义_奉献,1
社会_公义,1
缩影_社会,1
媒体_缩影,1
真相_媒体,1
一线_寻找,1
深入_一线,1
一众_深入,1
陈青穗_一众,1
伟大_陈青穗,1
从中_母爱,1
代价_从中,1
之下_孩子,1
变得_纯粹,1
威逼_之下,1
家庭_威逼,1
屈服于_家庭,1
反抗_屈服于,1
软弱_反抗,1
善良_软弱,1
缩影_善良,1
妇女_缩影,1
山村_妇女,1
广大_贩卖,1
赵小娟_广大,1
起来_赵小娟,1
纯粹_起来,1
尴尬_实在,1
实在_不想,1
不想_简直,1
忘记_全款,1
恐怖_处处,1
叫做_恐怖,1
国产_叫做,1
玩到_最棒,1
今年_玩到,1
总能_不到,1
烟火_总能,1
推荐_千万,1
很值_推荐,1
个人感觉_很值,1
玩通_个人感觉,1
买下_玩通,1
全款_买下,1
探案_忘记,1
蕴含_感动,1
侦探_探案,1
幽灵_侦探,1
很久以前_幽灵,1
印象_很久以前,1
通灵_印象,1
鬼魂_通灵,1
探案_鬼魂,1
刑侦_探案,1
结合_刑侦,1
灵活_结合,1
算是_灵活,1
存在_算是,1
演出_存在,1
处处_蕴含,1
感动_结尾,1
诡异_场景,1
剧本_到位,1
内容_更是,1
深刻思想_内容,1
表达_深刻思想,1
交织_表达,1
共同_交织,1
整个_共同,1
共同_撑起,1
设计_共同,1
出色_台词,1
塑造_出色,1
丰满_人物,1
营造_丰满,1
到位_氛围,1
美丽_优秀,1
收尾_送上,1
灿烂_美丽,1
内容_烟火,1
转瞬即逝_内容,1
时间_像是,1
游玩_时间,1
绽放_漫天,1
铭记_终能,1
值得_铭记,1
故人_值得,1
一位_故人,1
催泪弹_一位,1
最后_催泪弹,1
送上_最后,1
场景_演出,1
大多_诡异,1
简直_侮辱,1
烟火_小游戏,1
不好_强行,1
不到_不好,1
恐怖_不到,1
这是_恐怖,1
圆好_这是,1
本上_圆好,1
语文课_本上,1
小学_语文课,1
穿越_小学,1
深刻_穿越,1
不同_印象,1
画风_不同,1
小游戏_画风,1
操作_烟火,1
干脆_摆烂,1
这种_操作,1
大多数_这种,1
解谜_大多数,1
小游戏_解谜,1
特色_小游戏,1
灭门案_美术,1
一桩_田家,1
小镇_一桩,1
中规中矩_山中,1
表现_中规中矩,1
个人感觉_表现,1
烟火_个人感觉,1
智商_烟火,1
强行_干脆,1
摆烂_不圆爱,1
知道_大多,1
每个_get,1
里面_知道,1
高能_里面,1
恶心_高能,1
类型_恶心,1
属于_恐怖,1
恶心_设计,1
打包票_恶心,1
游玩_打包票,1
有两下子_游玩,1
确实_有两下子,1
感情_确实,1
触动_感情,1
get_触动,1
感想_每个,1
不圆爱_简单,1
每个_感想,1
之后_每个,1
多谈_之后,1
不想_多谈,1
惨剧_不想,1
导致_惨剧,1
蝴蝶效应_导致,1
一连串_蝴蝶效应,1
一点_一连串,1
倒霉_一点,1
田家_倒霉,1
概括_封建迷信,1
简单_概括,1
再也不会_打开,1
打开_我会,1
记住_形象,1
一部_互动,1
罪责_已经,1
大包大揽_罪责,1
不惜_大包大揽,1
最后_不惜,1
援手_最后,1
赵小娟_伸出,1
经历_赵小娟,1
相似_经历,1
有着_相似,1
面对_有着,1
孩子_面对,1
领养_拐卖,1
人心_领养,1
不好_永远,1
中医_不好,1
小镇_中医,1
偏僻_小镇,1
看出_偏僻,1
早已_看出,1
叶敬山_早已,1
大错特错_叶敬山,1
行为_大错特错,1
违法_行为,1
值得尊敬_违法,1
叶敬山_值得尊敬,1
老师_叶敬山,1
青春_老师,1
事业_奉献,1
支教_事业,1
已经_值得,1
敬佩_最后,1
制作者_设计,1
愿意_称其为,1
电影_与其说是,1
不同于_电影,1
小说_不同于,1
不同于_小说,1
特别_不同于,1
形式_特别,1
展现_形式,1
悲剧_展现,1
意犹未尽_这是,1
任然_意犹未尽,1
小时_任然,1
艺术品_小时,1
称其为_艺术品,1
恐怖_愿意,1
设计_精美,1
应该_恐怖,1
进山_母女,1
星河_敬山,1
愿青穗_星河,1
无数_内心,1
温暖_无数,1
照耀_温暖,1
足以_照耀,1
璀璨_足以,1
一瞬_璀璨,1
昙花一现_一瞬,1
烟火_昙花一现,1
精美_烟火,1
千千万万_支教,1
感念_千千万万,1
陈老师_感念,1
闻一闻_干呕,1
莫过于此_枯井,1
伟大_莫过于此,1
世间_伟大,1
话语权_世间,1
教育_话语权,1
市里_接受,1
女儿_市里,1
附体_争取,1
灵魂_附体,1
田宇_灵魂,1
装作_田宇,1
鱼肉_装作,1
干呕_鱼肉,1
曾经_闻一闻,1
天空_映入眼帘,1
甘愿_曾经,1
愿望_甘愿,1
最大_愿望,1
赵小娟_最大,1
鸟儿_赵小娟,1
一只_天空,1
芳芳_成为,1
夙愿_女儿,1
毕生_夙愿,1
幸福_毕生,1
儿女_幸福,1
母亲_儿女,1
成为_母亲,1
整片_天空,1
映入眼帘_似乎,1
纪念_陈老师,1
过去_放弃,1
送别_纪念,1
连天_一首,1
属于_长亭,1
找到_属于,1
已经_找到,1
机会_相信,1
扬名_机会,1
以此_扬名,1
署名_以此,1
文章_署名,1
盗墓_文章,1
披露_盗墓,1
放弃_披露,1
想起_过去,1
星空_绳子,1
打动_想起,1
孩子_打动,1
一定_可爱,1
过程_陈老师,1
追查_盗墓,1
接触_追查,1
田家_接触,1
大爱_田家,1
陈老师_大爱,1
母爱_陈老师,1
赵小娟_母爱,1
如果说_赵小娟,1
绳子_如果说,1
与其说是_像是,1
互动_电影,1
地点_出现,1
电影_块钱,1
收藏夹_分类,1
个人_收藏夹,1
哀歌_个人,1
欲望_哀歌,1
人心_欲望,1
内里_人心,1
最终_内里,1
之名_最终,1
乱神_之名,1
披着_鬼力,1
悬疑_披着,1
受阻_可怕,1
发展_受阻,1
经济_发展,1
那要_经济,1
思想_那要,1
闭塞_思想,1
穷山恶水_闭塞,1
迷信_穷山恶水,1
主题_科学,1
点明_主题,1
早就_点明,1
标语_早就,1
墙上_标语,1
小镇_墙上,1
序章_小镇,1
之事_序章,1
灵异_之事,1
怪诞_灵异,1
分类_放进,1
放进_解谜,1
解谜_整个,1
实在_头绪,1
听者_回味,1
讲完_听者,1
引人入胜_讲完,1
讲妙_引人入胜,1
讲好_讲妙,1
悬疑_讲好,1
制作组_悬疑,1
妨碍_制作组,1
触发_妨碍,1
基本_触发,1
一遍_基本,1
全点_一遍,1
头绪_全点,1
标记_实在,1
整个_游戏性,1
直接_标记,1
已经_直接,1
物品_已经,1
互动_物品,1
加上_互动,1
单线程_加上,1
毕竟_单线程,1
乏力_毕竟,1
方面_乏力,1
设计_方面,1
尤其_谜题,1
困难_尤其,1
方面_困难,1
充满_怪诞,1
表现形式_充满,1
温情_表现形式,1
芳芳_赵晓娟,1
破除迷信_时代,1
科学_破除迷信,1
进去_相信,1
照应_进去,1
这正_照应,1
思想_这正,1
扭曲_思想,1
迫害_扭曲,1
封建迷信_迫害,1
时代_封建迷信,1
悲剧_时代,1
田宇_造成,1
赵晓娟_田宇,1
造成_芳芳,1
造就_悲哀,1
究竟_造成,1
惨案_究竟,1
值得_田家,1
沉浸_值得,1
晚上_沉浸,1
半个_晚上,1
享受_半个,1
这块_享受,1
不到_这块,1
奶茶_不到,1
社会_一杯,1
现代_社会,1
块钱_现代,1
时代_造就,1
悲哀_时代,1
不乏_温情,1
或许_早就,1
悲剧_不乏,1
苦难_悲剧,1
充满_苦难,1
内核_充满,1
吓住_内核,1
外壳_吓住,1
恐怖_外壳,1
作者_一步,1
结局_期待,1
最好_结局,1
固定_最好,1
死去_固定,1
早就_死去,1
情景_或许,1
时代_人错,1
我梦中_情景,1
或许_我梦中,1
标准答案_或许,1
并不一定_标准答案,1
老师_并不一定,1
悲哀_老师,1
巨大_悲哀,1
悲哀_汇聚,1
小小的_悲哀,1
无数个_小小的,1
一文不值_无数个,1
迷信_一文不值,1
人错_迷信,1
过去_成为,1
不堪回首_过去,1
有着_不堪回首,1
或许_有着,1
the_black,1
tales_of,1
试试_tales,1
迷信_害人,1
真能_迷信,1
一起_真能,1
兄弟_一起,1
宿舍_兄弟,1
可惜_宿舍,1
很大_可惜,1
一款_艺术,1
一种_一款,1
关心_失去,1
没人_关心,1
知道_没人,1
孑然一身_知道,1
无处可去_孑然一身,1
早已_无处可去,1
发现_早已,1
地方_发现,1
这鬼_地方,1
离开_这鬼,1
想要_离开,1
山峰_医生,1
灰烬_山峰,1
看着_灰烬,1
悲伤_看着,1
最令_悲伤,1
监狱_最令,1
black_forest,1
forest_黑森,1
黑森_作者,1
黯淡_永远,1
存在_一首,1
光芒_存在,1
见证_光芒,1
发生_见证,1
未来_发生,1
不在乎_未来,1
星星_不在乎,1
明白_星星,1
很多年_明白,1
可惜_很多年,1
宇宙_可惜,1
消逝_宇宙,1
永远_消逝,1
已经_黯淡,1
以前_网上,1
星光_已经,1
光彩熠熠_星光,1
原本_光彩熠熠,1
地球_原本,1
放出_地球,1
星星_放出,1
以前_星星,1
往往_很多年,1
星光_往往,1
夜晚_星光,1
地球_夜晚,1
科普知识_地球,1
网上_科普知识,1
思想_监狱,1
传播_迷信,1
认为_传播,1
遥远_地方,1
家庭_可怜,1
活路_家庭,1
或许_活路,1
擦屁股_或许,1
过来_擦屁股,1
那一_过来,1
是从_那一,1
大概_是从,1
小学_教书,1
世界_小学,1
陌生_世界,1
完全_陌生,1
地方_完全,1
是否_遥远,1
母女_自愿,1
幻想_是否,1
一丝_幻想,1
人世_一丝,1
已经_人世,1
告诉_老师,1
已经_告诉,1
样子_已经,1
意外_样子,1
毫不_意外,1
能力_毫不,1
阴界_能力,1
沟通_阴界,1
警察_沟通,1
可怜_母女,1
自愿_来到,1
能力_认为,1
高手_且不论,1
很强_能力,1
能力_很强,1
推理_能力,1
警察_推理,1
或许_警察,1
解释_或许,1
角度_解释,1
唯物主义_角度,1
非要_唯物主义,1
沟通_非要,1
能够_死者,1
表现_能够,1
且不论_表现,1
案子_高手,1
来到_可怜,1
查出_案子,1
能够_查出,1
警察_能够,1
算出_主角,1
能力_算出,1
败也萧何_能力,1
成也萧何_败也萧何,1
神婆_成也萧何,1
家庭_神婆,1
而生_家庭,1
懂事_而生,1
天真_懂事,1
可怜_天真,1
送别_长歌当哭,1
长歌当哭_身处,1
身处_灰暗,1
很少_题材,1
恐惧_悬疑,1
包裹_恐惧,1
这是_包裹,1
玩过_说好,1
不用说_玩过,1
完美_元值,1
送别_完美,1
揭开_最后,1
一点点_揭开,1
案件_一点点,1
铺垫_案件,1
结尾_铺垫,1
题材_期待,1
国产_很少,1
一份_温情,1
更上一层楼_国产,1
设定_更上一层楼,1
接受_设定,1
挑人_能够,1
内心_挑人,1
冲击_内心,1
痛苦_冲击,1
绵长_痛苦,1
旧痂_绵长,1
撕裂_旧痂,1
逐渐_撕裂,1
一种_逐渐,1
接近_一种,1
悬疑_一份,1
温情_一系列,1
猛烈_汹涌,1
梦想_相信,1
化身_或许,1
母亲_化身,1
无数_母亲,1
现实生活_无数,1
不再_现实生活,1
已经_不再,1
赵小娟_已经,1
或许_赵小娟,1
未来_或许,1
天空_过去,1
不仅仅_鸟儿,1
梦想_不仅仅,1
相信_梦想,1
最大_梦想,1
一系列_扑朔迷离,1
遗言_最大,1
赵小娟_遗言,1
害人_尸体,1
一句_封建迷信,1
沉浸_一句,1
十分_沉浸,1
带给_十分,1
小时_带给,1
仅仅_三个,1
原来_美好,1
揭开_发现,1
事件_揭开,1
扑朔迷离_事件,1
汹涌_接近,1
恐怖_猛烈,1
灰暗_回忆,1
彷徨_前人,1
之中_受人,1
黑暗_之中,1
孤舟_黑暗,1
化作_孤舟,1
残躯_化作,1
希望_残躯,1
尚怀_希望,1
人则_尚怀,1
张望_人则,1
踱步_张望,1
之中_踱步,1
阴影_之中,1
前人_阴影,1
缠身_彷徨,1
恩德_看见,1
往事_缠身,1
人受_往事,1
尽头_人受,1
追逐_尽头,1
回首_追逐,1
风蚀_回首,1
岁月_风蚀,1
选择_岁月,1
每个_做出,1
当中_每个,1
泥潭_当中,1
充斥_泥潭,1
回忆_充斥,1
受人_恩德,1
看见_华彩,1
西方_恐怖,1
角落_悬疑,1
不同于_西方,1
恐怖感_不同于,1
氛围_恐怖感,1
十分_契合,1
困难_十分,1
不算_困难,1
角度_层层,1
旁观者_角度,1
倒叙_旁观者,1
另类_倒叙,1
一种_另类,1
精妙_一种,1
悬疑_精妙,1
深沉_角落,1
华彩_璀璨,1
阴暗_深沉,1
照亮_阴暗,1
闪烁_星辰,1
夜空_闪烁,1
化作_夜空,1
决心_化作,1
夜晚_决心,1
凌厉_夜晚,1
漆黑_凌厉,1
惧怕_漆黑,1
不再_惧怕,1
美景_不再,1
璀璨_美景,1
回味_而怅,1
而怅_有所,1
有所_烟火,1
完全_属于,1
来讲_国内,1
上去_恐怖,1
之前_上去,1
音乐_之前,1
屋内_音乐,1
那栋_屋内,1
舒缓_那栋,1
音乐_舒缓,1
后面_音乐,1
一下_后面,1
时不时_配合,1
音乐_时不时,1
前半部_音乐,1
音乐_来讲,1
感人_音乐,1
勉励_感人,1
相互_勉励,1
医生_相互,1
妈妈_医生,1
原因_妈妈,1
下药_原因,1
爷爷奶奶_下药,1
老师_爷爷奶奶,1
芳芳_老师,1
感人_芳芳,1
温馨_感人,1
整个_温馨,1
发现_整个,1
越会_发现,1
国内_折纸,1
折纸_艺术,1
艺术_风格,1
逻辑_原因,1
喜欢_解谜,1
体现_喜欢,1
无穷的_体现,1
尽而意_无穷的,1
言有_尽而意,1
结局_言有,1
对应_结局,1
角色_对应,1
分析_角色,1
线索_分析,1
每个_线索,1
仁者见仁_每个,1
原因_仁者见仁,1
成为_逻辑,1
喜欢_中芳芳,1
不能_成为,1
问题_不能,1
死活_问题,1
最终_死活,1
角色_最终,1
争论_角色,1
网上_争论,1
呼应_网上,1
折纸_呼应,1
陈老师_折纸,1
折纸_陈老师,1
喜欢_折纸,1
中芳芳_喜欢,1
后面_越会,1
越玩到_后面,1
存在_越玩到,1
心血_完全,1
可见一斑_大约,1
比例_可见一斑,1
获取_比例,1
成就_获取,1
steam_成就,1
光看_steam,1
质量_光看,1
整个_质量,1
小时_整个,1
直播_小时,1
昨天_直播,1
小而精_典范,1
称得上_小而精,1
看出_心血,1
完成_序章,1
刻画_看出,1
背景_刻画,1
渲染_背景,1
呼应_契合,1
谜底_呼应,1
谜题_谜底,1
得当_谜题,1
衔接_得当,1
精彩_衔接,1
流程_精彩,1
恐怖_流程,1
风格_解谜,1
东方_风格,1
大约_完成,1
序章_取得,1
方式_存在,1
恐怖_放弃,1
吓人_方式,1
各种各样_吓人,1
纸人_各种各样,1
成分_纸人,1
吓人_成分,1
过于_恐怖,1
前半部_过于,1
进行_来讲,1
视频_进行,1
找主播_视频,1
直接_找主播,1
结局_直接,1
放弃_结局,1
太过_恐怖,1
取得_成就,1
几章_太过,1
排除_几章,1
整个_排除,1
玩完_整个,1
坚持_玩完,1
序章_坚持,1
打通_序章,1
三分之二_打通,1
大约_三分之二,1
意味着_大约,1
终章_意味着,1
完成_终章,1
成就_完成,1
解谜_喜欢,1
实则_一款,1
一款_温馨,1
手法_使用,1
好好_逝者,1
因果_好好,1
不谈_因果,1
生者_不谈,1
长命_生者,1
好人_长命,1
谢罪_好人,1
人心_谢罪,1
小说_看吧,1
当个_视觉,1
很弱_当个,1
要素_很弱,1
使用_解谜,1
指代_手法,1
终成_往昔,1
隐喻_指代,1
风格_隐喻,1
扎实_中式,1
不错_扎实,1
气氛_塑造,1
配音_气氛,1
不错_配音,1
简陋_不错,1
ui_简单,1
演出_ui,1
惋惜_演出,1
惆怅_惋惜,1
通完_惆怅,1
逝者_终成,1
很棒_这种,1
自家人_自家人,1
希望_执着,1
归宿_希望,1
每个_归宿,1
至少_每个,1
时间_至少,1
抽出_时间,1
高兴_抽出,1
未来_一定,1
指责_未来,1
强迫_指责,1
喜欢_强迫,1
每个_喜欢,1
封建迷信_希望,1
执着_封建迷信,1
追寻_希望,1
这种_破案,1
黑暗_追寻,1
努力_黑暗,1
自私_努力,1
人性_自私,1
心酸_人性,1
无奈_心酸,1
结局_无奈,1
偶尔_最后,1
oo_偶尔,1
侦探_oo,1
我名_侦探,1
类型_我名,1
破案_类型,1
恐怖_通完,1
应得_自家人,1
治愈_烟火,1
落泪_原因,1
叶敬山_擅长,1
自我_叶敬山,1
一直_寻找,1
出去_一直,1
想带_乡村,1
陈老师_想带,1
女儿_陈老师,1
妈妈_女儿,1
思念_妈妈,1
父母_儿子,1
感动_父母,1
吓人_感动,1
原因_吓人,1
让玩家_落泪,1
做出_国外,1
解密_让玩家,1
片尾曲_国产,1
唯一_片尾曲,1
账号_唯一,1
购入_账号,1
花钱_购入,1
依然_花钱,1
玩完_依然,1
库存_玩完,1
这是_库存,1
值得_佳作,1
不失为_一部,1
烟火_不失为,1
擅长_做出,1
国外_那种,1
评价_应得,1
紧凑_连贯,1
把握_评价,1
深度_把握,1
解密_深度,1
天空_强推,1
足够_感人,1
简单_足够,1
天空_封建迷信,1
开发者_致敬,1
之作_开发者,1
灵魂_之作,1
很棒_灵魂,1
最后_科学,1
连贯_最后,1
节奏_紧凑,1
那种_大作,1
左右_节奏,1
声音_整体,1
陈老师_声音,1
配音_陈老师,1
挺足_可惜,1
氛围_挺足,1
满分_恐怖,1
背景音乐_满分,1
场景_背景音乐,1
很棒_场景,1
中愿_终能,1
讲故事_尸体,1
大作_讲故事,1
属于_东方,1
一部_完全,1
烟火_盛赞,1
经营_这是,1
局外人_身份,1
冰冷_局外人,1
解构_冰冷,1
粗暴_解构,1
直接_粗暴,1
真相_直接,1
心情_慢慢,1
敬畏_心情,1
一种_敬畏,1
怀着_一种,1
让玩家_怀着,1
基调_让玩家,1
心理_基调,1
定下_心理,1
初入_定下,1
铺垫_初入,1
氛围_铺垫,1
鬼故事_氛围,1
中式_鬼故事,1
楔子_中式,1
不错_楔子,1
案件_不错,1
引出_案件,1
电池_引出,1
抛锚_电池,1
查案_抛锚,1
作用_查案,1
引导_作用,1
展开_引导,1
身份_线索,1
线索_刨出来,1
刨出来_光天化日,1
急促_场景,1
疯狂_赵小娟,1
贪婪_疯狂,1
痴癫_贪婪,1
两人_痴癫,1
公婆_两人,1
氛围_公婆,1
压迫感_氛围,1
冲击力_压迫感,1
极具_冲击力,1
渲染_极具,1
变化_渲染,1
色调_变化,1
切换_色调,1
手法_急促,1
光天化日_之下,1
使用_蒙太奇,1
戏中_使用,1
一场_戏中,1
假癫_一场,1
受刑_假癫,1
地狱_受刑,1
尤其_地狱,1
设计_尤其,1
拍案叫绝_剧本,1
莫过于_令人,1
部分_莫过于,1
最棒_部分,1
之下_最棒,1
情节_展开,1
整个_情节,1
第一章_整个,1
恐怖_个人感觉,1
气氛_不算,1
部分_恐怖,1
整个_部分,1
元素_整个,1
与志怪_元素,1
恐怖_与志怪,1
鬼来电_传统,1
打墙_鬼来电,1
章节_打墙,1
灵堂_章节,1
小卖部_灵堂,1
第一章_小卖部,1
个人感觉_第一章,1
该游戏_标签,1
尤其_进入,1
知道_该游戏,1
节奏_谁又能,1
代入_整个,1
影响_代入,1
过重_影响,1
要素_过重,1
也许_解谜,1
肯定_也许,1
凄美_肯定,1
哀婉_凄美,1
曲折离奇_哀婉,1
程度_曲折离奇,1
盛赞_很大,1
不算_尤其,1
进入_小女孩,1
否定_第一章,1
抒情_咏叹,1
不能_否定,1
脱节_不能,1
较为_脱节,1
后文_较为,1
氛围_后文,1
第一章_恐怖,1
整个_第一章,1
也就是说_整个,1
氛围_也就是说,1
惊悚_氛围,1
紧张_惊悚,1
稀释_紧张,1
咏叹_稀释,1
温和_抒情,1
小女孩_日记,1
趋向_温和,1
基调_趋向,1
情形_总体,1
清晰_情形,1
逐渐_清晰,1
脉络_逐渐,1
案件_脉络,1
呼之欲出_案件,1
矛盾_呼之欲出,1
背景_矛盾,1
家庭_背景,1
回忆_受害者,1
日记_回忆,1
赵小娟_无奈,1
无奈_妥协,1
妥协_忍辱负重,1
一座_连结,1
跨越_生死,1
受害者_跨越,1
查案_受害者,1
连通_查案,1
世界_连通,1
物质_世界,1
世界_物质,1
桥灵_世界,1
世界_桥灵,1
成人_世界,1
世界_成人,1
孩童_世界,1
连结_孩童,1
桥梁_一座,1
相隔_身份,1
一座_桥梁,1
如此而已_一座,1
进展_如此而已,1
推理_进展,1
推动_推理,1
照片_推动,1
相机_照片,1
相机_相机,1
找到_相机,1
主角_找到,1
无非_主角,1
解谜_无非,1
老套_解谜,1
生死_相隔,1
身份_对立,1
线索_放在,1
阴影_孤独,1
巧心_经营,1
制作组_巧心,1
一下_制作组,1
称赞_一下,1
再次_称赞,1
展现_再次,1
能够_展现,1
画外音_能够,1
文字_画外音,1
无法_文字,1
需要_无法,1
压抑_需要,1
孤独_压抑,1
家庭_阴影,1
对立_共情,1
畸形_家庭,1
孩子_畸形,1
纯真_孩子,1
无知_纯真,1
感受_无知,1
视角_感受,1
切换_视角,1
不断_切换,1
相机_不断,1
桥梁_相机,1
建立_桥梁,1
能够_建立,1
共情_能够,1
放在_老套,1
相机_线索,1
忍辱负重_表现,1
地下_劫数,1
何哀_解谜,1
局者_何哀,1
甚观_局者,1
之何_甚观,1
当局者迷_之何,1
慨叹_当局者迷,1
讽刺_慨叹,1
剩得_讽刺,1
终了_剩得,1
闹剧_终了,1
一场_闹剧,1
难逃_一场,1
劫数_难逃,1
不知_地下,1
这方面_谜题,1
活人_不知,1
人来_活人,1
扮死_人来,1
奢求_扮死,1
那壁厢_奢求,1
人语_那壁厢,1
作死_人语,1
活人_作死,1
妄想_活人,1
壁厢_妄想,1
有道是_壁厢,1
淋漓尽致_有道是,1
表现_淋漓尽致,1
元素_这方面,1
谜题_强度,1
无可比拟_相机,1
铺垫_引出,1
线索_无可比拟,1
这是_线索,1
全面_这是,1
公允_全面,1
变得_公允,1
看法_变得,1
案件_看法,1
切入_案件,1
细腻_视角,1
纯洁_细腻,1
无忌_纯洁,1
童心_无忌,1
引出_童心,1
缘由_铺垫,1
强度_不高,1
惨剧_缘由,1
视角_酿成,1
主人_视角,1
日记_主人,1
证据_日记,1
文字_证据,1
不再_简单,1
日记_不再,1
一本_日记,1
新颖_一本,1
构思_新颖,1
但巧_构思,1
不高_但巧,1
出现_警察,1
关键_地点,1
形象_希望,1
难得_叶敬,1
前程_被误,1
少年_前程,1
幼年_少年,1
前尘_幼年,1
山葬_前尘,1
山外_山葬,1
夕阳_山外,1
天空_夕阳,1
翱翔_天空,1
清潭_翱翔,1
飞出_清潭,1
灵魂_飞出,1
芳芳_灵魂,1
天空_愿意,1
连衣裙_天空,1
白色_连衣裙,1
女儿_白色,1
最美_女儿,1
那套_最美,1
穿着_那套,1
赵小娟_穿着,1
最后_赵小娟,1
残忍_最后,1
一刻_残忍,1
黎明前_最后,1
溃败_黎明前,1
绝望_溃败,1
该是_绝望,1
惨死_该是,1
被误_工作,1
工作_遇到,1
遇到_蛮不讲理,1
写成_爱情,1
显得_真挚,1
拯救_显得,1
私情_拯救,1
儿女_私情,1
掺杂_儿女,1
伟大_掺杂,1
爱情_伟大,1
救赎_爱情,1
慰藉_救赎,1
相互_慰藉,1
异乡_相互,1
两个_异乡,1
爱情_两个,1
作者_写成,1
蛮不讲理_医闹,1
地方_作者,1
喜欢_地方,1
处理_喜欢,1
关系_处理,1
赵小娟_关系,1
折断_医生,1
磨平_折断,1
良善_磨平,1
心底_良善,1
根肋骨_心底,1
应该_根肋骨,1
换作_应该,1
医闹_换作,1
女儿_惨死,1
清醒_女儿,1
神志_清醒,1
欺骗_赵小娟,1
自私_愚昧,1
无情_自私,1
公婆_无情,1
太小_公婆,1
女儿_太小,1
无能_女儿,1
丈夫_无能,1
无奈_丈夫,1
媳妇_无奈,1
田家_媳妇,1
当好_田家,1
诚心_当好,1
应该_诚心,1
甜蜜_欺骗,1
满怀_真诚,1
爱恋_甜蜜,1
真正_爱恋,1
田宇_真正,1
付出_田宇,1
自愿_付出,1
赵小娟_自愿,1
看出_赵小娟,1
影楼_那段,1
惨在_影楼,1
赵小娟_惨在,1
认为_赵小娟,1
出逃_认为,1
不去_出逃,1
愚昧_满怀,1
真诚_报以,1
最后_神志,1
共鸣_女子,1
事情_最后,1
不爱_事情,1
田宇_不爱,1
虐待_假扮,1
公婆_虐待,1
芳芳_忍受,1
坚强_芳芳,1
勇敢_坚强,1
写照_勇敢,1
赵小娟_写照,1
母则_赵小娟,1
本弱_母则,1
女子_本弱,1
引起_共鸣,1
报以_冷淡,1
平常_引起,1
不在少数_平常,1
妇女_不在少数,1
这种_妇女,1
归去_这种,1
牵绊_归去,1
异乡_牵绊,1
原因_异乡,1
思乡_原因,1
赵小娟_思乡,1
这才_赵小娟,1
苛待_这才,1
冷淡_苛待,1
真挚_难得,1
叶敬_山本,1
总是_关键,1
山本_雄鹰,1
万古_长夜,1
点亮_万古,1
烟火_点亮,1
化为_烟火,1
变作_星辰,1
有人_变作,1
长夜难明_有人,1
星空_长夜难明,1
领略_璀璨,1
曾经_领略,1
记得_曾经,1
永远_记得,1
孩子_永远,1
遗忘_孩子,1
其他人_遗忘,1
清潭_其他人,1
时间_清潭,1
送别_时间,1
水上_响起,1
河灯_水上,1
引途_河灯,1
葬礼_引途,1
老师_逝者,1
辞职_支教,1
愿意_辞职,1
风景_愿意,1
井上_风景,1
孩子_井上,1
遇到_孩子,1
长夜_总是,1
总是_愿意,1
童话_轮船,1
文物_沉默,1
奈何桥_走过,1
不公_奈何桥,1
绝望_不公,1
多多_绝望,1
苦难_多多,1
深渊_苦难,1
角落里_昏暗,1
隐秘_角落里,1
枯井_隐秘,1
上爬_枯井,1
难以_上爬,1
真相_难以,1
沉默_真相,1
盗窃_文物,1
轮船_远去,1
医闹_盗窃,1
诱拐_医闹,1
迷信_诱拐,1
波折_迷信,1
几经_波折,1
地方_几经,1
向上_昏暗,1
井中人_向上,1
照亮_井中人,1
继续_照亮,1
陈老师_还会,1
背影_陈老师,1
远去_背影,1
老师_遇到,1
放不下_支教,1
升任_放不下,1
之人_共鸣,1
诚心_燃起,1
赤子_诚心,1
心灵_赤子,1
埋葬_心灵,1
烟火_灰烬,1
为情_烟火,1
清白_为情,1
名声_清白,1
以保_名声,1
犯险_以保,1
人言可畏_犯险,1
不惧_人言可畏,1
共鸣_不惧,1
相似_之人,1
点点_火花,1
情感_相似,1
两个_情感,1
寄托_两个,1
心愿_寄托,1
宣泄_心愿,1
情感_宣泄,1
或许_情感,1
山中_赵小娟,1
困在_山中,1
养育_困在,1
十多年_养育,1
养父母_十多年,1
雄鹰_养父母,1
燃起_点点,1
火花_希望,1
立功_升任,1
恩赐_陈老师,1
盗墓_立功,1
报道_盗墓,1
绳子_报道,1
决心_成为,1
下定_决心,1
陈老师_下定,1
奇遇_陈老师,1
一次_奇遇,1
童年_一次,1
老师_童年,1
温柔_老师,1
同样_温柔,1
陈老师_同样,1
一辈子_恩赐,1
绳子_化作,1
鼓励_一辈子,1
收到_老师,1
高中_收到,1
幸运_高中,1
美好_幸运,1
温柔_美好,1
鼓励_温柔,1
小星星_老师,1
纸上_小星星,1
作业_纸上,1
笑脸_作业,1
东西南北_笑脸,1
星河_东西南北,1
认命_不去,1
孩子_认命,1
因有_孩子,1
拐卖妇女_因有,1
或许_帮小娟,1
小镇_或许,1
那座_小镇,1
被困_那座,1
一辈子_被困,1
固执_一辈子,1
养父母_固执,1
明星_养父母,1
法医_明星,1
他本_法医,1
医生_他本,1
同样_医生,1
绳子_同样,1
继续_绳子,1
燃烧_继续,1
继续_燃烧,1
更名改姓_地方,1
已经_更名改姓,1
活着_或许,1
一丝丝_活着,1
或许_一丝丝,1
找到_或许,1
遇害_希望,1
已经_遇害,1
表明_已经,1
线索_表明,1
陈老师_种种,1
离开_陈老师,1
却没能_离开,1
帮小娟_想要,1
想要_两个,1
同样_被困,1
人里_至少,1
解密_作者,1
一款_不可多得,1
陈老师_这是,1
陈老师_我意,1
很棒_陈老师,1
陈老师_烟火,1
送给_陈老师,1
一场_送给,1
送别_一场,1
悲剧_最后,1
事实_一场,1
幸福_事实,1
至少_幸福,1
离开_人里,1
被困_笼子,1
班车_离开,1
坐上_班车,1
应该_坐上,1
私心_希望,1
失败_私心,1
尝试_失败,1
两个_尝试,1
或许_两个,1
笼子_或许,1
打破_笼子,1
力气_打破,1
足够_力气,1
笼子_足够,1
离开_却没能,1
离不开_离开,1
难过_离不开,1
方面_很棒,1
案件_呈现,1
抽茧地_案件,1
剥丝_抽茧地,1
里面_剥丝,1
一气呵成_里面,1
逃出_山里,1
孩子_逃出,1
想带_孩子,1
母亲_想带,1
描写_母亲,1
一家人_描写,1
封建迷信_一家人,1
很棒_封建迷信,1
恐怖_方面,1
表现手法_精彩,1
激情_买单,1
继续_激情,1
经典之作_愿意,1
成为_经典之作,1
影视界_成为,1
招牌_影视界,1
原作_招牌,1
不要_原作,1
影视_不要,1
力量_希望,1
继续前进_力量,1
带给_继续前进,1
希望_带给,1
呈现_表现手法,1
精彩_尸体,1
更让人_难过,1
留下_后来,1
女儿_更让人,1
捆绑_女儿,1
诅咒_捆绑,1
一道道_诅咒,1
迷信_一道道,1
牢笼_迷信,1
一座_牢笼,1
大山_一座,1
那座_大山,1
小娟_那座,1
笼中鸟_芳芳,1
明白_笼中鸟,1
后来_明白,1
芳芳_留下,1
戏剧_落幕,1
那首_芳芳,1
丧命_那首,1
童真_丧命,1
芳芳_童真,1
深渊_芳芳,1
堕至_深渊,1
父母_堕至,1
田宇_父母,1
封建迷信_田宇,1
余烬_封建迷信,1
悲剧_余烬,1
徒留_悲剧,1
落幕_徒留,1
大大_加油,1
加油_期待,1
期待_明年,1
纠纷_小镇,1
药物_消除,1
魔法_药物,1
需要_魔法,1
家里人_需要,1
懂得_家里人,1
地去_懂得,1
自我_地去,1
放弃_自我,1
应该_放弃,1
妈妈_应该,1
懂得_妈妈,1
中芳芳_懂得,1
小镇_中芳芳,1
家庭_纠纷,1
烦恼_胶囊,1
有着_封建迷信,1
困于_有着,1
永远_困于,1
最后_永远,1
不幸_最后,1
努力_不幸,1
美好_努力,1
守护_这份,1
愿意_守护,1
陈青穗_愿意,1
赵小娟_老师,1
妈妈_赵小娟,1
幸运_妈妈,1
消除_烦恼,1
胶囊_致命,1
幸运_不幸,1
伤人_伤己,1
电视_拐卖妇女,1
以前_电视,1
想到_以前,1
深入_想到,1
那首歌_深入,1
维维_那首歌,1
想到_维维,1
名字_想到,1
第一次_名字,1
赵小娟_第一次,1
天空_人物,1
利器_尸体,1
伤己_利器,1
用作_伤人,1
致命_毒药,1
善良_用作,1
一世_善良,1
小天使_一世,1
心愿_小天使,1
令人_心愿,1
直接_造成,1
善良_直接,1
蛇蝎心肠_善良,1
皮下_蛇蝎心肠,1
魑魅魍魉_皮下,1
中藏_魑魅魍魉,1
迷信_中藏,1
毒药_迷信,1
不幸_幸运,1
灵气_芳芳,1
明年_三伏,1
买来_玩元,1
站上_几乎,1
烟火_站上,1
恐怖_言简意赅,1
国内_恐怖,1
吓人_国内,1
画质_吓人,1
大吼大叫_画质,1
恐怖_大吼大叫,1
国外_恐怖,1
好玩_好玩,1
价格_左右,1
电影票_价格,1
玩元_一张,1
推荐_买来,1
看遍_up,1
不同_推荐,1
感受_不同,1
难受_感受,1
心情_难受,1
得到_安息,1
黎明_苦难,1
迎来_黎明,1
角落_迎来,1
黑暗_角落,1
人世间_黑暗,1
希望_人世间,1
老逼登_该死,1
两个_老逼登,1
几乎_看遍,1
up_解说,1
善良_灵气,1
起来_优秀作品,1
纯粹_善良,1
总是_纯粹,1
世界_总是,1
小孩子_世界,1
漫山遍野_小孩子,1
责任_开出,1
勇敢_责任,1
境界_教会,1
最高_境界,1
恐怖_最高,1
心中_恐怖,1
认为_心中,1
优秀作品_认为,1
泪点_串联,1
解说_实况,1
虐点_泪点,1
影视作品_虐点,1
艺术_影视作品,1
优秀_艺术,1
看过_优秀,1
近几年_看过,1
这款_近几年,1
爱上_这款,1
这款_爱上,1
解说_这款,1
主紫雨_解说,1
up_主紫雨,1
实况_up,1
走过_彼岸,1
彼岸_花丛,1
花丛_穿过,1
感动_有血有肉,1
刘小娟_芳芳,1
拼尽_刘小娟,1
想要_拼尽,1
逃脱_想要,1
无法_逃脱,1
自知_无法,1
医生_自知,1
无法_出去,1
山里_无法,1
被困_山里,1
相同_被困,1
遭遇_相同,1
刘小娟_遭遇,1
医生_刘小娟,1
道路_医生,1
真相_指引,1
坚持_真相,1
逝去_坚持,1
陈老师_逝去,1
对话_陈老师,1
消磨_几个,1
不错_消磨,1
较真_总体,1
是我太_较真,1
也许_是我太,1
不妥_也许,1
有点_不妥,1
科学_有点,1
一种_科学,1
芳芳_走出,1
走出_那口井,1
那口井_刘小娟,1
一代_山里人,1
陈老师_这款,1
破防_陈老师,1
恐惧_最后,1
神灵_恐惧,1
带来_神灵,1
疾苦_文化,1
带来_疾苦,1
落后_带来,1
贫穷_落后,1
真正_贫穷,1
迷信_真正,1
名为_迷信,1
山里人_名为,1
局限_一代,1
刘小娟_女儿,1
那口_局限,1
视野_那口,1
狭隘_视野,1
责任_狭隘,1
真正_责任,1
错者_真正,1
惨剧_错者,1
家里人_酿成,1
烦恼_家里人,1
忘记_烦恼,1
毒药_忘记,1
下定决心_芳芳,1
女儿_下定决心,1
批判_一种,1
力量_批判,1
科学_力量,1
送别_一名,1
记得_月光,1
举报_葬礼,1
陈老师_举报,1
一句_今天,1
深刻_一句,1
送别_印象,1
玩完_一首,1
天空_终能,1
影子_尸体,1
铭记_身上,1
永远_铭记,1
人物_永远,1
一名_人物,1
催泪弹_送别,1
很会_讲故事,1
一发_催泪弹,1
最后_一发,1
发出_最后,1
徘徊_发出,1
及时_来时,1
此去_及时,1
生离_问君,1
天生_生离,1
碧连_天生,1
芳草_碧连,1
收尾_长亭,1
难以忘怀_结尾,1
塑造_难以忘怀,1
蟑螂_很会,1
塑造_讲述,1
全貌_科学,1
直接_成就,1
知道_悲剧,1
能力_知道,1
超自然_能力,1
却是_超自然,1
男主_却是,1
一点_男主,1
讽刺_一点,1
科学_讽刺,1
反封建_科学,1
立场_反封建,1
明显_立场,1
程度_明显,1
成就_恐怖,1
一周_直接,1
方式_水平,1
创造_优秀,1
团队_创造,1
背后_团队,1
蟑螂_背后,1
感谢_月光,1
登峰造极_感谢,1
堪称_登峰造极,1
表现_堪称,1
一段_表现,1
蝌蚪_一段,1
课本_蝌蚪,1
尤其_课本,1
水平_尤其,1
这款_里面,1
里面_唯一,1
唯一_唯一,1
转移_恐怖,1
警察_之后,1
开车_警察,1
医生_开车,1
斟酌_医生,1
剧透_斟酌,1
程度_剧透,1
几乎_一定,1
知道_几乎,1
或者说_知道,1
一定_或者说,1
注意力_一定,1
事物_注意力,1
恐怖_事物,1
关系_转移,1
鞭炮_疑点,1
解密_关系,1
还好_解密,1
没什么_可怕,1
已经_没什么,1
最后_已经,1
最后_开放式,1
画风_希望,1
喜欢_画风,1
好玩_喜欢,1
推荐_伏笔,1
菜鸟_推荐,1
适合_菜鸟,1
简单_适合,1
之后_鞭炮,1
疑点_这件,1
推荐_试试,1
直接_关系,1
老师_总是,1
妥协_老师,1
或许_妥协,1
只能_或许,1
发言_只能,1
最后_发言,1
警察_最后,1
本作_主角,1
功夫_本作,1
制作_功夫,1
看得出_制作,1
从这一点_看得出,1
关系_从这一点,1
家庭_直接,1
这件_终究,1
只不过_家庭,1
事件_只不过,1
一系列_事件,1
究其根源_一系列,1
答案_究其根源,1
相近_答案,1
预期_相近,1
确实_预期,1
后面_确实,1
态度_后面,1
怀疑_态度,1
无关_怀疑,1
终究_无关,1
试试_操作,1
破防_推荐,1
唯一_想要,1
夜空_绽放,1
稀里哗啦_离别,1
陈老师_稀里哗啦,1
世界_绳子,1
闭塞_世界,1
闪耀_闭塞,1
繁星_闪耀,1
繁星_繁星,1
看着_繁星,1
今日_看着,1
之花火_今日,1
人性_之花火,1
绚烂_人性,1
绽放_绚烂,1
黑暗_夜空,1
那一刻_再也,1
星空_黑暗,1
地像_星空,1
拼命_地像,1
烟火_拼命,1
应当_烟火,1
一生_应当,1
或许_一生,1
烟火_或许,1
名为_烟火,1
苦海_名为,1
带离_苦海,1
下一代_带离,1
想要_下一代,1
离别_响起,1
再也_不住,1
大头照_送别,1
最后_背包,1
那张_大头照,1
说实话_那张,1
出现_说实话,1
大头照_出现,1
感人_大头照,1
那张_感人,1
最后_那张,1
讲故事_最后,1
现实_讲故事,1
唯物_现实,1
道具_唯物,1
之前_道具,1
背包_之前,1
真相大白_最后,1
不住_直接,1
最后_真相大白,1
封建_最后,1
丝毫_封建,1
唯物主义_丝毫,1
封建迷信_唯物主义,1
亲友_安利,1
三份_亲友,1
值得_三份,1
触动_值得,1
玩过_触动,1
很久没_玩过,1
泪人_很久没,1
直接_泪人,1
有血有肉_人物,1
吓哭_感动,1
穿过_自与,1
恐怖_吓哭,1
好作_愿拾,1
优秀_好作,1
互动式_优秀,1
国产_互动式,1
最后_国产,1
回家_最后,1
放灯_回家,1
河边_放灯,1
回来_河边,1
不到_回来,1
陈老师_不到,1
失踪_学生,1
学生_失踪,1
感动_学生,1
行动_感动,1
支教_行动,1
留下来_支教,1
愿意_留下来,1
工作_愿意,1
坚持_辞去,1
低头_坚持,1
权贵_低头,1
拒绝_权贵,1
真相_拒绝,1
找到_事情,1
一点一滴_找到,1
主角_一点一滴,1
帮助_主角,1
自信_帮助,1
愿拾_英社,1
英社_继续,1
继续_做出,1
谜题_过程,1
婆婆_孩子,1
猜恶_公公,1
不难_猜恶,1
结局_不难,1
复杂_结局,1
悲哀_复杂,1
无力_悲哀,1
演变_无力,1
逐渐_演变,1
情绪_逐渐,1
愤怒_情绪,1
困惑_愤怒,1
过程_困惑,1
揭开_谜题,1
优秀_主题曲,1
全程_一步步,1
悲剧_全程,1
见证_悲剧,1
旁观者_见证,1
男主_旁观者,1
观众_男主,1
天空_观众,1
遍野_同志,1
别梦寒_长亭,1
李叔同_长亭,1
词曲_李叔同,1
送别_词曲,1
主题曲_送别,1
上学_自信,1
重获_上学,1
方方_重获,1
天空_总会,1
揭开_片尾曲,1
最后_揭开,1
离去_最后,1
乘船_离去,1
生死未卜_乘船,1
陈老师_生死未卜,1
回来_陈老师,1
感悟_最后,1
个人_感悟,1
方向_个人,1
公义_找到,1
烟火_公义,1
总会_绽放,1
时代_天空,1
起来_泪水,1
林理洵们_时代,1
林理洵_林理洵们,1
更是_林理洵,1
陈青穗_更是,1
这是_赵小娟,1
精神_绽放,1
荣誉_精神,1
放下_追逐,1
最终_放下,1
林理洵_最终,1
告别_林理洵,1
陈青穗_告别,1
自与_陈青穗,1
送别_起来,1
泪水_打湿,1
象征_方方,1
盗墓_犯法,1
真善美_象征,1
对称_真善美,1
其他人_对称,1
便是_其他人,1
陈老师_便是,1
翻身_陈老师,1
永世_翻身,1
闸刑_永世,1
一万年_闸刑,1
中受_一万年,1
地狱_中受,1
田宇_地狱,1
犯法_田宇,1
父亲_盗墓,1
打湿_双眼,1
田宇_父亲,1
一家_田宇,1
芳芳_一家,1
害死_芳芳,1
来源于_封建迷信,1
缘由_来源于,1
案件_缘由,1
柳树_案件,1
摇曳_柳树,1
河边_摇曳,1
看不清_河边,1
根本_看不清,1
双眼_根本,1
孩子_委屈,1
委屈_媳妇,1
媳妇_天真,1
孩子_成为,1
诅咒_一天,1
轮回_诅咒,1
代代相传_轮回,1
这种_代代相传,1
曾经_梦想,1
选择_曾经,1
年轻人_选择,1
理解_年轻人,1
长辈_理解,1
每个_长辈,1
成为_希望,1
选择_成为,1
成为_选择,1
束缚_希望,1
发自内心_善意,1
家庭_束缚,1
传统_家庭,1
女人_传统,1
每个_女人,1
所有人_希望,1
杀害_所有人,1
最后_杀害,1
善良_最后,1
纯真_善良,1
一人能_纯真,1
船票_一人能,1
死灰_四张,1
化为_死灰,1
一天_发自内心,1
善意_打破,1
跟着_一同,1
游戏性_流程,1
尘埃_恐怖,1
过往_尘埃,1
揭露出_过往,1
逐渐_揭露出,1
命案_逐渐,1
灭门_命案,1
小镇_灭门,1
发生_小镇,1
调查_发生,1
烟火_警察,1
水平_烟火,1
顶尖_水平,1
流程_顶尖,1
无论是_游戏性,1
打破_高低贵贱之分,1
国产_无论是,1
玩过_国产,1
今年_玩过,1
烟火_习俗,1
微恐_烟火,1
国产_微恐,1
之后_最棒,1
佳作_纸人,1
安利_一款,1
必须_安利,1
感受_截然不同,1
每个_感受,1
高低贵贱之分_每个,1
一同_化为,1
只会_跟着,1
天真_可爱,1
明明_只差,1
鲜血淋漓_残肢,1
恐怖_鲜血淋漓,1
惨绝人寰_一款,1
避免_惨绝人寰,1
勇敢_无法,1
善意_勇敢,1
无私_善意,1
贡献_无私,1
角色_贡献,1
明明_每个,1
圆满_结局,1
一步_圆满,1
只差_一步,1
愤怒_明明,1
内脏_扭曲,1
压抑_愤怒,1
窒息_压抑,1
感到_窒息,1
全程_感到,1
故弄玄虚_中式,1
直白_故弄玄虚,1
简洁_直白,1
家庭_简洁,1
封建_家庭,1
寻常_封建,1
极为_寻常,1
描绘_极为,1
孩子_描绘,1
残肢_内脏,1
扭曲_可怖,1
熊熊燃烧_只会,1
一点点_毁灭,1
世界_熊熊燃烧,1
没法_外面,1
火苗_没法,1
余烬_火苗,1
被困_余烬,1
火焰_被困,1
医生_看见,1
绝望_好像,1
感到_绝望,1
更让人_感到,1
毁灭_更让人,1
自我_毁灭,1
毁灭_自我,1
东西_一点点,1
可怖_妖魔,1
看着_美好,1
悲剧_看着,1
恐怖_悲剧,1
价值_恐怖,1
高估_价值,1
过分_高估,1
一款_过分,1
一度_认为,1
要素_一度,1
惊吓_要素,1
猝不及防_惊吓,1
异兽_猝不及防,1
妖魔_异兽,1
现场_不留,1
第一次_有点,1
到达_事发,1
被困_父亲,1
相纸_现实,1
黑白_相纸,1
女孩_黑白,1
特色_女孩,1
祸害_风格,1
牢笼_祸害,1
冲出_牢笼,1
竭尽全力_冲出,1
井中蛙_竭尽全力,1
笼中鸟_井中蛙,1
每个_笼中鸟,1
主控_每个,1
光芒_主控,1
医生_被困,1
切换_类似,1
家庭_医生,1
收养_家庭,1
被困_收养,1
父母_被困,1
身上_父母,1
孩子_身上,1
被困_孩子,1
女人_被困,1
家庭_女人,1
被困_家庭,1
很妙_被困,1
塑造_很妙,1
作用_人物,1
现实_切换,1
类似_剪纸,1
角色_到底,1
五行_相克,1
无新事_看来,1
之下_无新事,1
太阳_之下,1
元素_太阳,1
背景_元素,1
经典_背景,1
坟墓_经典,1
大宅_坟墓,1
乡村_大宅,1
符号_乡村,1
八卦_文化,1
易经_八卦,1
相克_易经,1
阴阳_五行,1
剪纸_片段,1
三要素_阴阳,1
传统_三要素,1
符箓_传统,1
棺材_符箓,1
纸人_棺材,1
到底_纸人,1
恐怖_到底,1
物超所值_佳作,1
个人_物超所值,1
竟然_个人,1
想象_竟然,1
惊艳_很难,1
片段_惊艳,1
到底_作用,1
很难_角色,1
一代_神作,1
破除_心中,1
小卖部_电池,1
坏掉_小卖部,1
从车_坏掉,1
营造_从车,1
优秀_诡异,1
确实_一部,1
顺便_确实,1
小时_顺便,1
除夕_三个,1
悲剧_重演,1
阻止_悲剧,1
办法_阻止,1
心中_办法,1
人心_破除,1
情节_环环相扣,1
告诉_人心,1
开篇_告诉,1
留在_开篇,1
被迫_留在,1
陈小娟_被迫,1
市里_医生,1
进入_市里,1
幸运_进入,1
田芳芳_幸运,1
将来_田芳芳,1
毒害_将来,1
依然_毒害,1
留下来_依然,1
电池_后面,1
环环相扣_一部分,1
之前_很难,1
高质量_电影,1
npc_之前,1
普通_npc,1
知道_普通,1
一看_知道,1
那种_一看,1
发展_那种,1
环节_推动,1
不同_环节,1
人物_不同,1
几位_主要,1
物超所值_几位,1
算是_物超所值,1
电影_算是,1
沉浸_高质量,1
一部分_多余,1
好像_一部,1
下来_好像,1
能力_下来,1
逻辑_思考,1
解密_逻辑,1
不大_解密,1
一部分_难度,1
穿插着_一部分,1
中间_穿插着,1
移动_中间,1
左右_移动,1
简单_左右,1
多余_操作,1
看来_中式,1
内核_之后,1
之后_那颗,1
推陈出新_中式,1
绽放_灿若,1
一霎那_绽放,1
结合体_一霎那,1
矛盾_结合体,1
隐喻_矛盾,1
烟火_隐喻,1
聊聊_烟火,1
想来_聊聊,1
最后_想来,1
春天_最后,1
专属_春天,1
迎来_专属,1
恐怖_迎来,1
有志之士_推陈出新,1
星辰_粉身碎骨,1
一群_有志之士,1
相信_一群,1
倾囊相助_相信,1
愿意_倾囊相助,1
依然_愿意,1
精良_依然,1
制作_精良,1
创作_制作,1
用心_创作,1
告诉_制作组,1
无一_告诉,1
续集_无一,1
推出_续集,1
灿若_星辰,1
粉身碎骨_绚烂,1
那颗_细思极,1
不要_放弃,1
成真_新年快乐,1
所愿_成真,1
星辰_所愿,1
烟火_星辰,1
踽踽独行_烟火,1
黑夜_踽踽独行,1
祝愿_黑夜,1
珍贵_祝愿,1
钻石_珍贵,1
希望_钻石,1
时代_希望,1
希望_时代,1
放弃_希望,1
永远_不要,1
绚烂_坠落,1
困难_永远,1
面对_困难,1
地方_面对,1
身处_地方,1
星火燎原_身处,1
新生_希望,1
垒砌_新生,1
往往_垒砌,1
灰烬_往往,1
死去_灰烬,1
力量_死去,1
巨大_力量,1
坠落_巨大,1
相继_推出,1
恐怖_相继,1
根本_中式,1
背后_仍然,1
多款_国产,1
已有_多款,1
近年来_已有,1
血腥味_近年来,1
恐怖_血腥味,1
嗅到_中式,1
仿佛_嗅到,1
逐利_仿佛,1
资本_逐利,1
惨淡_资本,1
叫座_惨淡,1
改变_叫座,1
仍然_无法,1
破圈_背后,1
买单_根本,1
群体_破圈,1
小众_群体,1
较为_小众,1
毕竟_较为,1
恐怖_毕竟,1
异军突起_恐怖,1
恐怖_异军突起,1
高歌猛进_中式,1
单机游戏_高歌猛进,1
伴随_国产,1
近年来_伴随,1
人心_近年来,1
细思极_人心,1
恐怖_上架,1
上架_盲目,1
盲目_跟风,1
跟风_粗制滥造,1
恐怖_买单,1
愿意_中式,1
素质_愿意,1
时代_素质,1
内容_时代,1
打铁_内容,1
说到底_打铁,1
曲折_说到底,1
道路_曲折,1
前途_光明,1
信心_前途,1
热情_信心,1
恐怖_热情,1
国人_国产,1
消解_国人,1
程度_消解,1
不同_程度,1
莫名_不同,1
手感_莫名,1
操作_手感,1
僵硬_操作,1
血浆_僵硬,1
廉价_血浆,1
反馈_廉价,1
普遍_反馈,1
便是_普遍,1
粗制滥造_便是,1
出去_留下来,1
温床_陈老师,1
滋生_温床,1
诠释_教育,1
当中_最初,1
虚构_当中,1
存在_虚构,1
常常_存在,1
美好_常常,1
憧憬_美好,1
或许_憧憬,1
天真_或许,1
孩童_天真,1
认可_孩童,1
鼓励_认可,1
美去_鼓励,1
教育_美去,1
小镇_诠释,1
遇到_陈老师,1
进入_小镇,1
身份_进入,1
特殊_身份,1
一位_特殊,1
陈老师_一位,1
作者_陈老师,1
来看_喜欢,1
布景_来看,1
恐怖_布景,1
险恶_中式,1
真正_人心,1
一种_真正,1
一大截_这是,1
最初_遇到,1
陈老师_教师,1
家庭_关系,1
惆怅_凄凉,1
封建迷信_落后,1
困住_封建迷信,1
陈小娟_叶敬山,1
发生_陈小娟,1
做错事_发生,1
一点_做错事,1
痛苦_一点,1
令人_痛苦,1
有时候_悲剧,1
感受_有时候,1
第一_感受,1
玩完_第一,1
凄凉_玩完,1
这部_绝对,1
糟粕_封建,1
电影_这部,1
块钱_一场,1
感人至深_块钱,1
一部_感人至深,1
没想到_一部,1
恐怖_没想到,1
原本_恐怖,1
热情_讴歌,1
春风_热情,1
鸟儿_春风,1
崇高_自由,1
埋入_崇高,1
封建_群山,1
高出_一大截,1
三伏_高出,1
再来_烟火,1
背景_不装,1
很淡_恐怖,1
要素_很淡,1
两章_恐怖,1
品级_两章,1
不错_品级,1
速通_一下,1
补票_速通,1
云完_补票,1
半年前_云完,1
回头_倒映,1
消失_绳子,1
知道_消失,1
不装_私宅,1
头像_背景,1
三伏_再来,1
点个_头像,1
不能_点个,1
鸡皮疙瘩_不能,1
眼前一亮_浑身,1
风格_眼前一亮,1
截然不同_风格,1
前面_截然不同,1
思路_前面,1
设计_思路,1
那种_设计,1
作业_那种,1
小女孩_作业,1
发表_小女孩,1
恐怖_苦手,1
苦手_剧透,1
警告_不能,1
不能_接受,1
指引方向_三伏,1
做到_最好,1
做到_做到,1
已经_做到,1
未来_已经,1
不能_美好,1
星空_不能,1
完整_星空,1
逃出去_完整,1
逃出去_明明,1
这种_结局,1
走上_这种,1
孩子_走上,1
烦恼_孩子,1
家人_烦恼,1
想要_家人,1
自我_医生,1
老师_寻找,1
母亲_绳子,1
至此_孩子,1
沦落_至此,1
未来_沦落,1
更好_未来,1
每个_更好,1
陈叶_每个,1
娟芳_陈叶,1
接受_娟芳,1
落后_社会,1
关系_束缚,1
观念_滋生,1
陈老师_放弃,1
那份_账本,1
提示_那份,1
已经_提示,1
主编_已经,1
夜空_报社,1
改变_夜空,1
星星_办法,1
再亮_星星,1
星星_再亮,1
心中_一颗,1
学生_心中,1
已经_学生,1
放弃_成为,1
结尾_认为,1
中有_名字,1
开放性_结尾,1
留下_开放性,1
最后_留下,1
星空_最后,1
枯井_更为,1
拜托_这口,1
孩子_拜托,1
改变_真正,1
努力_改变,1
真正_做出,1
唯一_真正,1
绳子_唯一,1
老师_成为,1
账本_中有,1
名字_公示,1
束缚_叶敬山,1
社会_负面,1
落后_观念,1
官僚_落后,1
过大_官僚,1
权力_过大,1
报社_权力,1
真相_报社,1
隐藏_真相,1
人贩子_隐藏,1
拐卖儿童_人贩子,1
罪犯_拐卖儿童,1
老人_盗墓,1
迷信_老人,1
负面_迷信,1
整个_社会,1
公示_名字,1
一两个_整个,1
从来不_一两个,1
反派_从来不,1
这部_反派,1
被害_这部,1
概率_被害,1
账本_陈老师,1
这份_账本,1
交出_这份,1
公示_交出,1
公示_永远,1
暂时_不能,1
名字_暂时,1
落后_真正,1
意识_落后,1
芳芳_意识,1
婆家_观点,1
不得不_依靠,1
陈小娟_不得不,1
受害者_陈小娟,1
直接_受害者,1
封建迷信_直接,1
读书_封建迷信,1
上市_读书,1
女儿_上市,1
田宇来_女儿,1
丈夫_田宇来,1
借助_丈夫,1
不得不_借助,1
观点_不得不,1
顾及_婆家,1
见到_芳芳,1
陈小娟_顾及,1
门诊_医生,1
普通_门诊,1
一名_普通,1
天赋_成为,1
法医_天赋,1
放弃_法医,1
安排_放弃,1
强加_安排,1
父母_强加,1
放弃_父母,1
办法_放弃,1
叶敬山_办法,1
依靠_药物,1
药物_讨厌,1
讨厌_鱼肉,1
鱼肉_欺瞒,1
伸张正义_见到,1
账本_伸张正义,1
田家_账本,1
单纯_获得,1
目的_单纯,1
来到_目的,1
陈老师_来到,1
反抗_陈老师,1
无声_反抗,1
一种_无声,1
进行_一种,1
天空_进行,1
只能_尸体,1
陈小娟_只能,1
归宿_陈小娟,1
唯一_归宿,1
失去_唯一,1
离开_失去,1
出去_离开,1
最后_出去,1
互相帮助_医生,1
同病相怜_互相帮助,1
肋骨_同病相怜,1
因医闹_打断,1
医生_因医闹,1
公婆_医生,1
欺瞒_公婆,1
这是_一代,1
神作_像是,1
画面_搭配,1
也就是说_遇到,1
视角_了解,1
第三者_视角,1
像是_第三者,1
刑事_解谜,1
完全_刑事,1
侧重点_完全,1
代表_侧重点,1
意味_代表,1
降神_意味,1
机械_降神,1
遇到_机械,1
灵异_遇到,1
遇到_灵异,1
探索_也就是说,1
来龙去脉_瑕不掩瑜,1
侦查_探索,1
案件_侦查,1
体质_案件,1
灵能_体质,1
男主_灵能,1
发展_男主,1
很大_推动,1
关联_很大,1
标题_关联,1
烟花_标题,1
瑕疵_烟花,1
要说_瑕疵,1
入木三分_要说,1
了解_来龙去脉,1
瑕不掩瑜_完全,1
一句_刻画,1
弱弱_求助,1
触动_最后,1
令人_触动,1
清新_令人,1
演绎_清新,1
之处_演绎,1
温情_之处,1
陀言陀语_温情,1
过来_陀言陀语,1
生活_过来,1
成长_生活,1
今非昔比_成长,1
好友_今非昔比,1
求助_好友,1
乱叫_弱弱,1
完全_无伤大雅,1
画面_乱叫,1
跨年_阴间,1
将要_跨年,1
正好_将要,1
之后_正好,1
完成_之后,1
烟火_完成,1
花四_小时,1
晚上_花四,1
大年三十_晚上,1
神作_永远,1
一玩_国产,1
无伤大雅_绝对,1
刻画_入木三分,1
人仅_一句,1
像是_一件,1
人物_不多,1
叶敬山_可怜,1
大山_叶敬山,1
被困_大山,1
警官_被困,1
阴影_警官,1
走出_阴影,1
笼中之鸟_赵小娟,1
忘怀_笼中之鸟,1
无法_忘怀,1
绝对_无法,1
每个_绝对,1
登场_每个,1
不多_登场,1
塑造_登场,1
公婆_碎片,1
出彩_人物,1
最为_出彩,1
最后_最为,1
想象力_最后,1
敬佩_作者,1
沉浸_敬佩,1
绝对_沉浸,1
那一刻_绝对,1
当玩到_那一刻,1
动容_当玩到,1
设计_动容,1
蜡烛_设计,1
漂流_蜡烛,1
可恨_田家,1
叙事_一点点,1
绳子_人仅,1
闸口_充满,1
升华_成为,1
完成_升华,1
音乐_完成,1
极强_音乐,1
杀伤力_极强,1
这首_杀伤力,1
搭配着_送别,1
整幅_搭配着,1
拼成_整幅,1
最后_拼成,1
碎片_最后,1
温情_碎片,1
充满_温情,1
冲破_闸口,1
一点点_每个,1
能量_冲破,1
巨大_能量,1
最后_汇聚,1
细水_最后,1
涓流_细水,1
在我看来_涓流,1
塑造_在我看来,1
当属_陈老师,1
出色_当属,1
最为_出色,1
起来_最为,1
饱满_起来,1
形象_饱满,1
最后_静静,1
静静_长亭,1
连天_久久,1
愿望_田芳芳,1
烟火_引人入胜,1
叹息_烟火,1
颇深_叹息,1
感慨_颇深,1
坚守_感慨,1
正义_坚守,1
心中_正义,1
迷惘_心中,1
灰烬_迷惘,1
叶敬山_灰烬,1
遐想_叶敬山,1
天真烂漫_遐想,1
田芳芳_天真烂漫,1
平凡_愿望,1
之外_线索,1
重归_平凡,1
没能_重归,1
远大_没能,1
陈青穗_远大,1
悲惨_人生,1
善良_悲惨,1
赵小娟_善良,1
无论是_赵小娟,1
途中_无论是,1
深处_真相,1
埋藏_深处,1
发掘_埋藏,1
一步步_发掘,1
引人入胜_之外,1
线索_意象,1
久久_凝噎,1
元素_布局合理,1
建议_一口气,1
十分_难受,1
操作_十分,1
游玩_操作,1
键位_导致,1
调节_键位,1
不能_调节,1
大概_不能,1
缺点_大概,1
友好_缺点,1
吓人_友好,1
脸式_吓人,1
布局合理_脸式,1
岔路_恐怖,1
意象_使用,1
走上_岔路,1
避免_走上,1
局促_避免,1
模式_局促,1
线性_探索,1
方面_线性,1
自圆其说_游戏性,1
能够_自圆其说,1
温情_美好,1
设计_温情,1
结局_设计,1
恰到好处_结局,1
使用_恰到好处,1
之中_一步步,1
交织_之中,1
现实_交织,1
小人_之心,1
三伏_音画,1
顺便_三伏,1
丢人_顺便,1
感兴趣_丢人,1
最好_推荐,1
恐怖_最好,1
心里_中式,1
大概_心里,1
打动_大概,1
演绎_打动,1
依旧会_演绎,1
愧疚_依旧会,1
之心_愧疚,1
有点_小人,1
世界_虚拟,1
一点点_有点,1
承认_一点点,1
猜测_承认,1
大概_猜测,1
真相_大概,1
已经_真相,1
一半_已经,1
轨迹_一半,1
叙事性_轨迹,1
设置_叙事性,1
刻意_设置,1
优秀_刻意,1
凝噎_优秀,1
音画_水平,1
厉害_叙述,1
叙述_水平,1
水平_三伏,1
生前_世界,1
逝者_生前,1
进入_逝者,1
穿越_进入,1
得到_能力,1
身上_得到,1
父亲_身上,1
已故_父亲,1
村落_已故,1
大山深处_村落,1
重庆_大山深处,1
山城_重庆,1
来到_山城,1
林理洵_来到,1
初入_警察,1
扮演_初入,1
悬疑_扮演,1
出色_国产,1
尤为_出色,1
一部_尤为,1
别梦寒_烟火,1
结婚_怨念,1
老婆_结婚,1
女鬼_老婆,1
不让_女鬼,1
多有_不让,1
烟火_多有,1
送出_漂流,1
最后_送出,1
同学_最后,1
小镇_之前,1
家庭_一步步,1
装点_家庭,1
一部分_装点,1
撕掉_一部分,1
世界_撕掉,1
不断_世界,1
审美_不断,1
情趣_审美,1
摄影_情趣,1
读诗_摄影,1
女生_读诗,1
赵小娟_女生,1
之前_赵小娟,1
退回_偏远,1
退让_最后,1
一步步_退回,1
联想_一步步,1
不禁_联想,1
几句_不禁,1
天空_几句,1
足够_一点,1
逻辑_足够,1
行事_逻辑,1
人物_行事,1
收拢_人物,1
最后_收拢,1
线索_最后,1
太好了_线索,1
一步步_退让,1
最后_工作,1
崩溃_选择,1
女儿_支撑,1
意外_去世,1
女儿_意外,1
成功_女儿,1
快要_成功,1
计划_快要,1
出逃_计划,1
牢笼_出逃,1
走出_牢笼,1
试图_走出,1
出路_试图,1
寻求_出路,1
继续_寻求,1
支撑_继续,1
支撑点_女儿,1
工作_撕掉,1
立足_支撑点,1
家里_立足,1
失去_家里,1
以后_失去,1
去世_以后,1
丈夫_去世,1
联结_丈夫,1
关键_联结,1
老人_关键,1
家庭_老人,1
退回_家庭,1
彻底_退回,1
撕掉_彻底,1
刻画_太好了,1
不算_人物,1
现在_不算,1
镜头_切换,1
情人节_未来,1
碰巧在_情人节,1
准备_碰巧在,1
结尾_准备,1
作者_结尾,1
害人不浅_感谢,1
展开_封建迷信,1
流程_展开,1
电影_推荐,1
亲身_电影,1
一部_亲身,1
惊呆_像是,1
切换_惊呆,1
变化_镜头,1
半年_现在,1
发展_变化,1
内容_发展,1
庞大_内容,1
描写_庞大,1
画面_描写,1
简单_画面,1
好用_简单,1
制作_好用,1
感动_制作,1
震撼_感动,1
令人_震撼,1
超级_令人,1
一件_艺术品,1
未来_开出,1
开出_陈老师,1
陈老师_师德,1
师德_tt,1
意难平_wwwwww,1
老师_意难平,1
ps_老师,1
意思_ps,1
升华_意思,1
强行_升华,1
结尾_强行,1
恐怖片_结尾,1
国产_恐怖片,1
有点_国产,1
结局_有点,1
只不过_结局,1
挺不错_只不过,1
拉满_结局,1
过程_氛围,1
画面_游玩,1
独特_画面,1
加上_独特,1
特别_加上,1
音乐_特别,1
恐怖_音乐,1
适合_接触,1
一款_适合,1
有意思_一款,1
以内_直接,1
ps_以内,1
tt_ps,1
去世_崩溃,1
选择_自我,1
蝌蚪_同学,1
后劲_无穷,1
叙述_手法,1
环环相扣_叙述,1
线索_环环相扣,1
命案_线索,1
险恶_田家,1
人性_险恶,1
恐怖_人性,1
实则_真正,1
来讲_中式,1
立意_来讲,1
故事情节_立意,1
之大_故事情节,1
无穷_之大,1
扼腕_后劲,1
探讨_封建迷信,1
凄美_令人,1
所藏_凄美,1
背后_所藏,1
命案_背后,1
旅程_揭开,1
短途_旅程,1
小时_短途,1
神作_小时,1
类型_神作,1
产同_类型,1
中国_产同,1
心目_中国,1
归家_新年快乐,1
手法_探讨,1
家庭_压力,1
自我_了结,1
传达_人文,1
变成_蝌蚪,1
芳芳_变成,1
令人感动_芳芳,1
寓意_令人感动,1
充满_寓意,1
表达方式_充满,1
互动_表达方式,1
特点_互动,1
充分发挥_特点,1
烟火_充分发挥,1
深刻_烟火,1
情怀_立意,1
人文_情怀,1
更想_传达,1
压力_自由,1
恐怖_更想,1
比起_惊悚,1
深入_比起,1
真正_深入,1
做到_真正,1
复杂_做到,1
整个_复杂,1
议题_整个,1
多个_议题,1
成长_多个,1
儿童_成长,1
压迫_儿童,1
自由_压迫,1
找到_归家,1
迷魂_找到,1
牵引_迷魂,1
或者说_走开,1
创意_之前,1
衔接_创意,1
线索_衔接,1
重新_爬起来,1
流沙_重新,1
很难_流沙,1
以后_很难,1
话语权_以后,1
丧失_话语权,1
生活_丧失,1
真实_生活,1
能力_真实,1
走开_能力,1
独立性_或者说,1
火光_牵引,1
一定_独立性,1
保留_一定,1
确保_保留,1
优先_确保,1
关系_优先,1
何种_关系,1
身处_何种,1
所有人_身处,1
希望_所有人,1
常见_悲剧,1
典型_常见,1
过于_典型,1
了结_过于,1
之前_先玩,1
先玩_三伏,1
三伏_对叶,1
对叶_医生,1
别梦寒_火光,1
踌躇_今宵,1
最后_踌躇,1
成山_枷锁,1
寂寥_成山,1
满地_寂寥,1
散得_满地,1
烟火_散得,1
霞光_烟火,1
出辽骤_霞光,1
无处_出辽骤,1
隐隐_无处,1
连山_隐隐,1
举云高_连山,1
重峦叠巘_举云高,1
没想到_重峦叠巘,1
光芒_没想到,1
延续_光芒,1
诊所_延续,1
小镇_诊所,1
清潭_小镇,1
会回_清潭,1
厉害_会回,1
心理_厉害,1
袒护_心理,1
有种_袒护,1
医生_有种,1
不太会_发表,1
鉴赏_不太会,1
平时_鉴赏,1
见识_星空,1
穿插着_男主,1
灭门案_穿插着,1
整篇_灭门案,1
电影_整篇,1
细节_一部,1
人物形象_具体,1
设计_人物形象,1
很大_设计,1
触动_很大,1
陈老师_重逢,1
希望_警官,1
更加_希望,1
星空_更加,1
出去_见识,1
中式_现代,1
镇上_孩子,1
那座_镇上,1
走上_那座,1
一起_走上,1
爸爸妈妈_一起,1
田荣荣_爸爸妈妈,1
人生_田荣荣,1
过去_人生,1
摆脱_过去,1
医生_能够,1
渡轮_医生,1
陈老师_渡轮,1
未来_希望,1
男主_自我,1
现代_悬疑,1
无法挽回_其他人,1
连连_惊叹,1
动漫_无法,1
电影_动漫,1
一试_电影,1
感人_绝对,1
出乎意料_感人,1
这家_公司,1
以后_这家,1
公司_以后,1
用心_公司,1
一家_用心,1
这是_一家,1
看得出来_这是,1
惊叹_看得出来,1
切换_连连,1
悬疑_色彩,1
优秀_切换,1
意想不到_转场,1
过瘾_意想不到,1
不要_过瘾,1
简直_不要,1
免费_简直,1
这是_免费,1
难以想象_这是,1
起来_这味,1
一响_起来,1
古道_一响,1
最后_长亭,1
色彩_尤其,1
其他人_希望,1
已经_无法挽回,1
震惊_平时,1
部分_永远,1
想起_东野,1
替罪_想起,1
以身_替罪,1
医生_以身,1
继续_医生,1
生活_还会,1
留白_生活,1
黑色幽默_留白,1
充满_黑色幽默,1
赋予_充满,1
句号_赋予,1
公布_句号,1
永远_公布,1
以后_公布,1
献身_爱情,1
部分_以后,1
部分_公布,1
账单_部分,1
报社_账单,1
死亡_报社,1
失踪_死亡,1
主题_陈老师,1
人心_主题,1
独有_恐怖,1
中式_独有,1
表达_中式,1
完满_表达,1
相对_完满,1
东野_嫌疑人,1
爱情_救赎,1
悲剧_已经,1
不足_确实,1
害怕_悲剧,1
后面_不再,1
成功_后面,1
恐怖_成功,1
前面_中式,1
却是_爱情,1
最后_却是,1
鬼片_最后,1
国内_鬼片,1
现在_国内,1
至少_现在,1
悬疑_至少,1
元素_悬疑,1
恐怖_不足,1
救赎_同学,1
未来_个人,1
积极_未来,1
深沉_积极,1
黑色_深沉,1
充满_黑色,1
冲淡_充满,1
葬礼_冲淡,1
举办_遗体,1
村民_陈老师,1
星星_村民,1
放飞_星星,1
陈老师_放飞,1
同学_陈老师,1
无法_表现,1
表现_精彩,1
精彩_相当,1
今天_举办,1
投下来_一根,1
有人_投下来,1
进井里_只能,1
被困_进井里,1
发现_孩子,1
枯井_发现,1
小心_枯井,1
小时候_小心,1
灵魂_小时候,1
苦难_挣扎,1
看见_苦难,1
苦难_看见,1
指引方向_见识,1
一片_今天,1
上去_成为,1
白茫茫_一片,1
烟火_白茫茫,1
送别_烟火,1
人民警察_解密,1
不能不要_人民警察,1
申冤_不能不要,1
缺点_申冤,1
确让_唏嘘,1
结局_确让,1
意外_结局,1
真相_意外,1
未来_真相,1
放弃_未来,1
绳子_上去,1
绳子_夜深,1
载体_表达,1
旁边_雨伞,1
落泪_太好了,1
照片_落泪,1
第三次_一张,1
卸载_第三次,1
第二次_卸载,1
卸载_第二次,1
第一次_卸载,1
绽放_心间,1
离别_烟火,1
记得_离别,1
许多年_有人,1
葬礼_许多年,1
雨伞_这是,1
超市_旁边,1
夜深_星星,1
井水_超市,1
星河_倒映,1
不见_或许,1
转头_不见,1
道路_转头,1
河灯_指引,1
一盏盏_河灯,1
送别_一盏盏,1
河边_送别,1
孩子_河边,1
遮住_孩子,1
云彩_遮住,1
星星_云彩,1
平衡_放弃,1
内心_平衡,1
赎罪_内心,1
现实_联系,1
脑袋_炸开,1
柯南_脑袋,1
原因_柯南,1
前面_原因,1
清楚_前面,1
解释_清楚,1
几章_解释,1
后面_几章,1
尤其_后面,1
流程_尤其,1
配音_线性,1
加上_人物,1
联系_加上,1
新颖_现实,1
选择_赎罪,1
起来_新颖,1
恐怖_起来,1
尝试_表达,1
愿意_尝试,1
创作者_愿意,1
艺术_创作者,1
将来_艺术,1
希望_将来,1
潜力_希望,1
巨大_潜力,1
有着_巨大,1
方面_有着,1
表达_方面,1
炸开_草率,1
绚烂_聚集,1
聚集_散落,1
散落_繁星,1
重新_选择,1
名誉_重新,1
家中_名誉,1
追逐_家中,1
装疯卖傻_放弃,1
挣扎_装疯卖傻,1
人物_挣扎,1
做法_人物,1
神婆_做法,1
不惜一切_神婆,1
土方_不惜一切,1
家人_土方,1
家庭_家人,1
舆论_家庭,1
在意_舆论,1
村子_在意,1
秘密_村子,1
人人_秘密,1
藏不住_人人,1
令人窒息_藏不住,1
一项_令人窒息,1
缩写_一项,1
人生_缩写,1
总结_人生,1
矛盾_总结,1
戏剧性_矛盾,1
烟火_戏剧性,1
结局_相对,1
丰满_最后,1
慢慢_丰满,1
小游戏_巧妙,1
田家_独特,1
恐怖感_田家,1
渲染_恐怖感,1
物品_渲染,1
灯光_相关,1
场景_灯光,1
昏暗_场景,1
不错_昏暗,1
构图_不错,1
画面_构图,1
开头_画面,1
一章_开头,1
巧妙_一章,1
部分_小游戏,1
构造_配合,1
必玩_一作,1
恐怖_必玩,1
旅行_作者,1
远方_旅行,1
人去_远方,1
不妙_人去,1
大事_不妙,1
一种_大事,1
合照_一种,1
大头贴_合照,1
当玩到_一张,1
美中不足_当玩到,1
真不错_美中不足,1
独特_构造,1
配合_玩具,1
一款_steam,1
下落_留下,1
工作室_继黑森,1
拾光_工作室,1
伟大_拾光,1
太棒了_感动,1
啊啊啊_太棒了,1
陈老师_啊啊啊,1
余韵_悠长,1
做结_余韵,1
送别_做结,1
空间_最后,1
想象_空间,1
极大_想象,1
留下_极大,1
陈青穗_下落,1
切换_功能,1
后续_陈青穗,1
名单_后续,1
买家_名单,1
盗窃案_买家,1
主使_文物,1
幕后_主使,1
田家_幕后,1
最大化_田家,1
达到_最大化,1
使用_达到,1
地图_使用,1
几张_地图,1
功能_几张,1
讲得_真不错,1
不得不_讲得,1
叙事_不得不,1
外衣_封建迷信,1
赵小娟_稚嫩,1
为母_赵小娟,1
大山_为母,1
化作_星河,1
外望_化作,1
井底_外望,1
高度_井底,1
整个_推上,1
升华_整个,1
更是_升华,1
人心_终章,1
糟粕_鬼神,1
封建迷信_糟粕,1
灵魂_互相,1
一款_叙事,1
一个个_不到,1
实则_一个个,1
惨案_实则,1
离奇_惨案,1
灵异_离奇,1
一桩_灵异,1
看似_一桩,1
式微_看似,1
一款_式微,1
比鬼還_可怕,1
揭開_比鬼還,1
貫穿_揭開,1
衣裳_貫穿,1
稚嫩_纯真,1
纯真_不谙世事,1
不谙世事_芳芳,1
芳芳_自小,1
偏向_一款,1
整体_偏向,1
难度_整体,1
之外_恐怖,1
scare_之外,1
一点_jump,1
理由_尸体,1
世界_劣等,1
一段话_孩子,1
陈老师_一段话,1
最深_陈老师,1
感动_印象,1
不同_感动,1
带来_不同,1
每个_带来,1
悲剧_每个,1
致命_悲剧,1
酿出_致命,1
封建_酿出,1
种种_封建,1
旧式_种种,1
善意_旧式,1
传递_善意,1
善良_传递,1
再也_出去,1
拐卖_再也,1
自小_拐卖,1
继黑森_之后,1
steam_好评率,1
人物形象_慢慢,1
记得_烟火,1
怪力乱神_之后,1
之前_怪力乱神,1
久仰大名_之前,1
一口气_久仰大名,1
见到_优秀作品,1
市场_见到,1
中国_市场,1
希望_中国,1
开创_希望,1
做出_开创,1
题材_做出,1
类型_题材,1
这种_本土,1
星空_今天,1
原来_刑侦,1
绳子_星空,1
决定_绳子,1
震撼_决定,1
星空_震撼,1
井底_绳子,1
何人_井底,1
井底_不知,1
被困_井底,1
儿时_被困,1
去世_儿时,1
早已_去世,1
表面_早已,1
细节_表面,1
之后_原来,1
刑侦_悬疑,1
好评率_介绍,1
情感_描述,1
配角_人物形象,1
每个_配角,1
深入_每个,1
一章_逐渐,1
代入_一章,1
脱离_很难,1
随之_脱离,1
感官_随之,1
让玩家_感官,1
相机_让玩家,1
人体_相机,1
主角_人体,1
描述_主角,1
文字_情感,1
悬疑_乡土,1
错乱_文字,1
空间_错乱,1
元素_空间,1
遇见_恐怖,1
全程_遇见,1
塑造_主角,1
贴切_恐怖,1
素材_贴切,1
恐怖_素材,1
特有_恐怖,1
中式_特有,1
陋习_中式,1
乡土_陋习,1
种种_细节,1
留白_种种,1
埋葬_陈老师,1
主角_刑警,1
警察_赵小娟,1
原因_注定,1
体质_原因,1
男主通灵_体质,1
正因_男主通灵,1
疑云重重_正因,1
出警_疑云重重,1
第一次_出警,1
视角_第一次,1
案件_视角,1
这门_案件,1
调查_这门,1
刑警_身份,1
发生_主角,1
山林_警官,1
导致_灭门,1
悲哀_导致,1
每个_悲哀,1
整个_每个,1
理由_整个,1
电影票_劣等,1
催泪_电影票,1
一张_催泪,1
像是_一张,1
之后_像是,1
悬疑_玩完,1
提到_恐怖,1
介绍_提到,1
赵小娟_女士,1
女士_女儿,1
女儿_喜欢,1
事情_笼中鸟,1
令人窒息_山林,1
逃离_令人窒息,1
帮助_逃离,1
笼中鸟_选择,1
抛弃_笼中鸟,1
亲生父母_抛弃,1
医生_亲生父母,1
欢乐_导致,1
全家人_欢乐,1
希望_全家人,1
年幼_希望,1
可惜_年幼,1
遍野_可惜,1
老师_陈老师,1
接触_一位,1
芳芳_接触,1
天空_芳芳,1
土地_尸体,1
封建迷信_土地,1
充满_封建迷信,1
这片_充满,1
不愿触_这片,1
自缢_不愿触,1
选择_自缢,1
土地_选择,1
不想_尸体,1
笼中鸟_不想,1
天空_夏天,1
夏天_烟火,1
烟火_尸体,1
中期_根本,1
第三章_第六章,1
效果_第三章,1
里面_演出,1
带入_里面,1
已经_带入,1
不到_已经,1
完全_感受,1
已经_完全,1
氛围_中期,1
场景_阴森,1
一点_场景,1
前期_一点,1
停不下来_前期,1
起来_中期,1
借助_涂鸦,1
分散_起来,1
本来_分散,1
一气呵成_本来,1
晚上_一气呵成,1
连肝_晚上,1
真是_值得,1
兴趣_真是,1
只得_兴趣,1
说些_只得,1
不知_说些,1
交互方式_不知,1
温情_交互方式,1
有趣_温情,1
第六章_借助,1
涂鸦_叙事,1
序章_给出,1
恐怖_迷信,1
核心_早已,1
遗憾_核心,1
无力_遗憾,1
感受_深深,1
悲剧_感受,1
促成_必然,1
小事_促成,1
无关_小事,1
看似_无关,1
欲望_看似,1
扭曲_欲望,1
内心_扭曲,1
迷信_内心,1
透露_人心,1
叙事_浪漫,1
处处_透露,1
突然_处处,1
知道_突然,1
氛围_知道,1
不到_恐怖,1
几乎_感受,1
中期_几乎,1
上文写_中期,1
吸引_上文写,1
阐释_中式,1
恐怖_阐释,1
感再_一下,1
浪漫_感再,1
微恐_有趣,1
感情_微恐,1
完整_感情,1
身边_变成,1
像是_释然,1
说出_像是,1
不再_说出,1
心里_不再,1
悲伤_心里,1
所说_淡淡的,1
理洵_所说,1
感慨_如林,1
禁不住_感慨,1
一口气_禁不住,1
后悔_来不及,1
结局_后悔,1
变成_结局,1
陪陪_身边,1
完美_完整,1
心情_陪陪,1
一天_心情,1
影响_一天,1
事情_影响,1
不要_事情,1
天天开心_不要,1
朋友_天天开心,1
评论_朋友,1
继续_评论,1
生活_继续,1
电影_生活,1
相当于_一部,1
价格_相当于,1
释然_好似,1
好似_释然,1
释然_结局,1
结局_好像,1
一部_完美,1
真是_一部,1
出些_真是,1
不知_出些,1
可叹_不知,1
一口气_可叹,1
深吸_一口气,1
令人_深吸,1
最后_令人,1
点点_温情,1
流淌_点点,1
悲哀_流淌,1
感触_悲哀,1
中间_感触,1
恐惧_中间,1
感到_恐惧,1
游玩_感到,1
合适_游玩,1
尤为_合适,1
组合_尤为,1
一起_组合,1
糅杂_一起,1
冷暖_糅杂,1
温情_冷暖,1
悲哀_温情,1
结局_悲哀,1
好像_结局,1
早已_序章,1
给出_科学,1
最大_一部,1
流程_有点,1
赵小娟_明明,1
无辜_芳芳,1
可惜_无辜,1
咎由自取_可惜,1
算是_咎由自取,1
结局_算是,1
老登_结局,1
那俩_老登,1
害人不浅_那俩,1
真是_害人不浅,1
老登_真是,1
愚蠢_老登,1
恶毒_愚蠢,1
引人入胜_流程,1
自由_已经,1
方式_引人入胜,1
害怕_叙述,1
险恶_害怕,1
可恨_人心,1
可悲_可怜,1
大促_可悲,1
到底_决心,1
斗争_到底,1
封建迷信_斗争,1
势必_封建迷信,1
明志_势必,1
相同_明志,1
上吊_相同,1
明明_自由,1
已经_中间,1
迷信_根源,1
妻子_那段,1
更加_震惊,1
亲自_更加,1
知道_亲自,1
吸引_知道,1
深深_吸引,1
视频_深深,1
纸鱼_视频,1
看过_纸鱼,1
烟火_小时候,1
强调_封建迷信,1
全篇_强调,1
很绝_全篇,1
表现力_很绝,1
好看_妻子,1
一度_林理洵,1
拍成电影_好看,1
震撼_拍成电影,1
照出_林理洵,1
里面_照出,1
镜子_里面,1
撕开_镜子,1
奖状_撕开,1
林理洵_奖状,1
撕开_林理洵,1
下边_撕开,1
奖状_下边,1
芳芳_芳芳,1
林理洵_芳芳,1
赵小娟_上吊,1
水面_赵小娟,1
差不多_浮出,1
老师_真心,1
最后_老师,1
可惜_最后,1
原因_可惜,1
人物_原因,1
老师_人物,1
喜欢_老师,1
眼界_喜欢,1
开拓_眼界,1
孩子_开拓,1
试图_孩子,1
着想_试图,1
孩子_着想,1
真心_孩子,1
幸而_老师,1
真相_差不多,1
机会_幸而,1
发展_机会,1
下一代_发展,1
扼住_下一代,1
老师_扼住,1
困住_老师,1
思想_困住,1
落后_思想,1
心中_迷信,1
居民_心中,1
乡村_居民,1
偏僻_乡村,1
根源_偏僻,1
老师_开放式,1
结局_始终,1
无法_释怀,1
释怀_刚刚,1
笔而_真相,1
埋伏_笔而,1
恐怖_埋伏,1
似是_恐怖,1
疑惑_似是,1
话略感_疑惑,1
这句_话略感,1
起初_这句,1
整个_起初,1
线索_贯穿,1
这句_线索,1
悲伤_尸体,1
不长_感到,1
游戏性_整个,1
叙事性_游戏性,1
这是_叙事性,1
同样_认为,1
有点_语无伦次,1
清晰_有点,1
思路_清晰,1
里面_思路,1
脑子_里面,1
现在_脑子,1
说实话_现在,1
评论_说实话,1
推完_评论,1
刚刚_推完,1
一部_价格,1
后劲_最大,1
尸体_不错,1
唯一_一款,1
爱子_翅膀,1
贪婪_爱子,1
困于_大山,1
飞鸟_困于,1
热爱_自由,1
古道_边点,1
感人_长亭,1
不错_可惜,1
警醒_带来,1
带来_警醒,1
它会_带来,1
热泪盈眶_它会,1
一款_热泪盈眶,1
假装_说完,1
孵养_小花,1
说完_假装,1
结束_说完,1
不可思议_结束,1
以后_不可思议,1
啥意思_以后,1
打游击_啥意思,1
打游戏_打游击,1
伏笔_打游戏,1
要说_伏笔,1
论文_要说,1
导师_论文,1
一晃眼_导师,1
缺失_一晃眼,1
翅膀_孵养,1
小花_小花,1
小花_只想,1
小花_广阔,1
泥潭_懂事,1
飞鸟_泥潭,1
想拉_飞鸟,1
信仰者_想拉,1
贪婪_信仰者,1
飞鸟_逃离,1
翅膀_飞鸟,1
长出_翅膀,1
重新_长出,1
阻拦_重新,1
信仰者_阻拦,1
爱子_信仰者,1
世界_痛失,1
园丁_小花,1
小花_无知,1
小花_园丁,1
独特_小花,1
辨识_独特,1
慧眼_辨识,1
大山_慧眼,1
来到_大山,1
园丁_来到,1
一杆_园丁,1
某日_一杆,1
践踏_某日,1
肆意_践踏,1
花农_肆意,1
无知_花农,1
闭环_缺失,1
逻辑_闭环,1
导致_逻辑,1
总会_送别,1
我能_看见,1
前三章_我能,1
进去_前三章,1
简介_进去,1
看见_简介,1
有点_看见,1
特别_有点,1
人性_特别,1
问题_人性,1
鬼神_问题,1
了解_鬼神,1
时间_了解,1
那一刻_结束,1
烟火_总会,1
圆气口_导致,1
易逝_烟火,1
烟花_易逝,1
点睛之笔_烟花,1
更是_点睛之笔,1
电影_结尾,1
书籍_电影,1
超过_书籍,1
个人感觉_超过,1
精良_个人感觉,1
十分_精良,1
艺术品_十分,1
一部_艺术品,1
恐怖_像是,1
看见_真正,1
真正_真相,1
真相_最后,1
最后_林理洵,1
需要_圆气口,1
部分_需要,1
留有_部分,1
真相_留有,1
真相_真相,1
恐怖_真相,1
合格_恐怖,1
勉强_合格,1
中是_勉强,1
经历_中是,1
成长_经历,1
中国_成长,1
放在_中国,1
心态_放在,1
良好_心态,1
乐于助人_良好,1
叶敬山_乐于助人,1
拐卖_叶敬山,1
山村_拐卖,1
相爱_山村,1
真心_相爱,1
到底_真心,1
和田_到底,1
支离破碎_赵小娟,1
有点_支离破碎,1
塑造_有点,1
林理洵_塑造,1
懂事_小花,1
只想_重现,1
退出_后劲,1
满足_完美,1
喜欢_学生,1
看出_喜欢,1
出现_看出,1
真正_出现,1
从头到尾_真正,1
陈青穗_从头到尾,1
意难平_陈青穗,1
最大_意难平,1
结尾_最大,1
摧毁_结尾,1
无情_摧毁,1
家庭_无情,1
完美_家庭,1
得到_满足,1
单纯_留在,1
私心_得到,1
封建迷信_私心,1
可怕_主题,1
远比_可怕,1
人心_远比,1
人心不足蛇吞象_人心,1
恰到好处_真正,1
一段话_恰到好处,1
明天_一段话,1
斯维尔_明天,1
之书克_斯维尔,1
空想_之书克,1
喜欢_空想,1
学生_单纯,1
老师_好心,1
重现_往日,1
险恶_送别,1
片尾曲_退出,1
心情_片尾曲,1
悲凉_心情,1
凄惨_悲凉,1
听到_凄惨,1
感在_听到,1
落寞_感在,1
内心_落寞,1
重要_内心,1
衬托_重要,1
几乎_衬托,1
背景音乐_几乎,1
这首_背景音乐,1
揭露_人心,1
好心_帮助,1
铁石心肠_揭露,1
利益_铁石心肠,1
社会_高层,1
暗示_社会,1
侧面_暗示,1
消声灭迹_侧面,1
暗地_消声灭迹,1
上级_暗地,1
机会_上级,1
上学_机会,1
得到_市里,1
学生_得到,1
帮助_学生,1
人间烟火_最后,1
医生_名字,1
警察_老师,1
奔赴_黄泉路,1
一部_小而精,1
赞美_一部,1
灵魂_赞美,1
唯美_灵魂,1
自由_唯美,1
批判_自由,1
文化_批判,1
外衣_中国,1
见到_朝思暮想,1
终是_见到,1
可惜_终是,1
可悲可叹_可惜,1
黄泉路_可悲可叹,1
选择_奔赴,1
叶敬山_警察,1
之中_选择,1
痛苦_之中,1
小花_痛苦,1
生机_小花,1
断绝_生机,1
飞鸟_断绝,1
归家_飞鸟,1
药食_归家,1
忘忧_药食,1
当作_忘忧,1
毒药_当作,1
欢笑_毒药,1
往日_欢笑,1
小而精_优秀作品,1
借用_最近,1
最近_评论,1
评论_作者,1
发现_林理洵,1
很久_发现,1
玩完_很久,1
电影_玩完,1
温情_电影,1
压抑_温情,1
一场_压抑,1
来看_一场,1
沉下心_来看,1
苏鲁_沉下心,1
血腥_苏鲁,1
scare_血腥,1
黑夜_jump,1
习惯_黑夜,1
操作_习惯,1
玩惯_操作,1
一下_玩惯,1
不剧_推荐,1
hhh_不剧,1
头皮发麻_hhh,1
我秀_头皮发麻,1
投影_我秀,1
天灵盖_投影,1
方式_天灵盖,1
没见_叙事,1
这辈子_没见,1
作者_这辈子,1
一家之主_死后,1
陷入_悲伤,1
漩涡_爷爷奶奶,1
一流_法医,1
开口_师兄,1
师妹_开口,1
人际关系_师妹,1
叶敬山_人际关系,1
反复强调_叶敬山,1
漏洞_反复强调,1
破绽_漏洞,1
明显_破绽,1
骨痂_明显,1
忽略_骨痂,1
绝不_忽略,1
毕业生_绝不,1
法医_毕业生,1
身为_一流,1
主角_赶过去,1
叶敬山_身为,1
师妹_叶敬山,1
法医_师妹,1
同伙_法医,1
钢笔_同伙,1
写不出_钢笔,1
粉笔_写不出,1
浸透_粉笔,1
一根_浸透,1
粉红色_一根,1
一点_粉红色,1
执念_一点,1
真相_执念,1
师兄_主角,1
赶过去_一点儿,1
交集_发掘,1
词汇_高度,1
长辈_缺乏,1
发生_田家,1
情况_真正,1
大多数_情况,1
法轮大法_大多数,1
迷信_法轮大法,1
尊重_科学,1
麦克斯韦_尊重,1
迷信_麦克斯韦,1
内容_迷信,1
接受_内容,1
取决于_接受,1
高度_取决于,1
完整_词汇,1
一点儿_骨头,1
表述_完整,1
迷信_表述,1
根源_迷信,1
迷信_悲剧,1
反复强调_迷信,1
一直_反复强调,1
评测_一直,1
补票_评测,1
特意_补票,1
全程_特意,1
实况_全程,1
说不定_几块,1
骨头_说不定,1
发掘_真相,1
之前_交集,1
要素_很棒,1
演出_送别,1
带来_精彩,1
无疑_带来,1
配乐_无疑,1
精彩_配乐,1
诸多_精彩,1
精彩_诸多,1
类型_精彩,1
小说_类型,1
泪腺_一部,1
击垮_泪腺,1
直接_击垮,1
那段_直接,1
送别_那段,1
河灯_演出,1
gameplay_伴随,1
末段_河灯,1
氛围_末段,1
优秀_营造,1
必须_优秀,1
bgm_必须,1
本篇_bgm,1
不寒而栗_本篇,1
处理_不寒而栗,1
细节_处理,1
变化_细节,1
多用_bgm,1
scare_多用,1
很少_低级,1
精彩_gameplay,1
伴随_解谜,1
尴尬_之前,1
适当_解谜,1
大头贴_尴尬,1
一脉相承_整体,1
风格_一脉相承,1
演出_风格,1
解谜_演出,1
整体_十分,1
过来_整体,1
三伏_过来,1
畅快_提升,1
一分_畅快,1
更加_一分,1
推进_更加,1
部分_推进,1
制定_适当,1
环节_本作,1
难度_制定,1
一气呵成_难度,1
推进_下来,1
细节_推进,1
过程_细节,1
光线_解谜,1
声音_光线,1
引导_声音,1
用心_引导,1
相当_用心,1
制作组_相当,1
比较简单_制作组,1
解谜_比较简单,1
缺乏_开放,1
开放_思维,1
思维_认知,1
大权_周围,1
专横_推翻,1
独断_专横,1
无知_独断,1
浅薄_无知,1
国君_浅薄,1
大权在握_国君,1
国家_大权在握,1
情景_国家,1
灾难_情景,1
深重_灾难,1
带来_深重,1
所有人_带来,1
周围_所有人,1
掌握_大权,1
国家_灭亡,1
蠢货_掌握,1
储备_蠢货,1
知识_储备,1
毫无_知识,1
想法_毫无,1
服从_想法,1
接受_服从,1
只能_接受,1
需要_只能,1
身边_需要,1
理解_身边,1
主动_理解,1
愿意_主动,1
推翻_国家,1
灭亡_企业,1
能力_极度,1
不进_撤职,1
民主_管理制度,1
分裂_民主,1
家庭_分裂,1
排挤_家庭,1
执迷不悟_排挤,1
目不识丁_执迷不悟,1
家长_目不识丁,1
权势_家长,1
坐享_权势,1
家庭_坐享,1
遭殃_家庭,1
部门_遭殃,1
撤职_部门,1
油盐_不进,1
企业_独掌,1
胸无点墨_油盐,1
主管_胸无点墨,1
器重_主管,1
备受_器重,1
部门_备受,1
破产_部门,1
公司_破产,1
罢免_公司,1
一意孤行_罢免,1
孤陋寡闻_一意孤行,1
老总_孤陋寡闻,1
权威_老总,1
独掌_权威,1
根本_愿意,1
事情_根本,1
绝大多数_事情,1
照顾_其他人,1
某天_遭到,1
设想_某天,1
需要_设想,1
田宇_喜欢,1
需要_田宇,1
田芳芳_喜欢,1
需要_田芳芳,1
赵小娟_喜欢,1
应该_赵小娟,1
田家_应该,1
脑子里_田家,1
需要_脑子里,1
其他人_需要,1
不乐意_照顾,1
包括_绝大多数,1
根本_不乐意,1
能力_根本,1
体谅_能力,1
缺乏_体谅,1
事情_缺乏,1
容易_事情,1
十分_容易,1
决定_十分,1
改变_决定,1
可能性_改变,1
考虑_可能性,1
低下_考虑,1
极度_低下,1
遭到_巨大,1
巨大_困难,1
困难_需要,1
需要_找人,1
现实_包括,1
黑暗_现实,1
讽刺_黑暗,1
实际上_讽刺,1
人格魅力_实际上,1
强烈_人格魅力,1
一份_强烈,1
需要_一份,1
个人_需要,1
田芳芳_个人,1
抓住_田芳芳,1
敏锐地_抓住,1
陈老师_敏锐地,1
长辈_陈老师,1
感想_田家,1
作何_感想,1
坚强_作何,1
成年人_坚强,1
轻描淡写_成年人,1
一句_轻描淡写,1
化地_一句,1
模板_化地,1
衷肠_模板,1
倾诉_衷肠,1
倒苦水_倾诉,1
聊聊_倒苦水,1
找人_聊聊,1
部分_很少,1
具体_恐怖,1
美妙_具体,1
柔光_指引,1
唯一_我意,1
山里_警察,1
困在_山里,1
星星_困在,1
银河_星星,1
回到_银河,1
出笼_回到,1
遗憾_出笼,1
感动_遗憾,1
值得_多次,1
好玩_值得,1
回家_方向,1
指引_回家,1
星辰_柔光,1
一直_不下,1
漫天_星辰,1
化为_漫天,1
烟火_化为,1
别梦寒_小镇,1
送别_结局,1
决定_送别,1
事情_决定,1
终点_事情,1
每个_终点,1
人有_每个,1
每个_人有,1
如斯_每个,1
生者_如斯,1
陈老师_大哭,1
不下_心玩,1
良心_战胜,1
之善间_结尾,1
一丝_凄美,1
有着_一丝,1
歌曲_有着,1
片尾_歌曲,1
意难平_片尾,1
面前_陈老师,1
摆在_面前,1
牢笼_摆在,1
娓娓道来_牢笼,1
书信_娓娓道来,1
真挚_书信,1
一封_真挚,1
结尾_一封,1
人性_之善间,1
心玩_终于,1
之恶_人性,1
之间_人性,1
救赎_之间,1
现实主义_救赎,1
一本_现实主义,1
外皮_一本,1
解密_外皮,1
一本_打着,1
这是_一本,1
发现_这是,1
玩到_发现,1
机会_从头,1
终于_机会,1
死者_生者,1
一生_死者,1
赵小娟_一生,1
情感_表达,1
透过_电脑屏幕,1
无力_透过,1
苍凉_无力,1
显得_苍凉,1
迷失_显得,1
人心_迷失,1
枷锁_人心,1
封建_枷锁,1
推进_封建,1
台词_推进,1
这本_台词,1
天空_这本,1
表达_尸体,1
深沉_情感,1
已然_陈老师,1
包含_深沉,1
创作者_包含,1
结束_创作者,1
一段_结束,1
弘一法师_一段,1
感谢_弘一法师,1
蟑螂_感谢,1
动人_感情,1
精彩_动人,1
精彩_精彩,1
守护_自由,1
优秀_守护,1
特别_氛围,1
电脑屏幕_感受,1
感受_寒意,1
寒意_但林,1
但林_警官,1
蓦然回首_已然,1
旅程_蓦然回首,1
小时_旅程,1
下去_小时,1
一路_下去,1
道路_一路,1
前进_道路,1
照亮_前进,1
一束_照亮,1
黑暗_一束,1
仿佛_黑暗,1
温暖_仿佛,1
一丝_温暖,1
背景_一丝,1
特殊_背景,1
感受_特殊,1
让玩家_感受,1
纯真无邪_让玩家,1
田芳芳_纯真无邪,1
刚强_田芳芳,1
柔弱_刚强,1
赵小娟_柔弱,1
大公无私_赵小娟,1
陈老师_大公无私,1
坚持_陈老师,1
正义_坚持,1
警官_正义,1
凄美_良心,1
战胜_愚昧,1
牵动_美妙,1
三伏_之后,1
依旧_带来,1
本作_依旧,1
剧透_本作,1
大量_剧透,1
之前_大量,1
本子_之前,1
写不出_本子,1
再也_写不出,1
大概_再也,1
蟑螂_大概,1
一点_月光,1
确信_一点,1
之后_确信,1
神作_玩过,1
小时_极致,1
复制_神作,1
不可_复制,1
最大_慰藉,1
算是_最大,1
合照_算是,1
警官_合照,1
抽出_老师,1
最后_抽出,1
难过_最后,1
说明_难过,1
后期_说明,1
暗示_后期,1
虽一_暗示,1
带来_小时,1
极致_前期,1
愚昧_人生,1
小时_收获,1
流程_牵动,1
情绪_完全,1
丰富_情绪,1
带来_丰富,1
贴合_演出,1
无比_贴合,1
创意_无比,1
富有_创意,1
变化_富有,1
恰到好处_bgm,1
紧凑_恰到好处,1
优秀_紧凑,1
收获_优秀,1
眼泪_小时,1
恐怖_飙升,1
忍住_眼泪,1
无法_忍住,1
实在_无法,1
最后_实在,1
振奋_最后,1
激动_振奋,1
真相_激动,1
剥茧抽丝_接近,1
逐渐_剥茧抽丝,1
中期_逐渐,1
心跳_中期,1
肾上腺素_心跳,1
飙升_肾上腺素,1
结局_虽一,1
老师_结局,1
厉害_老师,1
限制_一周,1
拍电影_不错,1
拿来_拍电影,1
一点_拿来,1
优秀_一点,1
类型_试试,1
震撼_推荐,1
部分_震撼,1
高潮_部分,1
后期_高潮,1
感染_后期,1
氛围_感染,1
目的_氛围,1
一周_目的,1
场景_限制,1
相当_厉害,1
指引_场景,1
加入_指引,1
作者_加入,1
不高_发现,1
精彩_可惜,1
十分_精彩,1
不明不白_十分,1
有点_不明不白,1
中间_有点,1
无法_定论,1
痛苦_无法,1
是否_痛苦,1
人生_是否,1
不错_陈老师,1
陈老师_田晓霞,1
田晓霞_之后,1
之后_意难平,1
起来_相当,1
就立_起来,1
过程_就立,1
小时_过程,1
短短_三个,1
形象_短短,1
警官_形象,1
好事_老师,1
降低_好事,1
高潮_恐怖,1
进入_高潮,1
逐渐_进入,1
中后期_逐渐,1
动力_中后期,1
下去_动力,1
关闭_下去,1
一度_关闭,1
小白_一度,1
恐怖_小白,1
丝滑_恐怖,1
十分_丝滑,1
切换_十分,1
营造_场景,1
满分_前期,1
没什么_满分,1
蟑螂_继续,1
意难平_蟑螂,1
管理制度_逐渐,1
逐渐_取代,1
取代_专制制度,1
身份_概念,1
或者说_智能,1
非黑_或者说,1
导致_非黑,1
必然_导致,1
结构_必然,1
认同_结构,1
群体_强烈,1
认同_群体,1
身份_强烈,1
成员_身份,1
需要_成员,1
维持_需要,1
概念_维持,1
依赖于_模糊,1
有限_群体思维,1
高度_依赖于,1
维持_高度,1
群体_维持,1
一类_群体,1
分子_一类,1
敌对_分子,1
group_敌对,1
out_group,1
群体_out,1
划分_群体,1
群体_划分,1
明显_群体,1
来看_明显,1
智能_有限,1
群体思维_group,1
语言_社会,1
敌人_草叶,1
群起而攻_建立,1
必定会_群起而攻,1
仪式_必定会,1
破坏_这种,1
外来者_破坏,1
喊叫_外来者,1
忘情_喊叫,1
篝火_忘情,1
时代_篝火,1
茹毛饮血_时代,1
裹身_茹毛饮血,1
兽皮_裹身,1
草叶_兽皮,1
视为_敌人,1
group_think,1
异类_视为,1
立刻_异类,1
一致性_立刻,1
一定_一致性,1
保持_一定,1
必须_保持,1
行为_必须,1
组员_行为,1
要求_组员,1
特点_要求,1
思维_特点,1
这种_思维,1
think_这种,1
理论_来看,1
同一性_理论,1
群体_同一性,1
巧合_徐伦倒,1
拦下_芳芳,1
错过_拦下,1
之失_错过,1
一步_之失,1
时间_一步,1
小娟_时间,1
获胜_希望,1
几秒_获胜,1
仅差_几秒,1
对抗_仅差,1
时间_对抗,1
高速_时间,1
徐伦倒_高速,1
难以捉摸_巧合,1
自作自受_群体,1
同样_难以捉摸,1
行为_同样,1
儿媳_行为,1
眼中_儿媳,1
二人_眼中,1
热泪_田何,1
留下_热泪,1
顾自地_留下,1
眼中_顾自地,1
伤口_眼中,1
出现_伤口,1
莫名其妙_出现,1
身上_莫名其妙,1
芳芳_投放,1
投放_药物,1
药物_行为,1
行为_生活,1
诅咒_自作自受,1
恶毒_诅咒,1
排斥_恶毒,1
唾弃_排斥,1
值得_唾弃,1
行为_值得,1
自我_行为,1
牺牲_自我,1
可欺_牺牲,1
弱小_可欺,1
认为_弱小,1
付出_认为,1
家人_付出,1
职业_家人,1
放弃_职业,1
赵小娟_放弃,1
思潮_赵小娟,1
达尔文主义_思潮,1
社会_达尔文主义,1
某种_社会,1
现如今_某种,1
大山_现如今,1
精神恍惚_大山,1
破灭_精神恍惚,1
彻底_破灭,1
期盼_彻底,1
生活_期盼,1
建立_语言,1
社会_这种,1
搏斗_只会,1
挚友_发达,1
蒙面_女性,1
素未_蒙面,1
两个_素未,1
成为_两个,1
共同体_成为,1
想象_共同体,1
主轴_想象,1
标签_主轴,1
身份_标签,1
大量_模糊,1
创造_大量,1
媒体_创造,1
发达_媒体,1
结为_挚友,1
宣传_操纵,1
桌上_结为,1
乒乓球_桌上,1
同一个_乒乓球,1
城市_同一个,1
同一个_城市,1
容易_同一个,1
反倒_容易,1
惺惺相惜_反倒,1
身份_惺惺相惜,1
这种_身份,1
中国_这种,1
十分_中国,1
两个_十分,1
女性_宣传,1
操纵_同举,1
仪式_变得,1
鸟儿_润泽,1
scare_吓人,1
不靠_低级,1
元素_不靠,1
无一物_时泽万田,1
生来_无一物,1
三伏_生来,1
土地_三伏,1
生机_土地,1
承载_生机,1
更愿_承载,1
细雨_更愿,1
万物_细雨,1
润泽_万物,1
一只_自由,1
同举_一面,1
我愿_一只,1
感触_我愿,1
研究_问题,1
想要_研究,1
本文_想要,1
仇恨_本文,1
异国_仇恨,1
存在_异国,1
知道_存在,1
压根_知道,1
两个_压根,1
大旗_两个,1
一面_大旗,1
特征_两个,1
大于_身份,1
远远_大于,1
处于_群体,1
高言大语_层皮,1
慷慨激昂_高言大语,1
发表_慷慨激昂,1
手臂_发表,1
挥舞_手臂,1
叫喊_挥舞,1
反应_叫喊,1
优势_反应,1
已有_优势,1
强化_已有,1
无意识_强化,1
中会_无意识,1
群体_中会,1
热情_处于,1
影响_远远,1
超乎寻常_热情,1
奉献_超乎寻常,1
东西_奉献,1
依然_东西,1
概念_依然,1
一种_概念,1
词汇_一种,1
变成_词汇,1
篝火_变成,1
原始_篝火,1
繁杂_原始,1
花样_繁杂,1
变得_花样,1
层皮_阐释,1
阐释_多少级,1
多少级_现代性,1
现代性_先进性,1
特征_影响,1
现实_个性化,1
女性_现实,1
一名_女性,1
特征_一名,1
最后_身份,1
特征_最后,1
鲜明_个性化,1
这种_鲜明,1
结婚_这种,1
和田_结婚,1
清潭_和田,1
居住_清潭,1
坎坷_居住,1
经历_坎坷,1
年少时_经历,1
赵小娟_年少时,1
名字_赵小娟,1
注意_名字,1
优先_注意,1
一定_优先,1
小娟_一定,1
分析_小娟,1
返祖现象_分析,1
无聊_返祖现象,1
终究_无聊,1
先进性_终究,1
只会_身上,1
精彩_搏斗,1
专制制度_原因,1
骗局_神婆,1
偶像崇拜_宗教,1
狂热_偶像崇拜,1
类似_狂热,1
权威_类似,1
置疑_权威,1
不可_置疑,1
眼中_不可,1
成为_眼中,1
需求_成为,1
心理_需求,1
急需_心理,1
提供_急需,1
神婆_提供,1
陷入_骗局,1
情绪_神婆,1
入套_陷入,1
勾引_入套,1
施小计_勾引,1
情绪_施小计,1
利用_情绪,1
安全感_剥夺,1
极度_安全感,1
神婆_极度,1
求助_神婆,1
爱子_求助,1
权威_痛失,1
看重_权威,1
十分_看重,1
宗教_情绪,1
装神弄鬼_雕虫小技,1
管理_肯定,1
可谓_相当,1
家庭_领导,1
无能_家庭,1
两位_无能,1
赵小娟_两位,1
略见一斑_赵小娟,1
形象_略见一斑,1
恐怖_形象,1
墙上_恐怖,1
上吊自杀_墙上,1
赵小娟_上吊自杀,1
后期_赵小娟,1
之重_后期,1
相当_之重,1
威压_可谓,1
雕虫小技_顺利,1
家庭成员_威压,1
二人_家庭成员,1
来看_田何,1
刻画_来看,1
二人_形象,1
身上_二人,1
儿媳_身上,1
无辜_儿媳,1
传导_无辜,1
服从_传导,1
两人_服从,1
田何_两人,1
顺利_田何,1
人物_十分,1
权威_人物,1
具有_权威,1
人格魅力_显然,1
通常_长久,1
统治_通常,1
专制_统治,1
高质量_专制,1
难上加难_高质量,1
更是_难上加难,1
接班人_更是,1
培养_接班人,1
常有_培养,1
世间_常有,1
奇才_世间,1
这种_奇才,1
显然_这种,1
智慧_人格魅力,1
崇尚_具有,1
学识_智慧,1
超常_学识,1
拥有_超常,1
领导力_拥有,1
变革_领导力,1
极强_变革,1
具有_极强,1
领导人_具有,1
需要_领导人,1
政权_需要,1
专制_政权,1
经营_专制,1
原因_经营,1
长久_这种,1
这种_政权,1
政权_总是,1
总是_后期,1
极度_崇尚,1
特点_极度,1
人格_特点,1
这种_人格,1
人格_这种,1
威权_人格,1
具有_威权,1
双双_具有,1
老太_双双,1
老头_老太,1
角度_老头,1
心理学_角度,1
内容_心理学,1
回到_内容,1
毁灭_回到,1
迅速_毁灭,1
国力_迅速,1
耗尽_国力,1
扩张_耗尽,1
对外_扩张,1
盲目_对外,1
矛盾_盲目,1
导致_社会,1
欠缺_导致,1
能力_欠缺,1
领导人_能力,1
后期_领导人,1
领导_管理,1
肯定_水盆,1
空条徐伦_精彩,1
互动_极度,1
那位_行为,1
也许_那位,1
互动_也许,1
感情_互动,1
真正_感情,1
享受_真正,1
未能_享受,1
生到_未能,1
行为_生到,1
常规_行为,1
合乎_常规,1
状态_合乎,1
极度_剥夺,1
情感_互动,1
迥异_智多星,1
有效_情感,1
这是_有效,1
牺牲_这是,1
做出_牺牲,1
慰藉_做出,1
慰藉_慰藉,1
给予_慰藉,1
田芳芳_给予,1
懂事_田芳芳,1
乖巧_懂事,1
生活_乖巧,1
家庭_生活,1
死后_家庭,1
行为_迥异,1
智多星_医生,1
水盆_难受,1
呕吐_身体,1
看不到_空条徐伦,1
观众_看不到,1
替身使者_观众,1
自由_替身使者,1
浴血奋战_自由,1
亚于_浴血奋战,1
壮观_亚于,1
恐怕_壮观,1
刻画_恐怕,1
精神_刻画,1
坚韧_精神,1
折磨_坚韧,1
身体_折磨,1
导致_呕吐,1
交谈_感到,1
佯装_导致,1
计划_佯装,1
撕裂_计划,1
精神_撕裂,1
田宇时_精神,1
扮演_田宇时,1
忍受着_扮演,1
默默_忍受着,1
大山_默默,1
携女_逃离,1
安心_携女,1
些许_安心,1
感到_些许,1
回报_丈夫,1
丰富_回报,1
预期_丰富,1
焦虑_情绪,1
作用_可谓,1
人物_作用,1
枢纽_人物,1
整个_枢纽,1
赵小娟_整个,1
相符合_赵小娟,1
情节_相符合,1
远走他乡_情节,1
试图_远走他乡,1
安眠药_试图,1
行为_服用,1
逃避_行为,1
情绪_逃避,1
极大_焦虑,1
投资_预期,1
出现_极大,1
人会_出现,1
术语_人会,1
心理学_术语,1
行为_心理学,1
stimuli_行为,1
aversive_stimuli,1
刺激_aversive,1
厌恶_刺激,1
这种_厌恶,1
暴露_这种,1
长期_暴露,1
难受_长期,1
可谓_承上启下,1
承上启下_承受,1
承受_两位,1
两位_老丈人,1
感情_投资,1
不幸_感情,1
孩童_不幸,1
照顾_孩童,1
操持家务_照顾,1
家中_操持家务,1
职业_家中,1
影楼_职业,1
感兴趣_影楼,1
舍弃_感兴趣,1
感情_舍弃,1
看重_感情,1
相当_看重,1
关怀_相当,1
缺失_关怀,1
顺利_缺失,1
早年_顺利,1
生活_早年,1
童稚_生活,1
女儿_童稚,1
尚小_女儿,1
年龄_尚小,1
那位_年龄,1
膝下_那位,1
启领_膝下,1
压力_启领,1
老丈人_压力,1
很棒_特别,1
流程_解密,1
封建迷信_成为,1
扼杀_一代代,1
孤独_一座,1
大山_孤独,1
成见_一座,1
大山_成见,1
火星_一座,1
些许_火星,1
灰烬_些许,1
漆黑_灰烬,1
挣扎_漆黑,1
不幸_痛苦,1
小镇_不幸,1
年轻人_闭塞,1
一代代_年轻人,1
迷信_扼杀,1
群山环绕_不出,1
老一辈_盲目,1
封建迷信_老一辈,1
表面_封建迷信,1
小镇_表面,1
圆满_闭塞,1
人心_过去,1
印证_人心,1
人心_印证,1
复杂_人心,1
更为_复杂,1
深藏_更为,1
表面_深藏,1
不高_中式,1
大山_群山环绕,1
不出_寂静,1
一款_佳作,1
绳子_苦难,1
葬礼_埋葬,1
烟火_一场,1
终将_走出,1
遍野_终将,1
多像芳芳_作业本,1
越来越_多像芳芳,1
终会_越来越,1
小镇_终会,1
灵魂_小镇,1
美好_灵魂,1
之中_美好,1
大山_之中,1
苦难_大山,1
向井里_绳子,1
寂静_小镇,1
想要_向井里,1
井底_想要,1
陈清穗_跌落,1
拯救_陈清穗,1
互相_拯救,1
遭遇_互相,1
相同_遭遇,1
赵小娟_相同,1
还魂_叶敬山,1
迷信_还魂,1
爷爷奶奶_迷信,1
悲剧_赵小娟,1
小镇_烟火,1
佳作_难度,1
毋庸置疑_一款,1
上下左右_难受,1
总有_英雄,1
普通_拿来,1
有点_普通,1
第一个_恐怖,1
tvt_第一个,1
友好_tvt,1
胆小如鼠_十分,1
一位_烟火,1
希望_一位,1
井底_希望,1
走出_井底,1
迷途_走出,1
带领_迷途,1
英雄_带领,1
人心_总有,1
初期_胆量,1
取代_迷信,1
文明_取代,1
进步_文明,1
时代_进步,1
深刻_时代,1
优秀_深刻,1
内核_优秀,1
外表_恐怖,1
纸灯_漂走,1
好像_纸灯,1
童年_好像,1
首歌_童年,1
片尾曲_首歌,1
拿来_初期,1
胆量_十分,1
烟火_毋庸置疑,1
令人_恐惧,1
标准_烟火,1
一项_标准,1
退出_一项,1
沉默_退出,1
灵魂_长亭,1
意味着_一棵树,1
本质_意味着,1
教育_本质,1
之名_人心,1
序章_之名,1
悲剧_序章,1
叙述_悲剧,1
恐惧_叙述,1
从来不_令人,1
问问_陈老师,1
内核_从来不,1
到位_中式,1
节奏_到位,1
氛围_节奏,1
不大_氛围,1
体量_不大,1
小品_体量,1
小时_小品,1
内容_艺术,1
可怕_内容,1
悲剧_可怕,1
结局_感人,1
好玩_结局,1
埋葬_过去,1
过去_纪念,1
纪念_一位,1
今天_抽空,1
赤烛_还愿,1
玩过_赤烛,1
有没有_玩过,1
好奇_有没有,1
审美_好奇,1
基本_审美,1
受众_基本,1
文艺作品_受众,1
大部分_文艺作品,1
高估_大部分,1
是我太_高估,1
发现_是我太,1
抽空_发现,1
购入_今天,1
烟火_居然,1
如潮_购入,1
社区_好评,1
当初_社区,1
一直_打墙,1
操作_一直,1
知道_操作,1
一直_知道,1
开局_一直,1
讲述_开局,1
惊喜_讲述,1
方式_惊喜,1
表现_方式,1
奇思妙想_表现,1
还愿_一部,1
居然_成功,1
一位_苦难,1
漏洞_橙光,1
实在_满意,1
过程_实在,1
昏昏欲睡_游玩,1
令人_昏昏欲睡,1
方式_更是,1
操作_方式,1
意义_操作,1
繁琐_意义,1
再配_繁琐,1
出戏_再配,1
无时无刻_出戏,1
立绘_无时无刻,1
橙光_立绘,1
大量_漏洞,1
成功_做到,1
剧本_充斥,1
迷信_剧本,1
流程_迷信,1
迷信_流程,1
一套_迷信,1
本作_一套,1
代入_本作,1
让玩家_代入,1
道理_让玩家,1
题材_道理,1
游戏性_中式,1
解密_游戏性,1
做到_恐怖,1
令人感动_奇思妙想,1
思考_令人感动,1
程度_带来,1
一片_云会,1
无可避免_结局,1
歌谣_无可避免,1
儿童_歌谣,1
送别_儿童,1
更加_广阔,1
见识_更加,1
孩子_见识,1
灵魂_孩子,1
蓝天_灵魂,1
鸟儿_蓝天,1
一只_鸟儿,1
一只_一只,1
云会_一只,1
推动_一片,1
艺术_程度,1
一片_推动,1
画面_一片,1
结局_画面,1
真正_结局,1
悲剧_真正,1
救赎_这是,1
关注_痛苦,1
苦难_关注,1
正在_人世间,1
警察_意义,1
扮演_警察,1
或许_扮演,1
灵魂_或许,1
别梦寒_结局,1
结局_悲伤,1
易逝_真情,1
真情_可贵,1
下午_人物,1
非常简单_下午,1
推动_非常简单,1
解密_推动,1
难度_解密,1
方面_解密,1
解密_方面,1
认认真真_解密,1
不爱_认认真真,1
流畅_不爱,1
推进_流畅,1
方面_推进,1
存在_方面,1
满分_存在,1
配乐_满分,1
画风_配乐,1
配图_画风,1
开场_配图,1
每章_开场,1
无愧于心_人民,1
一名_无愧于心,1
一定_成为,1
以后_一定,1
宣誓_以后,1
心里_大山,1
走出_心里,1
可贵_走出,1
一町_片尾曲,1
动画片_一町,1
一部_动画片,1
the_root,1
had_really,1
it_had,1
absurd_as,1
was_absurd,1
it_was,1
that_it,1
deep_that,1
so_deep,1
was_so,1
problem_was,1
the_problem,1
cause_of,1
root_cause,1
change_and,1
happened_there,1
to_change,1
difficult_to,1
was_difficult,1
environment_was,1
social_environment,1
the_social,1
weak_but,1
were_weak,1
event_were,1
the_event,1
after_the,1
investigation_after,1
the_investigation,1
really_happened,1
is_almost,1
袅袅_特别,1
bring_thinking,1
天空_眼睛,1
惊喜_成为,1
美丽_惊喜,1
便是_美丽,1
抬头_便是,1
遮挡_抬头,1
风景_遮挡,1
长夜漫漫_风景,1
and_indescribable,1
soul_and,1
the_soul,1
shock_the,1
thinking_shock,1
works_bring,1
almost_no,1
good_works,1
people_good,1
the_people,1
hearts_of,1
the_hearts,1
is_in,1
ghost_is,1
the_ghost,1
fireworks_and,1
the_fireworks,1
ghost_in,1
terrible_ghost,1
no_terrible,1
onlookers_of,1
the_onlookers,1
characters_the,1
序章_人心,1
轮渡_镇子,1
陈老师_轮渡,1
战士_陈老师,1
唯物主义_战士,1
赞摸_一次,1
张嘴_赞摸,1
猫猫_张嘴,1
一下_猫猫,1
头像_一下,1
点数_头像,1
需要_点数,1
一段_直接,1
太神_最后,1
对应_序章,1
the_characters,1
似乎_对应,1
稻草_似乎,1
一根_稻草,1
最后_一根,1
骆驼_最后,1
压死_骆驼,1
却成_压死,1
漩涡_却成,1
走出_悲伤,1
家人_走出,1
心地善良_芳芳,1
导火索_心地善良,1
灭门_导火索,1
镇子_教书,1
大概_哈哈哈,1
解密_不怎么,1
氛围_优秀,1
fate_of,1
the_fate,1
unfortunately_the,1
it_unfortunately,1
in_it,1
fetters_in,1
emotional_fetters,1
the_emotional,1
moved_by,1
and_moved,1
tragedy_and,1
the_tragedy,1
sad_because,1
was_sad,1
feeling_was,1
this_feeling,1
describe_this,1
to_describe,1
how_to,1
know_how,1
dont_know,1
clearance_dont,1
customs_clearance,1
after_customs,1
down_after,1
calm_down,1
fireworks_calm,1
眼睛_袅袅,1
特别_震撼,1
看过_一部,1
这种_胆小鬼,1
buff_加成,1
恐惧_buff,1
纸人_恐惧,1
自带_葬礼,1
中式_自带,1
吓人_中式,1
打开_没什么,1
晚上_打开,1
冬天_晚上,1
该死_冬天,1
放心_很棒,1
恐怖_放心,1
胆小鬼_特别,1
玩法_这种,1
表现力_比新,1
风格_玩法,1
类型_美术,1
鹏哥_偶像,1
温情_鹏哥,1
之间_温情,1
无奈_之间,1
隐藏_现实,1
外壳_隐藏,1
微恐_外壳,1
微恐_微恐,1
第一个_微恐,1
这是_第一个,1
恐惧_这是,1
加成_表现力,1
比新_作好,1
震撼_特别,1
吞没_赵小娟,1
连天_小时候,1
送别_长亭,1
一直_特别,1
发生_一直,1
是不是_发生,1
悲剧_是不是,1
灭门_悲剧,1
烦恼_田家,1
之后_烦恼,1
下去_之后,1
安眠药_下去,1
骗芳芳_安眠药,1
赵小娟_骗芳芳,1
悲伤_吞没,1
耳目一新_演出,1
整个_悲伤,1
播片_爱看,1
有点_播片,1
自由度_有点,1
优秀_自由度,1
另一端_优秀,1
屏幕_另一端,1
达到_屏幕,1
连麦_达到,1
渲染_连麦,1
情感_渲染,1
丰沛_情感,1
演出_丰沛,1
是因为_恐惧,1
不足_一部分,1
是因为_火力,1
伏笔_回收,1
恰好_想起,1
举动_恰好,1
怪异_举动,1
作出_种种,1
平凡_作出,1
曲折_平凡,1
人物_曲折,1
特别_一位,1
人物_特别,1
意料之外_一位,1
情理之中_意料之外,1
反转_情理之中,1
回收_结局,1
每一处_伏笔,1
恐惧_一部分,1
清晰_每一处,1
脉络_清晰,1
指引_黑暗,1
那颗星_指引,1
最亮_那颗星,1
银河_最亮,1
成为_银河,1
消失_心中,1
母亲_陈老师,1
小娟_伟大,1
听话_孩子,1
芳芳_听话,1
特别_感人,1
想起_一句,1
一句_扭曲,1
扭曲_诅咒,1
诅咒_背景,1
ps_封建迷信,1
感动_ps,1
十分_感动,1
依旧_十分,1
一遍_依旧,1
流程_一遍,1
看过_流程,1
连天_已经,1
爱好者_值得,1
解谜_视觉,1
别出心裁_解谜,1
方式_别出心裁,1
再现_方式,1
情景_再现,1
在线_情景,1
十分_在线,1
叙事性_十分,1
立体_叙事性,1
一本_立体,1
不高_像是,1
趣味十足_解谜,1
小游戏_趣味十足,1
穿插_小游戏,1
到位_穿插,1
十分_到位,1
营造_十分,1
背景_氛围,1
满意_无法,1
无法_违心,1
违心_所谓,1
这块_虚拟,1
生活_经历,1
农村_生活,1
几年_农村,1
长大_几年,1
农村_长大,1
从小_农村,1
归属_从小,1
气息_归属,1
文化_气息,1
独有_文化,1
壁垒_独有,1
之间_壁垒,1
现实_之间,1
打破_这块,1
找到_记忆,1
认同感_打破,1
这种_认同感,1
找到_这种,1
认同感_找到,1
文化_认同感,1
答案_文化,1
给出_答案,1
应该_给出,1
烟火_应该,1
优秀_烟火,1
能玩到_优秀,1
渴望_能玩到,1
国内_渴望,1
经历_找到,1
记忆_影子,1
丧事_文化,1
踏足_坟地,1
切入点_丧事,1
本作_切入点,1
尤其_本作,1
传闻_尤其,1
志怪_传闻,1
坊间_志怪,1
神像_坊间,1
供养_神像,1
家中_供养,1
神婆_家中,1
通灵_神婆,1
号称_通灵,1
坟地_号称,1
不敢_踏足,1
影子_墙上,1
用品_从来,1
丧事_用品,1
纸钱_丧事,1
纸人_纸钱,1
广告_纸人,1
开锁_广告,1
办证_开锁,1
小卖部_办证,1
村头_小卖部,1
标语_村头,1
斑驳_宣传,1
字迹_斑驳,1
墙上_字迹,1
会想_国内,1
时常_会想,1
说愿_发现,1
故事性_解密,1
讲述_定位,1
故事性_讲述,1
手作_烟火,1
解密_手作,1
新手_解密,1
算是_新手,1
地方_算是,1
卡住_地方,1
几乎_卡住,1
全程_几乎,1
难度_全程,1
一款_解密,1
解密_恐怖,1
父母_身边,1
最后_说愿,1
静静_父母,1
想要_静静,1
孩子_想要,1
餐腥啄腐_孩子,1
逐利_餐腥啄腐,1
贪名_逐利,1
成年人_贪名,1
还愿_成年人,1
小朋友_还愿,1
诞生_小朋友,1
环境_诞生,1
社会_环境,1
逃不出_社会,1
定位_中国,1
中国_山村,1
山村_封建,1
地方_传统观念,1
工作室_最后,1
感人_工作室,1
有刀_感人,1
增色_不少,1
本作_增色,1
叹为观止_本作,1
水墨画_叹为观止,1
体制_水墨画,1
宝宝_体制,1
中国_宝宝,1
适合_中国,1
人有_代入,1
吸引_人有,1
较强_比较,1
故事性_较强,1
反思_故事性,1
进行_反思,1
问题_进行,1
影响_社会,1
学生_影响,1
老师_学生,1
影响_老师,1
家庭_影响,1
父母_家庭,1
大如山_父母,1
父母_大如山,1
传统观念_父母,1
丧事_丧事,1
文化_忌讳,1
逃不出_深山,1
篇幅_渲染,1
小游戏_通篇,1
普通_小游戏,1
绝大部分_普通,1
解密_绝大部分,1
有点_解密,1
操作性_有点,1
自主_操作性,1
过程_自主,1
氛围_过程,1
封建_阴森,1
小镇_封建,1
一下_小镇,1
渲染_一下,1
意思_篇幅,1
下来_剧本,1
差点_意思,1
故事性_差点,1
悬疑_故事性,1
一部_悬疑,1
几个_主要,1
强烈_几个,1
冲击_强烈,1
情感_冲击,1
一下_情感,1
值得_支持,1
独立_值得,1
成为_绳人,1
绳人_成为,1
通篇_下来,1
所有人_悲剧,1
忌讳_诡异,1
一点_难受,1
按着_上下左右,1
按键_按着,1
修改_按键,1
一下_修改,1
下次_一下,1
不能_下次,1
无脑_不能,1
非常适合_这种,1
支线_非常适合,1
错过_支线,1
一条线_错过,1
简单_一条线,1
挺好玩_简单,1
暗示_一点,1
悲剧_见识,1
信件_暗示,1
没送_信件,1
结尾_没送,1
雨伞_结尾,1
碰见_雨伞,1
开局_碰见,1
已经_开局,1
陈老师_大概,1
不了_陈老师,1
接受_不了,1
可怕_接受,1
封建_可怕,1
见识_封建,1
星空_绳人,1
遇到_星空,1
井中时_遇到,1
纠纷_摸金,1
手法_推进,1
串联_优秀,1
穿针引线_串联,1
阵痛_穿针引线,1
社会_阵痛,1
心中_社会,1
岁月_心中,1
世纪之交_岁月,1
背景_世纪之交,1
元素_背景,1
元素_元素,1
矛盾_元素,1
盗墓_社会,1
医患_纠纷,1
身处_井中时,1
下岗_医患,1
国企_下岗,1
支教_国企,1
拐卖儿童_乡村,1
包涵_封建迷信,1
代入_包涵,1
自然而然_代入,1
氛围_自然而然,1
感受_中式,1
直观_感受,1
色彩_直观,1
自带_恐怖,1
诡异_自带,1
推进_感受,1
感受_迷信,1
思想_荼毒,1
荼毒_人心,1
一天_身处,1
希望_一天,1
禁锢_希望,1
群山_禁锢,1
摆脱_群山,1
最终_摆脱,1
相信_最终,1
意难平_相信,1
结局_意难平,1
相信_人物,1
结束_相信,1
声中_结束,1
送别_声中,1
火光_送别,1
释放_火光,1
确实_释放,1
隐喻_确实,1
易燃_隐喻,1
中林穗娟_易燃,1
名字_中林穗娟,1
几位_主角,1
温暖_几位,1
无私_温暖,1
人性_无私,1
恶意_人性,1
之间_恶意,1
人心_之间,1
深山_逃不出,1
不近_逃不出,1
所谓_支持,1
变成_煽情,1
路过_朋友,1
希望_路过,1
这条_评测,1
写下_这条,1
沉思_写下,1
退出_沉思,1
震撼_退出,1
沉默_震撼,1
内心世界_不可思议,1
选择_内心世界,1
想法_选择,1
案件_想法,1
煽情_案件,1
恐怖_变成,1
免费_需要,1
一面_恐怖,1
深层次_一面,1
发现_深层次,1
往后_发现,1
一直_往后,1
第五章_一直,1
密室_第五章,1
解密_密室,1
害怕_恐怖,1
内容_害怕,1
画风_内容,1
以后_心里,1
艺术_以后,1
朋友_免费,1
需要_sb,1
万恶_氛围,1
舍得_停下来,1
人心_有鬼,1
虚无缥缈_害怕,1
从来_虚无缥缈,1
害怕_从来,1
整泪目_害怕,1
恐怖_整泪目,1
好评_恐怖,1
必须_好评,1
嘎嘎_入好,1
创意_嘎嘎,1
满分_创意,1
美工_满分,1
停下来_美工,1
近点_舍得,1
sb_点数,1
从点_近点,1
玩完_心里,1
一部_玩完,1
令人感动_一部,1
母女_qaq,1
陈老师_母女,1
很大_陈老师,1
烟火_后劲,1
喜欢_烟火,1
一小_电影,1
奶茶_一小,1
动态_头像,1
点数_动态,1
知道_艺术,1
亲人_知道,1
送走_亲人,1
深入_案件,1
成就_必玩,1
本体_成就,1
扎心_本体,1
边玩_扎心,1
入手_泪目,1
抓紧_入手,1
如潮_抓紧,1
当之无愧_好评,1
之光_当之无愧,1
国游_之光,1
真相_国游,1
寻求_真相,1
案件_寻求,1
廉价_代餐,1
亲手_送走,1
当赤烛_廉价,1
想着_当赤烛,1
不要_想着,1
剧本_不要,1
好好_剧本,1
至少_好好,1
面面俱到_至少,1
做到_面面俱到,1
不能_做到,1
基本_不能,1
成本_基本,1
好评_成本,1
国产_好评,1
必玩_玩到,1
玩到_芳芳,1
陈老师_那段,1
那段_感到,1
芳芳_亲手,1
凄美_陈老师,1
烟火_凄美,1
中无风_无浪,1
烟火_中无风,1
灵魂_烟火,1
祝愿_灵魂,1
成牢_祝愿,1
逃不掉_落烬,1
离不开_逃不掉,1
敬山敬山_离不开,1
离开_敬山敬山,1
连叶敬山_没能,1
最后_连叶敬山,1
送走_最后,1
船票_送走,1
绝望_四张,1
改变_绝望,1
无力_改变,1
结局_无力,1
一种_知道,1
痛心_一种,1
深深地_痛心,1
之外_深深地,1
无力_之外,1
无助于_无力,1
感到_无助于,1
有鬼_万恶,1
营造_几次,1
不远_不近,1
刀子_抽象,1
人情_愚昧,1
面子_人情,1
压抑_面子,1
神而_压抑,1
鬼神_神而,1
恐怖_鬼神,1
诠释_中式,1
恐怖_诠释,1
烟火_小时,1
五大_入手,1
哥们_难受,1
晚上_哥们,1
抽象_晚上,1
给我发_刀子,1
重男轻女_传宗接代,1
最后_给我发,1
回味_最后,1
久久_回味,1
之后_久久,1
令人_玩完,1
剧本_令人,1
一部_剧本,1
代入_一部,1
新颖_代入,1
方式_新颖,1
剧本_解密,1
跌宕起伏_剧本,1
丰满_跌宕起伏,1
迷信_重男轻女,1
传宗接代_潦草,1
几次_打墙,1
小样_山外,1
离得_不远,1
摸不到_离得,1
看得见_摸不到,1
属于_看得见,1
根本_属于,1
我会_根本,1
平静_我会,1
心态_平静,1
一点_心态,1
高速公路_一点,1
一点_高速公路,1
世界_一点,1
山外_世界,1
想到_小样,1
潦草_折磨,1
空中_想到,1
上吊_鸟儿,1
自杀_选择,1
深山_自杀,1
逃出_深山,1
大山_想要,1
逃不出_大山,1
强权_逃不出,1
高压_强权,1
无望_高压,1
抗争_无望,1
婚姻_抗争,1
折磨_婚姻,1
真相_丰满,1
完整_真相,1
惨案_完整,1
接触_烟火,1
毕竟_黑森,1
打折_毕竟,1
刚刚_打折,1
烟火_刚刚,1
奇谭_发现,1
玩完_黑森,1
几天_玩完,1
烟火_几天,1
那会_烟火,1
毕竟_那会,1
工作室_毕竟,1
接触_工作室,1
烟火_接触,1
问题_发人深省,1
很难_田家,1
蟑螂_思考,1
主旨_月光,1
始终_主旨,1
苍生_贯穿,1
拯救_苍生,1
深渊_拯救,1
凝视_深渊,1
自由_凝视,1
星空_追求,1
意难_平呐,1
陈老师_意难,1
刺激_陈老师,1
打墙_刺激,1
奇谭_推荐,1
推荐_本座,1
本座_玩法,1
玩法_依旧,1
之前_几乎,1
第六章_之前,1
救赎_第六章,1
老师_自我,1
感动_支教,1
山区_感动,1
他心_山区,1
怀有_他心,1
来时_怀有,1
自由_来时,1
身体_自由,1
心灵_身体,1
追求_心灵,1
医生_追求,1
高材生_医生,1
诊所_高材生,1
围绕_诊所,1
中间_围绕,1
惨案_中间,1
四口_灭门,1
田家_四口,1
主线_田家,1
始末_主线,1
了解_始末,1
带入_主角,1
线索_带入,1
依旧_寻找,1
体量_带给,1
之外_体量,1
脱离_之外,1
过度_思念,1
枯井_扔下,1
挣扎_有人,1
束缚_挣扎,1
悲剧_束缚,1
人生_悲剧,1
旁观_一段,1
调查_旁观,1
一场_调查,1
参与_一场,1
期待_拾英,1
大祸_期待,1
酿成_大祸,1
思念_最终,1
没错_过度,1
有人_孩子,1
儿子_没错,1
夫妇_思念,1
在我看来_田家,1
旷野_在我看来,1
轨道_旷野,1
应该_轨道,1
人生_应该,1
害死_人生,1
总体_下来,1
小时_总体,1
内心_三个,1
支离破碎_内心,1
那颗_支离破碎,1
绳子_有人,1
付出_有人,1
赵小娟_救赎,1
身临其境_一场,1
优质_电影,1
一部_优质,1
不亚于_一部,1
感触_不亚于,1
神作_感触,1
没死_没死,1
陈老师_没死,1
最后_成就,1
解锁_最后,1
名单_解锁,1
制作_名单,1
ps_制作,1
电影_ps,1
像是_身临其境,1
执着_真相,1
美好_人性,1
世界_美好,1
人性_世界,1
糟糕_人性,1
世界_糟糕,1
出手_世界,1
仗义_出手,1
悲惨_仗义,1
身世_悲惨,1
有人_身世,1
公道_有人,1
世间_公道,1
真相_世间,1
救赎_那颗,1
救赎_赵小娟,1
剧本_沉浸,1
多久_找到,1
第二个_差不多,1
第三种_第二个,1
伸冤_第三种,1
老师_伸冤,1
第二种_老师,1
老师_第二种,1
意思_找到,1
字面_意思,1
第一种_字面,1
含义_第一种,1
几层_含义,1
认为_几层,1
老师_认为,1
男主_多久,1
只不过_广义,1
最后_男主,1
发现_最后,1
男主确_发现,1
发现_男主确,1
其他人_发现,1
拆封_其他人,1
已经_拆封,1
警察局_已经,1
送来_警察局,1
信封_送来,1
名头_信封,1
追逐_名头,1
亲口说_追逐,1
差不多_只不过,1
广义_许许多多,1
叶敬山_救赎,1
漫漫_猝然,1
心疼_叶敬山,1
最后_心疼,1
前进_寻找,1
主任_前进,1
过后_主任,1
土地_过后,1
无知_土地,1
这片_无知,1
黑灰压_这片,1
沉重_黑灰压,1
过后_沉重,1
璀璨_过后,1
猝然_璀璨,1
升空_漫漫,1
许许多多_同样,1
烟火_升空,1
短促_烟火,1
角色_短促,1
真相_每个,1
追回_真相,1
不怀好意_追回,1
社长_不怀好意,1
报社_社长,1
明说_报社,1
蒙冤_明说,1
人民_蒙冤,1
老师_人民,1
同样_老师,1
电影_意义,1
意义_惊吓,1
惊吓_全是,1
桥段_但用,1
适应_感到,1
逐渐_适应,1
会人_逐渐,1
多次_会人,1
重复_多次,1
惊悚_重复,1
呈现_惊悚,1
方式_呈现,1
同一_方式,1
略凉_同一,1
脊背_略凉,1
风格_脊背,1
但用_独特,1
突出_恐怖,1
麻木_讲述,1
特别_突出,1
词曲_特别,1
忧伤_词曲,1
唱出_忧伤,1
嗓音_唱出,1
最天_嗓音,1
孩子_最天,1
送别_孩子,1
暗藏_悲伤,1
实则_暗藏,1
温馨_实则,1
看似_温馨,1
讲述_看似,1
感到_麻木,1
讲述_一条,1
全是_干货,1
窒息_压迫,1
不再_出现,1
永远_不再,1
陈老师_永远,1
前进_绳子,1
星空_前进,1
解读_井底,1
相信_解读,1
结局_相信,1
无不_暗示,1
结尾_无不,1
部分_开头,1
暗线_部分,1
压迫_暗线,1
面临_窒息,1
一条_赵小娟,1
生活_面临,1
表现_赵小娟,1
角度_表现,1
多个_角度,1
部分_多个,1
主线_部分,1
组成_主线,1
暗线_组成,1
盗墓_暗线,1
陈青穗_盗墓,1
一条_陈青穗,1
主线_一条,1
灭门案_主线,1
演出_讲述,1
画面_演出,1
浪漫_画面,1
让玩家_产生,1
向往_总是,1
心酸_自由,1
莫名_心酸,1
那一刻_莫名,1
连天_歌声,1
后劲_长亭,1
难以忘怀_后劲,1
久久_难以忘怀,1
过后_久久,1
之情_过后,1
惋惜_之情,1
感慨_惋惜,1
产生_感慨,1
深刻_让玩家,1
极富_浪漫,1
形象_深刻,1
介绍_角色,1
展开_介绍,1
主要_展开,1
解谜_主要,1
发凉_解谜,1
时不时_脊背,1
灵活运用_时不时,1
恐怖_灵活运用,1
诠释_艺术,1
一秒_诠释,1
一帧_一秒,1
干货_一帧,1
总是_感慨万千,1
感慨万千_希望,1
现实_人能,1
人能_远离,1
别出心裁_极富,1
体量_别出心裁,1
不到_体量,1
优秀_四个,1
出生_东西,1
我操_出生,1
公婆_我操,1
sb_公婆,1
伏笔_沉浸,1
精彩_伏笔,1
山间_小镇,1
偏远_山间,1
本土_偏远,1
迷信_中国,1
走出_那座,1
没能_走出,1
自始至终_没能,1
有人_自始至终,1
星星_有人,1
变成_有人,1
知道_有多痛,1
玩过_知道,1
涌上来_玩过,1
眼泪_涌上来,1
一出_眼泪,1
这种_不幸,1
远离_这种,1
灵车_亲口说,1
中说_追逐,1
意识_中说,1
老人_封建,1
无法_破碎,1
依然_无法,1
撕裂_依然,1
世界_撕裂,1
儿媳_世界,1
身边_儿媳,1
儿子_回到,1
儿子_儿子,1
引魂_儿子,1
下毒_引魂,1
儿子_下毒,1
方子_儿子,1
封建_方子,1
更是_两位,1
修补_令人,1
身死_更是,1
报应_身死,1
似乎_报应,1
儿子_似乎,1
恶行_儿子,1
出售_恶行,1
转手_出售,1
盗墓_转手,1
老爷子_盗墓,1
田家_老爷子,1
之分_田家,1
善恶_之分,1
明确_善恶,1
破碎_修补,1
令人_想不到,1
色彩_线条,1
两人_身上,1
穿插_画面,1
优秀_穿插,1
悲伤_优秀,1
说不出_悲伤,1
烟火_说不出,1
化为_一场,1
一片_广阔,1
飞往_一片,1
土地_飞往,1
离开_这片,1
马上_离开,1
星空_马上,1
身上_星空,1
帮助_两人,1
想不到_最后,1
老师_帮助,1
好意_老师,1
医生_好意,1
家人_医生,1
可怜_家人,1
牵扯_可怜,1
最后_牵扯,1
老人_最后,1
关键_两位,1
灭门_关键,1
无心_成为,1
女儿_无心,1
最后_女儿,1
解谜_明确,1
一部_解谜,1
观看_一部,1
处处_看出,1
一部_中式,1
追逐战_一部,1
跳脸_追逐战,1
营造_跳脸,1
思考_感动,1
依然_思考,1
如今_依然,1
一次_如今,1
已经_一次,1
三年_已经,1
精心设计_三年,1
用心_精心设计,1
作者_用心,1
真正_处处,1
值得_观看,1
一部_真正,1
应该_思想,1
归结到_应该,1
发生_归结到,1
不行_发生,1
压抑_不行,1
心里_压抑,1
电影_心里,1
悲剧_电影,1
独有_气息,1
年代_独有,1
童年_年代,1
回味_童年,1
恐怖_框架,1
框架_传递,1
传递_温情,1
温情_优秀作品,1
大大_加分,1
这点_大大,1
恐怖_这点,1
渲染_恐怖,1
主要_氛围,1
跳脸_主要,1
基本_跳脸,1
存档_基本,1
舒服_存档,1
比较_舒服,1
流畅_比较,1
比较_流畅,1
过程_比较,1
应付_游玩,1
总是_应付,1
九宫格_总是,1
难度_九宫格,1
好看_流程,1
立绘_好看,1
尤其_人物,1
喜欢_尤其,1
风格_喜欢,1
解谜_美术,1
轻度_恐怖,1
不错_轻度,1
感兴趣_尝试,1
优秀作品_推荐,1
画面_色彩,1
线条_一绝,1
男主_意识,1
风俗_小镇,1
不错_精彩,1
评价_不错,1
综合_评价,1
愚昧_综合,1
封建思想_愚昧,1
反馈_封建思想,1
进一步_反馈,1
社会风气_进一步,1
流露_社会风气,1
此基础_流露,1
悲剧_此基础,1
封建迷信_导致,1
小镇_封建迷信,1
落后_风俗,1
后面_猜出来,1
内容_落后,1
大体_内容,1
喂给_大体,1
基本上_喂给,1
影响_基本上,1
之内_影响,1
风俗_之内,1
很少_风俗,1
古文_很少,1
引用_古文,1
看不懂_引用,1
通俗易懂_看不懂,1
首当其冲_通俗易懂,1
精彩_后面,1
猜出来_冲击力,1
一绝_美术,1
之间_约定,1
转变_男主,1
真正_转变,1
男主_真正,1
追求_男主,1
名利_追求,1
之前_名利,1
对应_之前,1
警察_对应,1
伸冤_警察,1
答应_替死,1
主角_答应,1
体现_主角,1
约定_体现,1
倾向_之间,1
冲击力_恐怖,1
事情_倾向,1
合照_事情,1
主角_合照,1
老师_主角,1
有剧_老师,1
ps_以下,1
入手_ps,1
程度_值得,1
大部分_接受,1
乏味_大部分,1
减少_乏味,1
适当_减少,1
元素_适当,1
无聊_首当其冲,1
出现_无聊,1
话语_出现,1
自然_中国,1
慢慢来_细心,1
不高_慢慢来,1
风俗_心理,1
氛围_风俗,1
跳脸_氛围,1
旗号_跳脸,1
恐怖_旗号,1
不高_打着,1
整体_难度,1
地方_整体,1
落后_地方,1
封建_落后,1
本土_封建,1
影子_自然,1
互动_话语,1
风俗_影子,1
中国_风俗,1
画风_中国,1
左右_总体,1
差不多_小时,1
体量_差不多,1
结束_推荐,1
背景音乐_结束,1
震撼_背景音乐,1
奈何桥_震撼,1
烟火_奈何桥,1
特别_最后,1
效果_特别,1
细心_发掘,1
发掘_基本上,1
基本上_发掘,1
发掘_引导,1
题外_互动,1
场景_题外,1
没什么_操作,1
风格_没什么,1
讲故事_风格,1
偏向_讲故事,1
复杂_偏向,1
操作_复杂,1
操作_操作,1
明显_操作,1
提示_明显,1
调查_提示,1
地方_调查,1
条件_地方,1
触发_条件,1
先前_触发,1
漏掉_先前,1
地方_漏掉,1
基本_地方,1
迷路_基本,1
乱跑_迷路,1
弄完_乱跑,1
东西_弄完,1
地方_东西,1
一步步_地方,1
基本上_一步步,1
引导_基本上,1
出现_一刻,1
一刻_回来,1
回来_不幸,1
不信_鬼神,1
之前_请假,1
结合_之前,1
帮助_结合,1
一直_帮助,1
实际上_一直,1
调查过程_实际上,1
暗中_调查过程,1
之后_暗中,1
遇难_之后,1
过程_遇难,1
梦境_探案,1
内林_梦境,1
鬼神_内林,1
现实_不信,1
画面_艺术,1
看法_现实,1
两种_看法,1
难平_tat,1
太意_难平,1
陈老师_太意,1
吸引_陈老师,1
艺术_赏心悦目,1
简直_一种,1
震撼_简直,1
配乐_震撼,1
本作_配乐,1
感动_本作,1
送别_感动,1
请假_画面,1
艺术_加工,1
第一种_现实,1
林和叶_说话,1
比较_倾向,1
个人_比较,1
梦境_个人,1
真正_梦境,1
梦境_真正,1
鬼神_梦境,1
船票_鬼神,1
活着_最后,1
知道_活着,1
不能_知道,1
保护_不能,1
实际上_保护,1
说话_实际上,1
最后_林和叶,1
加工_包括,1
办案_最后,1
协助_办案,1
段时间_协助,1
实际上_段时间,1
打电话_实际上,1
其他人_打电话,1
一直_其他人,1
公共电话_一直,1
陈用_公共电话,1
同伙_陈用,1
叶有_同伙,1
最后_叶有,1
包括_最后,1
高放_送别,1
质量_高放,1
静下心_感动,1
游玩_一般般,1
总能_让玩家,1
沉静_总能,1
慢慢_沉静,1
心灵_慢慢,1
游玩_心灵,1
结束_游玩,1
为之动容_结束,1
小时_为之动容,1
短短_小时,1
个人_这种,1
跟着_个人,1
主要_跟着,1
一般般_主要,1
程度_游玩,1
瑕不掩瑜_静下心,1
带入_恐怖,1
更加_带入,1
不错_结合,1
鸡皮疙瘩_不错,1
一层_鸡皮疙瘩,1
推进_一层,1
一点一点_推进,1
不错_推荐,1
终于_不错,1
看主播_现在,1
以前_看主播,1
制作者_后续,1
购入_制作者,1
让玩家_发掘,1
发掘_真贵,1
真贵_东西,1
东西_回归,1
路线_瑕不掩瑜,1
一条_路线,1
固定_一条,1
只能_固定,1
探索_只能,1
自由_探索,1
不能_自由,1
基本上_不能,1
欠缺_基本上,1
稍显_欠缺,1
游戏性_稍显,1
不算_游戏性,1
简单_流程,1
引人入胜_解谜,1
走向_前路,1
阳光_走向,1
迎着_阳光,1
越来越_迎着,1
社会_越来越,1
温暖_社会,1
真情_温暖,1
献出_真情,1
有人_献出,1
世间_有人,1
不经_世间,1
现实_不经,1
回归_现实,1
倾向_第一种,1
现实_相信,1
一招_鲜吃遍,1
案件_调查过程,1
案件_终于,1
揭晓_案件,1
回忆_揭晓,1
一段_回忆,1
诡异_最后,1
越来越_诡异,1
案件_越来越,1
过去_案件,1
受害者_过去,1
解锁_受害者,1
不断_解锁,1
对话_不断,1
中林理洵_对话,1
惨案_案件,1
水落石出_这是,1
不久前_灭门,1
调查_不久前,1
火灾_新人,1
悬疑_一场,1
小镇_恐怖,1
本土_小镇,1
扎根_中国,1
呜意_难平,1
呜呜_呜意,1
好玩_陈老师,1
大众_一生,1
许许多多_大众,1
更是_许许多多,1
终于_水落石出,1
这是_彻头彻尾,1
相信_警官,1
有人_逃出,1
紧密_结合,1
进行_紧密,1
恐怖_进行,1
发凉_这种,1
心里_发凉,1
描写_心里,1
文字_描写,1
变化_文字,1
光影_变化,1
氛围_光影,1
几分钟_营造,1
重山_几分钟,1
逃出_重山,1
终于_有人,1
悲剧_似乎,1
或许_终于,1
指引方向_或许,1
应该_绽放,1
灵魂_应该,1
醒悟_刚刚,1
结尾_醒悟,1
案件_结尾,1
荣誉_调查,1
追寻_父亲,1
林理洵_追寻,1
命运_林理洵,1
逃出_命运,1
似乎_逃出,1
一生_更是,1
埋葬_一生,1
堆叠_灰烬,1
知道_情况,1
田向荣_名字,1
公公_田向荣,1
盗窃罪_公公,1
巧思_盗窃罪,1
别具_巧思,1
姓名_别具,1
人物_姓名,1
背景_人物,1
无论是_背景,1
游玩_无论是,1
第一次_游玩,1
拥有_第一次,1
情况_拥有,1
互联网_知道,1
或许_堆叠,1
温馨_已经,1
潸然泪下_温馨,1
有着_潸然泪下,1
外表_有着,1
悬疑_外表,1
无话可说_tm,1
还魂_田宇,1
死人_还魂,1
相信_死人,1
是不是_相信,1
梦境_知道,1
说话_梦境,1
警官_说话,1
名字_给予,1
给予_家庭,1
家庭_美满,1
美满_期盼,1
谐音_或许,1
反抗_谐音,1
欺骗_反抗,1
留恋_欺骗,1
为数不多_留恋,1
山村_为数不多,1
养育_山村,1
敬山_养育,1
名字_敬山,1
角色_名字,1
一位_角色,1
魅力_一位,1
可堪本_魅力,1
医生_可堪本,1
忍俊不禁_叶敬山,1
令人_忍俊不禁,1
呼应_令人,1
暗示_呼应,1
星河_暗示,1
落入_星河,1
最后_落入,1
清水_最后,1
谐音_清水,1
老师_谐音,1
陈清穗_老师,1
事与愿违_陈清穗,1
期盼_事与愿违,1
鲜吃遍_购入,1
金句_一招,1
不幸_前作,1
上身_赵小娟,1
倒霉_骗子,1
老人_倒霉,1
只不过_田家,1
债子偿_只不过,1
连父_债子偿,1
存在_连父,1
报应_存在,1
鬼魂_报应,1
合着_鬼魂,1
要气_合着,1
真是_要气,1
结论_真是,1
赵小娟_结论,1
得出_上身,1
真正_神棍,1
受刑_得出,1
代父_受刑,1
田宇_代父,1
地狱_田宇,1
十五层_地狱,1
金手指_十五层,1
幻境_金手指,1
穿梭_幻境,1
全是_穿梭,1
推理_全是,1
期间_推理,1
查案_期间,1
同志_查案,1
骗子_真正,1
神棍_游戏性,1
真是_一种,1
从头_错过,1
毫无_好感,1
玩法_毫无,1
剧本_玩法,1
这种_剧本,1
二周目_这种,1
重开_二周目,1
需要_重开,1
难度_需要,1
全通_毫无,1
要素_全通,1
收集_要素,1
成就_收集,1
错过_成就,1
好处_从头,1
游戏性_不用,1
唯一_好处,1
点点_唯一,1
交互_点点,1
从头到尾_交互,1
小说_从头到尾,1
单一_视觉,1
充其量_单一,1
本作_充其量,1
rpg_本作,1
算是_rpg,1
黑森_算是,1
提了_前作,1
不用_提了,1
这位_警察,1
魔法_这位,1
打败_魔法,1
不幸_感到,1
出现_蜡烛,1
全程_出现,1
不幸_主角,1
陋习_不幸,1
未来_陋习,1
老师_美好,1
陈女士_老师,1
医生_陈女士,1
那位_医生,1
惋惜_那位,1
可怜_惋惜,1
悲哀_可怜,1
感到_悲哀,1
遭遇_不幸,1
魔法_打败,1
封建迷信_遭遇,1
震撼_封建迷信,1
走向_震撼,1
结尾_走向,1
令人_失望,1
无疑_令人,1
表现_无疑,1
方面_表现,1
节奏_方面,1
三伏_节奏,1
相比_三伏,1
烟火_相比,1
奇谭_烟火,1
蜡烛_照亮,1
照亮_其他人,1
其他人_像是,1
烟火_直至,1
通灵_魔法,1
全靠_通灵,1
破案_全靠,1
迷信_破案,1
现在_科学,1
清楚_现在,1
理理_清楚,1
立场_理理,1
设定_立场,1
基本_设定,1
前先_基本,1
剧本_前先,1
作者_剧本,1
麻烦_作者,1
恐怖_极佳,1
适当_中式,1
掌控_适当,1
节奏_掌控,1
舒适_节奏,1
好玩_舒适,1
特别_好玩,1
一丝_光明,1
带来_一丝,1
黑暗_带来,1
处于_黑暗,1
燃尽_处于,1
直至_燃尽,1
好感_真是,1
一种_折磨,1
输出_金句,1
一点_搭调,1
进步_本作,1
前作_进步,1
相比_前作,1
要说_相比,1
恐怖片_要说,1
完全_恐怖片,1
煽情_完全,1
后半_煽情,1
发凉_后半,1
细想_后背,1
直白_细想,1
相当_直白,1
搭调_相当,1
民俗_一点,1
大多数_对话,1
中式_民俗,1
立绘_中式,1
老板_立绘,1
咖啡店_老板,1
发现_咖啡店,1
翻黑森_发现,1
后来_翻黑森,1
眼熟_后来,1
立绘_眼熟,1
陈老师_立绘,1
rpg_陈老师,1
路线_rpg,1
可爱_路线,1
本作_大多数,1
对话_围绕,1
折磨_解谜,1
比起_正常,1
作者_输出,1
几句_作者,1
本作_几句,1
xx_本作,1
鲜花_xx,1
xx_鲜花,1
白骨_xx,1
黑森_白骨,1
写金句_黑森,1
擅长_写金句,1
大纲_擅长,1
对话_大纲,1
正常_对话,1
作者_比起,1
围绕_主要,1
做作_作者,1
透着_做作,1
闲聊_透着,1
几句_闲聊,1
屈指可数_几句,1
即便如此_屈指可数,1
对话_即便如此,1
显得_对话,1
大大降低_显得,1
比例_大大降低,1
闲聊_比例,1
情节_闲聊,1
主要_情节,1
素材_可爱,1
背景_素材,1
日本_背景,1
看上去_前作,1
名副其实_恐怖,1
比较_名副其实,1
相对_比较,1
退步_相对,1
还会_退步,1
作者_还会,1
发愁_作者,1
追逐战_发愁,1
地图_追逐战,1
设计_地图,1
立场_设计,1
省事_立场,1
前作_省事,1
不用_看上去,1
这种_日本,1
地图_不用,1
之后_地图,1
横板_之后,1
做成_横板,1
旁边_做成,1
答案_旁边,1
正确_答案,1
难度_正确,1
锈湖_毫无,1
类似_锈湖,1
几个_类似,1
设置_几个,1
解谜_设置,1
氛围_氛围,1
氛围_造成,1
造成_恐怖,1
恐怖_效果,1
黑森_这种,1
放在_黑森,1
画风_放在,1
可爱_画风,1
日式_可爱,1
差不多_日式,1
人物_差不多,1
大多_人物,1
抽离_大多,1
气氛_抽离,1
立绘_气氛,1
氛围_人物,1
素材_恐怖,1
要说_素材,1
有点_要说,1
确实_有点,1
配合起来_确实,1
几个_配合起来,1
scare_几个,1
来个_jump,1
时不时_来个,1
音效_时不时,1
一惊_音效,1
打光_一惊,1
阴间_打光,1
无非_阴间,1
效果_无非,1
沉浸_回味,1
感谢_一部,1
结尾_意料之外,1
迫害_中段,1
极目_苍凉,1
登高望远_极目,1
林理洵_登高望远,1
别梦寒_林理洵,1
陈老师_今宵,1
伏笔_希望,1
埋好_伏笔,1
刀子_埋好,1
末尾_刀子,1
音符_末尾,1
送别_音符,1
线索_送别,1
中段_线索,1
蛋糕_迫害,1
正切_秋水伊人,1
触动_蛋糕,1
现实_触动,1
可惜_社会,1
大山_可惜,1
留在_大山,1
陈老师_留在,1
当中_陈老师,1
灰烬_当中,1
走进_灰烬,1
愿意_走进,1
阻挡_愿意,1
残留_阻挡,1
灰烬_残留,1
苍凉_正切,1
秋水伊人_之想,1
几座_山烧,1
上乘_佳作,1
完成度_第七章,1
主要_完成度,1
小菜_程度,1
点缀_小菜,1
基本_点缀,1
解谜_基本,1
拉满_解谜,1
艺术性_拉满,1
场景_艺术性,1
落下_场景,1
一同_落下,1
鱼肉_一同,1
佳作_鱼肉,1
恐游_上乘,1
流程_像是,1
中式_恐游,1
成本_中式,1
希望_喜欢,1
带给_希望,1
向上_带给,1
该是_向上,1
实际上_该是,1
内核_实际上,1
究其_内核,1
志怪_究其,1
恐怖_志怪,1
有意思_电影,1
一场_有意思,1
山烧_灰烬,1
叶敬山_几座,1
救赎_感谢,1
演出_和芳芳,1
春蚕到死丝方尽_蜡炬成灰泪始干,1
伤心_啊啊啊,1
啊啊啊_伤心,1
哭哭_啊啊啊,1
哭哭_哭哭,1
难受_哭哭,1
女主_难受,1
优秀_单机,1
安排_优秀,1
揭幕_安排,1
真相_揭幕,1
一家_惨案,1
和芳芳_一家,1
妈妈_那段,1
推完_后面,1
喜欢_小蝌蚪,1
一部_喜欢,1
丰满_值得,1
悬念_丰满,1
最后_悬念,1
优秀_最后,1
残党_放心,1
党手_残党,1
古早_党手,1
玩法_古早,1
冒险游戏_不错,1
恐怖_文字,1
建议_当成,1
慢吞吞_推完,1
后面_绷住,1
结尾_叶敬山,1
最后_没能,1
大山_结尾,1
绕不开_大山,1
农村_绕不开,1
成为_农村,1
似乎_成为,1
封建_似乎,1
基调_封建,1
整体_基调,1
已经_整体,1
封建迷信_已经,1
科学_破除,1
开头_相信,1
没能_来得及,1
孩子_最后,1
绷住_眼泪,1
递给_孩子,1
绳子_递给,1
大山_绳子,1
孩子_大山,1
教育_孩子,1
本来_教育,1
陈老师_本来,1
没好_陈老师,1
好人_没好,1
oo_好人,1
地流_oo,1
止不住_地流,1
眼泪_止不住,1
第七章_余烬,1
成牢_心中,1
心中_大概,1
沉浸_不错,1
主要_利用,1
暗沉_主要,1
更为_暗沉,1
血淋淋_更为,1
赤裸_血淋淋,1
那种_赤裸,1
西方_那种,1
比较_西方,1
确实_比较,1
元素_确实,1
还好_中式,1
个人感觉_还好,1
程度_个人感觉,1
小时_沉浸,1
环境_异常,1
接近_小时,1
题材_接近,1
精美_国产,1
制作_精美,1
特别_推荐,1
遗憾_特别,1
湿润_遗憾,1
有点_湿润,1
眼睛_有点,1
合照_眼睛,1
理询_合照,1
陈医生_理询,1
结尾_陈医生,1
利用_环境,1
异常_反差,1
大概_世上,1
国人_深刻,1
难以_忘记,1
面容_难以,1
鲜活_面容,1
温馨_鲜活,1
感动_温馨,1
悲伤_感动,1
些许_悲伤,1
带给_些许,1
玩完_带给,1
题材_玩完,1
悲哀_恐怖,1
背景_悲哀,1
年代_背景,1
背景_国人,1
反差_营造,1
社会_背景,1
契合_社会,1
不错_契合,1
用心_不错,1
体会_制作组,1
很少_体会,1
scare_很少,1
想象力_jump,1
新颖_想象力,1
设计_新颖,1
不错_关卡,1
单论_氛围,1
氛围_单论,1
钢琴曲_结尾,1
送别_钢琴曲,1
孩子_花灯,1
麻药_那种,1
灰烬_筑成,1
回过头来_灰烬,1
一步_回过头来,1
踏出_一步,1
所困_踏出,1
受其_所困,1
希望_受其,1
一念之间_希望,1
破碎_一念之间,1
实体_破碎,1
牢笼_实体,1
角度_牢笼,1
那种_角度,1
疗毒_麻药,1
心里_孩子,1
刮骨_疗毒,1
灵魂_刮骨,1
像是_灵魂,1
牢笼_像是,1
打破_牢笼,1
难解难分_打破,1
融为一体_难解难分,1
血肉_融为一体,1
自我_血肉,1
根植_自我,1
虚无缥缈_根植,1
坚不可摧_虚无缥缈,1
世上_坚不可摧,1
筑成_枷锁,1
枷锁_永别,1
永别_牢笼,1
刚出_up,1
星辰_心里,1
闪亮_星辰,1
一颗颗_闪亮,1
明明_一颗颗,1
芳芳_明明,1
包括_芳芳,1
医生_包括,1
天赋_陈老师,1
家庭_天赋,1
迷信_家庭,1
拐卖_迷信,1
深刻_拐卖,1
僵硬_立意,1
反转_僵硬,1
真相_结尾,1
得到_真相,1
迷雾_得到,1
惊吓_一步步,1
恰到好处_惊吓,1
逐步推进_恰到好处,1
过程_逐步推进,1
叙事_过程,1
很棒_叙事,1
买来_很棒,1
忘记_买来,1
时隔_忘记,1
实况_时隔,1
原价_建议,1
入手_原价,1
留下_一部,1
女儿_未来,1
走向_广阔,1
无法_走向,1
终于_无法,1
天赋_终于,1
艺术_天赋,1
开窍_艺术,1
尚未_开窍,1
懵懂_尚未,1
年幼_懵懂,1
飞翔_年幼,1
鸟笼_飞翔,1
挣脱_鸟笼,1
未来_挣脱,1
欺骗_争取,1
原价_票价,1
无力_欺骗,1
一去不返_无力,1
道路_一去不返,1
偏执_道路,1
思念_偏执,1
无尽_思念,1
儿子_无尽,1
秉持_儿子,1
乱神_秉持,1
笃信_鬼力,1
沉沦_笃信,1
妄想_沉沦,1
转运_妄想,1
世界_原价,1
票价_打折,1
慢慢_解答,1
qwq_欢迎,1
结尾_第二部,1
亨利_结尾,1
脑补欧_亨利,1
自行_脑补欧,1
悬念_自行,1
留下_悬念,1
解开_留下,1
疑团_解开,1
丰富_疑团,1
简单_丰富,1
好玩_解密,1
微恐_好玩,1
欢迎_扩列,1
可爱_qwq,1
打折_更香,1
老师_可爱,1
奇谭_陈青穗,1
黑森汀_奇谭,1
治愈_黑森汀,1
大佬_温馨,1
蟑螂_大佬,1
玩玩_作者,1
建议_玩玩,1
无集卡_建议,1
成就_无集卡,1
简中及_成就,1
官方_简中及,1
更香_官方,1
行当_转运,1
见不得人_行当,1
半辈子_见不得人,1
含有_微量,1
成就_流程,1
成就_成就,1
拿到_成就,1
即可_拿到,1
大概_即可,1
简单_大概,1
极其_简单,1
操作_极其,1
难度_操作,1
要素_解谜,1
血腥_要素,1
惊吓_血腥,1
微量_惊吓,1
满满_含有,1
糊口_半辈子,1
氛围_满满,1
灵异_氛围,1
微恐_灵异,1
解谜_微恐,1
rpg_解谜,1
国产_rpg,1
一部_国产,1
天伦之乐_一部,1
重叙_天伦之乐,1
永结同心_重叙,1
夫妻_永结同心,1
妻怀_夫妻,1
游魂_妻怀,1
流程_必得,1
必得_讲述,1
讲述_令人,1
令人_感慨,1
挣钱_糊口,1
一心_挣钱,1
迸发_一心,1
优秀_迸发,1
算是_希望,1
仍然_算是,1
圈内_仍然,1
恐怖_圈内,1
狱中_恐怖,1
毁灭_狱中,1
走向_毁灭,1
阴差阳错_走向,1
悲剧_阴差阳错,1
创造_悲剧,1
悲剧_创造,1
一出_悲剧,1
家庭_一出,1
成见_家庭,1
封建_成见,1
恪守_封建,1
淳朴_恪守,1
小镇_淳朴,1
不高_偏远,1
水平_不高,1
悲剧_文化,1
中式_悲剧,1
感慨_中式,1
第二部_慢慢,1
解答_娓娓道来,1
度高_留下,1
画风_微恐,1
有点_后劲,1
电影_有点,1
温馨_电影,1
类型_温馨,1
递进_第一次,1
主要_层层,1
极低_主要,1
难度_极低,1
环节_难度,1
极简_操作,1
血腥_极简,1
轻微_血腥,1
微恐_轻微,1
正午_游玩,1
碎片_时间,1
建议_正午,1
恐怖_佳作,1
不太_恐怖,1
整体_不太,1
场景_整体,1
胃口_一款,1
叙述_胃口,1
不错_叙述,1
过度_不错,1
之间_过度,1
解密_之间,1
一瞬间_解密,1
过来_一瞬间,1
后劲_碎片,1
时间_利用,1
娓娓道来_中国,1
内容_简单,1
完整_度高,1
巨多_完整,1
伏笔_巨多,1
埋下_伏笔,1
前期_埋下,1
整部_前期,1
联系_整部,1
案件_联系,1
三个_案件,1
本作_三个,1
玩点_本作,1
主要_玩点,1
简单_主要,1
解密_内容,1
利用_完整,1
不算_解密,1
游戏性_不算,1
扣人心弦_游戏性,1
时间_扣人心弦,1
价格_小时,1
一集_价格,1
最高_一集,1
性价比_最高,1
到手_惊喜,1
成就_到手,1
下来_成就,1
一套_下来,1
完整_一套,1
警车_过来,1
惊吓_警车,1
感到_惊吓,1
坚定_道德,1
惊悚_可玩性,1
好玩_满分,1
为之动容_好玩,1
事迹_为之动容,1
美好_事迹,1
发生_美好,1
身边_发生,1
情况_身边,1
大部分_情况,1
总是_大部分,1
黄眉_总是,1
不值一提_黄眉,1
道德_不值一提,1
所谓_坚定,1
唯一_感到,1
大部分_所谓,1
面前_大部分,1
利益_面前,1
毕竟_利益,1
工具_毕竟,1
敛财_工具,1
别有用心_敛财,1
心理_别有用心,1
这种_心理,1
敬畏_这种,1
不知_敬畏,1
神鬼_不知,1
来源于_神鬼,1
可玩性_黑森,1
黑森_略逊一筹,1
略逊一筹_美术,1
当初_画风,1
到位_唯一,1
音效_到位,1
场景_音效,1
式微_场景,1
不错_超赞,1
不错_不错,1
视角_画风,1
旁观者_视角,1
祸害_旁观者,1
思想_祸害,1
根本_传统,1
追究_根本,1
误会_追究,1
简单_误会,1
案子_简单,1
主线_案子,1
阿巴_主线,1
通灵_阿巴,1
主人公_通灵,1
类似_主人公,1
可怕_类似,1
真实_可怕,1
恐怖_虚幻,1
一点_中国式,1
治愈_一点,1
有点_治愈,1
画风_有点,1
忘记_庆幸,1
庆幸_提前,1
提前_看过,1
眼睛_看不清,1
出乎_预料,1
完全_出乎,1
准备_完全,1
想法_准备,1
本来_想法,1
了解_本来,1
听说_了解,1
打开_听说,1
透顶_打开,1
没趣_透顶,1
向剧_没趣,1
无剧_向剧,1
看不清_屏幕,1
lj_眼睛,1
叙事_风格,1
辜负_长亭,1
善良_辜负,1
围城_善良,1
离开_围城,1
能够_离开,1
能够_彻底,1
人贩子_能够,1
连根拔起_人贩子,1
能够_连根拔起,1
封建迷信_能够,1
有朝一日_封建迷信,1
希望_有朝一日,1
春风化雨_希望,1
预料_叙事,1
风格_画面,1
烟火_像是,1
灵魂_当做,1
相比_爱憎分明,1
流程_相比,1
投入_完全,1
个体_投入,1
心虚_个体,1
极容易_心虚,1
成分_极容易,1
一惊_成分,1
程度_一惊,1
拨弄_一下,1
轻轻_拨弄,1
琴弦_轻轻,1
当做_琴弦,1
仿佛_灵魂,1
画面_完整,1
那一刻_仿佛,1
难忘_响起,1
严重_难忘,1
不算_严重,1
反应_不算,1
戒断_反应,1
一款_戒断,1
玩同_一款,1
电脑前_玩同,1
坚持_电脑前,1
好久_坚持,1
已经_好久,1
完整_已经,1
燃尽_春风化雨,1
秋水_烟火,1
地方_飞鸟,1
一次次_交互,1
窥探_光芒,1
碰撞_窥探,1
文字_碰撞,1
音乐_文字,1
纸船_音乐,1
小蝌蚪_纸船,1
星星_小蝌蚪,1
互动_星星,1
演出_互动,1
该作_演出,1
喜欢_该作,1
呈现_喜欢,1
交互_呈现,1
主角_一次次,1
埋葬_刚刚,1
近乎_主角,1
部分_近乎,1
电影_推理,1
不如说是_一部,1
这是_不如说是,1
最后_一曲,1
陈老师_同志,1
林理洵_陈老师,1
陈青穗_林理洵,1
大山_陈青穗,1
全是_叶敬山,1
me_recommend,1
make_me,1
光芒_童真,1
童真_碰到,1
碰到_嘶吼,1
嘶吼_不能,1
绳子_曾经,1
老子_作业本,1
陈青穗_老子,1
尼玛_陈青穗,1
叹惋_尼玛,1
一点_叹惋,1
玩完_一点,1
悲剧_恐怖,1
纯粹_悲剧,1
表层_出现,1
悲剧_表层,1
拨开_悲剧,1
反感_拨开,1
封建迷信_反感,1
进一步_封建迷信,1
不安_进一步,1
内心深处_不安,1
碰到_内心深处,1
这篇_碰到,1
生离死别_这篇,1
情爱_生离死别,1
悲剧_情爱,1
不少_悲剧,1
玩过_不少,1
绝望_玩过,1
平息_绝望,1
不能_平息,1
爱憎分明_烟火,1
一部_写实,1
十分_贴切,1
屏幕_发呆,1
狼璃子_评价,1
用户_狼璃子,1
大山_黑盒,1
每个_走出,1
同样_每个,1
句号_同样,1
得到_句号,1
每个_得到,1
结束_每个,1
彻底_结束,1
宣布_彻底,1
一直_宣布,1
发呆_一直,1
我会_屏幕,1
最佳_恐怖,1
剧本_我会,1
蒙太奇_剧本,1
解密_蒙太奇,1
易懂_解密,1
简单_易懂,1
这段话_简单,1
心得_这段话,1
记录_心得,1
单纯_记录,1
设定_单纯,1
无聊_设定,1
剧本_无聊,1
冗长_剧本,1
怀念_最佳,1
内核_永远,1
写实_白话,1
精心_雕刻,1
之间_救赎,1
小人物_之间,1
封建迷信_小人物,1
光辉_丑恶,1
展现_人性,1
之谜_展现,1
未解_之谜,1
凶杀案_未解,1
揭开_凶杀案,1
一步_揭开,1
进一步_一步,1
层层_进一步,1
雕刻_层层,1
细节_精心,1
永远_悲剧,1
我愿_绳子,1
井底_我愿,1
有人_井底,1
内核_有人,1
悲伤_内核,1
温柔_悲伤,1
外核_温柔,1
恐怖_外核,1
封建迷信_恐怖,1
中式_封建迷信,1
结尾_中式,1
一定_悲伤,1
悲剧_一定,1
灌输_冗长,1
情感_灌输,1
长篇大论_情感,1
画面_结合,1
处刑_曲响,1
论破_处刑,1
弹丸_论破,1
不亚于_弹丸,1
之喜_不亚于,1
配合_意外,1
那段_配合,1
过桥_回忆,1
尤其_过桥,1
水到渠成_尤其,1
脑海中_水到渠成,1
像是_脑海中,1
结合_像是,1
发生_音乐,1
天空_长篇大论,1
角落_发生,1
中国_角落,1
仍然_中国,1
共鸣_仍然,1
轻易_共鸣,1
不敢_轻易,1
天空_不敢,1
锁链_天空,1
起来_锁链,1
禁锢_起来,1
锁链_禁锢,1
小说_锁链,1
白话_小说,1
曲响_反转,1
反转_脚本,1
脚本_整个,1
整个_枯燥,1
倒卖_尸体,1
关系_文物,1
医闹_关系,1
暴力_医闹,1
校园_暴力,1
拐卖_校园,1
属于_下来,1
借着_属于,1
会念_借着,1
一段话_会念,1
配音_一段话,1
小时_配音,1
一顿_小时,1
不了_一顿,1
钟头_不了,1
四个_钟头,1
和旭子_四个,1
电脑前_和旭子,1
坐在_电脑前,1
屏边_坐在,1
边共_屏边,1
体量_边共,1
价格_体量,1
外卖_价格,1
一顿_外卖,1
勉强_一顿,1
枯燥_勉强,1
game_make,1
成就_十分,1
看过_攻略,1
想以_看过,1
幻境_勇气,1
逃生_幻境,1
畅快_逃生,1
真相_畅快,1
揭露_真相,1
最后_揭露,1
耻辱_最后,1
起笔_耻辱,1
感动_起笔,1
准备_感动,1
细胞_准备,1
蓦然回首_细胞,1
看过_蓦然回首,1
本来_想以,1
救赎_同样,1
完结_本来,1
看过_完结,1
最近_看过,1
想起_最近,1
思索_想起,1
回忆_思索,1
美好_回忆,1
宝贵_美好,1
大部分_宝贵,1
确实_大部分,1
这部_确实,1
只能_烟火,1
知道_只能,1
勇气_救赎,1
同样_完结,1
体质_恐怖,1
恐怖_无疑,1
符合中国_宝宝,1
带来_符合中国,1
想象力_演出,1
富有_想象力,1
极佳_富有,1
结合_极佳,1
惊悚_结合,1
乡土_惊悚,1
民俗文化_乡土,1
完美_民俗文化,1
已然_完美,1
眼里_已然,1
优秀_眼里,1
游玩_国产,1
感言_最后,1
独一无二_游玩,1
难忘_独一无二,1
此生_难忘,1
大概_此生,1
烟火_大概,1
意识_烟火,1
响起_意识,1
长亭_响起,1
稚嫩_长亭,1
放下_稚嫩,1
纸船_放下,1
学生_纸船,1
最后_学生,1
下笔_知道,1
怀念_下笔,1
勉强_怀念,1
鱼肉_一种,1
画风_恐怖,1
名字_冰凉,1
内核_名字,1
哀伤_内核,1
诗读_哀伤,1
一首_诗读,1
写成_一首,1
人心_写成,1
直击_人心,1
方式_直击,1
质朴_方式,1
合理_质朴,1
一种_合理,1
乌鸦_鱼肉,1
长评_勉强,1
星星_乌鸦,1
惊艳_星星,1
表现_惊艳,1
串联_表现,1
意象_串联,1
感动_继续,1
良久_感动,1
玩完_良久,1
珍贵_玩完,1
游玩_珍贵,1
初次_游玩,1
实况_初次,1
攻略_实况,1
感动_感动,1
感动_配乐,1
配乐_最后,1
最后_线索,1
写个_长评,1
微剧_写个,1
感言_微剧,1
选曲_品位,1
优秀_选曲,1
简直_优秀,1
配乐_简直,1
救赎_配乐,1
明白_救赎,1
跌宕起伏_最后,1
为主_跌宕起伏,1
解密_为主,1
搜证_解密,1
一款_搜证,1
感触_一款,1
升华_充满,1
进一步_升华,1
留下_进一步,1
决心_留下,1
陈老师_决心,1
心痛_结局,1
震撼_心痛,1
那一刻_震撼,1
真相_那一刻,1
构成_真相,1
连在一起_构成,1
线索_连在一起,1
宝宝_体质,1
恐怖_这种,1
序章_成就,1
大头照_抖出来,1
先生_感谢,1
不好意思_先生,1
眼泪_不好意思,1
别骗_眼泪,1
下次_别骗,1
老师_下次,1
点亮_蟑螂,1
音符_点亮,1
星星_音符,1
点作_星星,1
纸船_点作,1
孩子_纸船,1
抖出来_孩子,1
似幻_大头照,1
thanks_for,1
张如梦_似幻,1
最后_张如梦,1
出井_最后,1
绳子_出井,1
主角_绳子,1
大概_主角,1
孩子_大概,1
没想到_孩子,1
绳子_没想到,1
星空_扔下,1
抬头_星空,1
时能_抬头,1
井里_时能,1
感谢_thanks,1
一部_引导,1
带来_文化,1
令人_共情,1
人心_序章,1
人心_人心,1
直触_人心,1
惋惜_直触,1
推荐_游玩,1
子弹_推荐,1
一颗_子弹,1
勇敢_一颗,1
目睹_勇敢,1
比较清楚_目睹,1
交代_比较清楚,1
真相_交代,1
共情_结局,1
有意思_令人,1
引导_充满,1
设计_有意思,1
解密_设计,1
清晰_部分,1
比较_清晰,1
引导_比较,1
呼应_引导,1
吓人_呼应,1
恰到好处_吓人,1
地方_恰到好处,1
恐怖_地方,1
值得_细品,1
反转_值得,1
充满_反转,1
陈当_井里,1
深渊_陈当,1
呻吟_深渊,1
只能_只言片语,1
症结_来源于,1
那句_症结,1
医生_那句,1
记得_医生,1
要说_记得,1
心之壁_要说,1
设下_心之壁,1
scare_设下,1
避免_jump,1
击穿_避免,1
瞬间_击穿,1
似乎_瞬间,1
只言片语_似乎,1
剧透_只能,1
苦痛_呻吟,1
避免_剧透,1
光辉_避免,1
人心_光辉,1
沁入_人心,1
温暖_沁入,1
灯火_温暖,1
一缕缕_灯火,1
显出_一缕缕,1
温情_显出,1
悲剧_温情,1
特有_悲剧,1
叙事_特有,1
文化_叙事,1
来源于_这片,1
土地_离开,1
离开_最后,1
最后_方法,1
拉回来_苦痛,1
加身_拉回来,1
荣誉_加身,1
享受_荣誉,1
安然_享受,1
准备_安然,1
尘埃落定_准备,1
陈青穗_尘埃落定,1
陈老师_陈青穗,1
绕不开_陈老师,1
老叶_绕不开,1
大学生_老叶,1
医科_大学生,1
不愧_医科,1
只能_不愧,1
本质_只能,1
问题_本质,1
乡土_问题,1
剖开_乡土,1
手术刀_剖开,1
辩解_手术刀,1
矫情_辩解,1
多余_矫情,1
总结_多余,1
始终_总结,1
大概_贯穿,1
方法_大概,1
结合_结尾,1
情理之中_埋入,1
突然_脱离,1
尊重_即可,1
陈老师_不要,1
脑子里_陈老师,1
陈老师_脑子里,1
导致_每次,1
去世_导致,1
已经_去世,1
告示牌_已经,1
陈老师_告示牌,1
深刻_陈老师,1
谈一谈_印象,1
就医_谈一谈,1
及时_就医,1
即可_及时,1
从我做起_尊重,1
最后_明说,1
迷信_从我做起,1
拒绝_迷信,1
强调_拒绝,1
安排_强调,1
冥冥之中_安排,1
说不定_冥冥之中,1
好几遍_说不定,1
送别_好几遍,1
谈完_送别,1
考试_谈完,1
钢琴_考试,1
烟火_钢琴,1
抽到_烟火,1
不要_最后,1
明说_是否,1
五部_一部,1
星空_上方,1
一直_那口,1
开阔_一直,1
一点点_开阔,1
星空_一点点,1
看着_星空,1
攀去_看着,1
攀去_向上,1
知名_向上,1
绳子_知名,1
孩童_一根,1
害怕_孩童,1
抚慰_害怕,1
上方_抚慰,1
井底_璀璨,1
是否_去世,1
黑暗_井底,1
贯彻_身处,1
一直_贯彻,1
勇气_一直,1
正义_勇气,1
报社记者_正义,1
学校_报社记者,1
潜入_学校,1
盗窃案_潜入,1
调查_文物,1
后来_调查,1
老师_后来,1
去世_乡村,1
一部_抽到,1
当时_五部,1
反转_感人,1
选项_简直,1
饱满_每个,1
很棒_人物形象,1
解密_很棒,1
大于_解密,1
叙事_大于,1
简单_叙事,1
部分_简单,1
泪目_解密,1
温馨_泪目,1
吓人_温馨,1
画面_代入,1
水彩画_画面,1
简直_多余,1
互动_选项,1
属于_苦难,1
这种_互动,1
没路_这种,1
前面_没路,1
表达_前面,1
着重点_表达,1
悲剧_着重点,1
温馨_悲剧,1
意难平_温馨,1
知情人_意难平,1
抹杀_知情人,1
拐卖儿童_抹杀,1
媳妇_拐卖儿童,1
外地_媳妇,1
人物_属于,1
展现_属于,1
很巧_当时,1
流畅地_整个,1
快乐_很巧,1
成功_快乐,1
验证_成功,1
思考_验证,1
动脑_思考,1
一下_动脑,1
发展_一下,1
之前_后续,1
答案_之前,1
告诉_答案,1
文案_告诉,1
基本上_文案,1
整个_基本上,1
高能_流畅地,1
属于_灵魂,1
门槛_高能,1
解密_门槛,1
引导_解密,1
放心_引导,1
跳脸_放心,1
画面_跳脸,1
有时候_音效,1
吸引住_有时候,1
深深_吸引住,1
展开_深深,1
之后_展开,1
一直_中式,1
灵魂_尸体,1
那口_枯井,1
枯井_整片,1
整片_星海,1
天生_帮受,1
很少_打动,1
几乎_很少,1
力量_几乎,1
感到_力量,1
确确实实_感到,1
讲出_确确实实,1
无法_讲出,1
同志_继续,1
冤屈_小林,1
洗清_冤屈,1
真相_洗清,1
冤枉_寻找,1
帮受_冤枉,1
体质_天生,1
烟火_绝对,1
叔叔_体质,1
帽子_叔叔,1
可靠_帽子,1
同志_可靠,1
之下_小林,1
光辉_之下,1
荣耀_光辉,1
父亲_荣耀,1
同志_一直,1
恭喜_小林,1
最后_恭喜,1
清白_最后,1
清楚_清白,1
打动_烟火,1
绝对_算是,1
星海_映入眼帘,1
之中_感受,1
一句_逝者,1
结尾_一句,1
一口气_结尾,1
知名_不必,1
ww_知名,1
特别_ww,1
结合_特别,1
音乐_结合,1
结尾_音乐,1
温情_悲伤,1
淡淡的_温情,1
后面_淡淡的,1
感受_力量,1
了解_之中,1
算是_人物,1
终于_了解,1
无可挑剔_现在,1
几乎_无可挑剔,1
配乐_几乎,1
无论是_配乐,1
想想_无论是,1
地步_想想,1
解谜_地步,1
丰富_解谜,1
描写_丰富,1
刻画_描写,1
细节_刻画,1
人物_细节,1
玩过_清楚,1
罪责_玩过,1
心疼_罪责,1
参与_支教,1
放弃_行业,1
原因_放弃,1
养父母_原因,1
能力_养父母,1
拐卖_能力,1
悲剧_从小,1
充满_悲剧,1
好像_充满,1
一生_好像,1
医生_一生,1
尊敬_医生,1
值得_尊敬,1
老师_值得,1
一位_参与,1
无家可归_心疼,1
大山_一位,1
帮助_走出,1
尽其所能_帮助,1
孩子_尽其所能,1
呵护_孩子,1
关怀_呵护,1
笑脸_关怀,1
一面_笑脸,1
东南西北_一面,1
信念_东南西北,1
怀着_信念,1
绳子_怀着,1
映入眼帘_想要,1
行业_无理取闹,1
无理取闹_患者,1
患者_打断,1
肋骨_希望,1
已经_无家可归,1
结尾_已经,1
轮廓_结尾,1
锦旗_轮廓,1
大山_锦旗,1
这像_灰烬,1
离开_这像,1
女子_离开,1
被困_女子,1
帮助_被困,1
冷眼相待_希望,1
小娟_冷眼相待,1
医闹_小娟,1
公公_医闹,1
小娟_公公,1
病患_小娟,1
一位_病患,1
认真_一位,1
善良_认真,1
坚韧_善良,1
悲剧_坚韧,1
想象_悲剧,1
酿成_无法,1
离开_酿成,1
母女俩_离开,1
芳芳_母女俩,1
帮助_芳芳,1
重男轻女_外地,1
封建_重男轻女,1
旧时代_封建,1
进一步_阐释,1
元素_偏弱,1
解密_元素,1
可圈可点_恐怖,1
氛围_可圈可点,1
很大_问题,1
出现_很大,1
降落_出现,1
结尾_降落,1
点到为止_结尾,1
求多_点到为止,1
恰到好处_求多,1
制作_恰到好处,1
阐释_制作,1
值得_进一步,1
好评_封建,1
肯定_值得,1
内容_肯定,1
文本_内容,1
成功_文本,1
遭遇_成功,1
医生_遭遇,1
崇高_医生,1
陈老师_崇高,1
升华_陈老师,1
人格_升华,1
主角_人格,1
成功_主角,1
立意_成功,1
偏弱_好评,1
封建_人性,1
对应_主题,1
那前_四个,1
不平_事正,1
世间_不平,1
烧尽_世间,1
烈火_烧尽,1
残躯_烈火,1
伟大_残躯,1
角色_伟大,1
角色_意难平,1
潸然泪下_角色,1
已然_潸然泪下,1
响起_已然,1
音符_响起,1
四个_音符,1
荷灯_那前,1
恐怖_可怕,1
点亮_荷灯,1
体量_值得,1
价格便宜_体量,1
当之无愧_价格便宜,1
佳作_当之无愧,1
真致郁_国产,1
有够_真致郁,1
真是_有够,1
天空_真是,1
悲剧_尸体,1
有点_必然,1
真相_有点,1
可怕_真相,1
塑造_立意,1
成功_人物,1
情节_成功,1
巨大_震撼,1
角色_小娟,1
两个_角色,1
里面_两个,1
引导_喜欢,1
流程_引导,1
窒息_营造,1
那种_窒息,1
害死_那种,1
万种_封建迷信,1
可惜_万种,1
一句_可惜,1
只余_一句,1
震撼_只余,1
情理之中_巨大,1
俗套_情节,1
真相_意料之外,1
思考_真相,1
眼泪_思考,1
愤怒_眼泪,1
感触_愤怒,1
值得_感触,1
当做_一部,1
可叹_当做,1
每个_可叹,1
神中神_人物,1
演出_神中神,1
冲击力_演出,1
相辅相成_冲击力,1
小娟_带芳芳,1
带芳芳_离开,1
清潭_做出,1
努力_动容,1
只为_广阔,1
机会_只为,1
出去_机会,1
井里_孩子,1
只为_井里,1
生活_只为,1
优渥_生活,1
城市_优渥,1
热闹_城市,1
环境_热闹,1
熟悉_环境,1
舍弃_熟悉,1
需要_舍弃,1
意味着_需要,1
多难_意味着,1
决定_多难,1
做出_决定,1
知道_做出,1
县城_知道,1
留在_县城,1
感动_留在,1
绳子_感动,1
那句_成为,1
陈老师_那句,1
唏嘘_陈老师,1
结局_唏嘘,1
动容_结局,1
事正_对应,1
主题_烟火,1
恐怖_旧时代,1
记住_绽放,1
大众_苦难,1
芸芸_大众,1
双眼_芸芸,1
解救_双眼,1
帮助_解救,1
荣誉_选择,1
追赶_父亲,1
灵车_追赶,1
追随_父亲,1
不再_追随,1
选择_不再,1
警官_选择,1
烟火_警官,1
是否_记住,1
方面_挖掘出,1
一生_是否,1
每个_一生,1
陈老师_每个,1
几十年_记得,1
葬礼_几十年,1
地说_葬礼,1
感叹_地说,1
有所_感叹,1
警官_有所,1
短暂_警官,1
呼应_名字,1
升空_呼应,1
烟花_升空,1
苦难_方面,1
挖掘出_感想,1
优秀_耐人寻味,1
拥抱_一整片,1
送别_泪目,1
天空_最后,1
太棒了_尸体,1
艺术_想象力,1
极大_艺术,1
富有_极大,1
转场_富有,1
流畅_转场,1
过程_流畅,1
解密_过程,1
星空_整个,1
无垠_浩瀚,1
一整片_无垠,1
所愿_拥抱,1
感想_不再,1
得偿_所愿,1
终将_得偿,1
烟火_终将,1
遇到_烟火,1
大山_遇到,1
身上_大山,1
压在_身上,1
走出_压在,1
总能_走出,1
孩子_总能,1
灵性_孩子,1
愿有_灵性,1
赘述_愿有,1
名曲_烟花,1
激荡_名曲,1
心情_激荡,1
幸福_愿望,1
线路_警官,1
医生_线路,1
从叶_医生,1
来看_从叶,1
孩子_线路,1
无论是_陈老师,1
感动_无论是,1
深深地_感动,1
之后_深深地,1
玩过_之后,1
而成_悲剧,1
交织_而成,1
愿望_交织,1
想要_变得,1
引起_心情,1
所有人_想要,1
入手_佳作,1
总体_值得,1
不足之处_总体,1
交互_不足之处,1
解谜_交互,1
补票_解谜,1
人来_补票,1
完散_人来,1
粉笔_声音,1
转笔刀_粉笔,1
回味无穷_转笔刀,1
耐人寻味_回味无穷,1
警官_线路,1
来看_收获,1
收获_潜藏,1
潜藏_人生,1
不愧_引起,1
响起_不愧,1
一曲_响起,1
仰望_浩瀚,1
曾经_仰望,1
来到_曾经,1
双手_来到,1
留下来_双手,1
决定_留下来,1
现状_决定,1
蒙昧_现状,1
孩童_蒙昧,1
大山_孩童,1
人间_大山,1
心灵_人间,1
震撼_心灵,1
十分_震撼,1
星空_十分,1
那片_璀璨,1
接近_那片,1
越来越_接近,1
洞口_越来越,1
内向_洞口,1
带来_内向,1
陈老师_带来,1
感悟_陈老师,1
人生_感悟,1
葬礼_芳芳妈,1
芳芳妈_陈老师,1
陈老师_一张,1
后来_孩子,1
成就_百分百,1
烟火_成就,1
达成_烟火,1
今天_达成,1
指引方向_今天,1
星河_最后,1
一整片_星河,1
回馈_一整片,1
河里_回馈,1
放入_河里,1
花灯_放入,1
五颜六色_花灯,1
孩子_五颜六色,1
孩子_后来,1
收集_喜食,1
送给_孩子,1
方式_送给,1
折纸_方式,1
星空_折纸,1
地方_井底,1
星星_地方,1
对不起_喜欢,1
可疑_对不起,1
温柔_可疑,1
医生_温柔,1
坚强_医生,1
赵小娟_坚强,1
善良_赵小娟,1
百分百_收集,1
罪孽_拆骨,1
日渐_疯狂,1
还好_恐怖,1
爱人_死后,1
面对_爱人,1
就此_放弃,1
选择_就此,1
身陷囹圄_选择,1
第二_母爱,1
所有人_第二,1
第一_孩子,1
触动_第一,1
含义_谈谈,1
一部_含义,1
不如说_这是,1
恐怖_不如说,1
触动_大概,1
拆骨_吸髓,1
十分_触动,1
一遍_十分,1
玩完_真正,1
有空_一口气,1
正好_有空,1
这款_今天,1
购买_这款,1
史低_购买,1
推荐_史低,1
评价_推荐,1
朋友_评价,1
天空_朋友,1
痛苦_尸体,1
芳芳_善良,1
无奈_芳芳,1
精彩_悲伤,1
人物_设计,1
很足_转场,1
创意_很足,1
不错_创意,1
游戏性_不错,1
进行_游戏性,1
心态_进行,1
调整_心态,1
很痛_调整,1
刀子_很痛,1
雷点_刀子,1
明显_雷点,1
优秀_明显,1
设计_优秀,1
紧凑_人物,1
晕菜_精彩,1
情节_紧凑,1
三伏_情节,1
后作_三伏,1
相较_后作,1
票价_相较,1
完全_票价,1
神作_完全,1
送别_一响,1
太棒了_最后,1
水墨_太棒了,1
中间_水墨,1
不错_中间,1
到底_每个,1
转场_奇特,1
奇特_优秀,1
优秀_隐喻,1
隐喻_深刻,1
经常_晕菜,1
眼里_经常,1
同事_眼里,1
恐惧感_同事,1
减少_恐惧感,1
警察_减少,1
不愧_警察,1
气质_不愧,1
一身正气_气质,1
主角_一身正气,1
认为_主角,1
友好_个人,1
星人_友好,1
胆小_星人,1
追逐_胆小,1
解密_追逐,1
向次_解密,1
恐怖_向次,1
听说_这部,1
害怕_听说,1
恐怖_害怕,1
从来_没玩过,1
利用_充分,1
线索_利用,1
主要_线索,1
悬念_主要,1
深刻_悬念,1
死后_日渐,1
疯狂_公家,1
知道_事情,1
善良_烂漫,1
很大_惊喜,1
带给_很大,1
解谜_带给,1
第一个_解谜,1
steam_第一个,1
憧憬_值得,1
世界_憧憬,1
之外_广阔,1
封建_之外,1
岁月_封建,1
无忧无虑_岁月,1
童心_无忧无虑,1
烂漫_童心,1
追求_天真,1
过多_每个,1
美好生活_追求,1
面对_美好生活,1
光辉_面对,1
表达_人性,1
真正_表达,1
表面_真正,1
特别_感动,1
结局_特别,1
小时_不错,1
五个_小时,1
第二部_五个,1
悬念_第二部,1
故意_悬念,1
惊喜_要素,1
每个_设定,1
公家_依旧,1
淡淡地_结束,1
难度_突然,1
掌握_难度,1
很棒_节奏,1
更好_喜欢,1
应该_更好,1
效果_应该,1
展现_效果,1
电影_方式,1
断断续续_电影,1
感人_悲剧,1
无比_感人,1
背后_无比,1
jumpscare_恐怖,1
不深_淡淡地,1
设定_一两个,1
感触_不深,1
沉浸_玩完,1
过于_沉浸,1
吐槽_过于,1
过多_吐槽,1
集锦_要素,1
问题_集锦,1
下来_问题,1
最后_下来,1
tag_最后,1
热点_tag,1
社会_热点,1
一两个_社会,1
知道_故意,1
谜团_知道,1
身上_谜团,1
纯粹_像是,1
互相帮助_第四,1
赵小娟_分给,1
船票_赵小娟,1
逃出去_两个,1
像是_逃出去,1
似乎_像是,1
逃出去_似乎,1
影子_逃出去,1
是从_赵小娟,1
医生_是从,1
程度_医生,1
照镜子_程度,1
像是_照镜子,1
无语_他俩,1
主角_身上,1
时挺_无语,1
关系_时挺,1
私通_关系,1
医生_私通,1
处理_部分,1
相望_互相帮助,1
一瞬间_相望,1
利益_一瞬间,1
第三_医生,1
感情_第三,1
为母_喜欢,1
未来_为母,1
丈夫_孩子,1
第四_陈老师,1
陈老师_有所,1
难能可贵_男主说,1
男主说_同志,1
代入_主角,1
表达方式_代入,1
恰到好处_表达方式,1
拿捏_恰到好处,1
节奏_拿捏,1
铺垫_吓人,1
背后_铺垫,1
环节_背后,1
恐怖_环节,1
很深_感悟,1
带来_很深,1
一下_带来,1
游玩_一下,1
尝试_游玩,1
人去_尝试,1
每个_人去,1
值得_每个,1
高度_值得,1
升华_推上,1
整个_升华,1
更是_整个,1
结局_终章,1
珍贵_相信,1
男主为_人而活,1
东西_男主为,1
男主_不再,1
拯救_男主,1
真相_到底,1
想要_知道,1
一张_船票,1
解密_越到,1
国产_导致,1
受限于_国产,1
算是_受限于,1
章才_算是,1
六七_章才,1
加上_六七,1
讲完_加上,1
只能_讲完,1
六七_只能,1
烟火_六七,1
精彩_烟火,1
后面_精彩,1
越到_后面,1
体量_解密,1
地方_因人而异,1
这种_多一点,1
更是_过瘾,1
反转_更是,1
部分_反转,1
特别_部分,1
快速_特别,1
紧凑_快速,1
整体_紧凑,1
用户_评价,1
生活_黑盒,1
巧合_源于,1
过于_巧合,1
有点_过于,1
导致_没什么,1
因人而异_一股,1
领悟_最后,1
地狱_受折磨,1
警官_最后,1
身心_警官,1
困住_身心,1
医生_困住,1
小叶_医生,1
太赞_小叶,1
重叠_太赞,1
相互交织_重叠,1
鱼肉_相互交织,1
生恶_鱼肉,1
咽下_生恶,1
儿媳_咽下,1
受折磨_儿媳,1
儿子_地狱,1
一股_中式,1
尤其_儿子,1
父母_尤其,1
丧心病狂_父母,1
自私自利_丧心病狂,1
为母_自私自利,1
儿媳_为母,1
束缚_大山,1
那座_束缚,1
飞出_那座,1
每个_飞出,1
味道_最后,1
怪核_味道,1
中式_怪核,1
实际_有点,1
物有所值_实际,1
不错_物有所值,1
表现_以此,1
这种_灵异,1
镇定_这种,1
哥们_镇定,1
一句_哥们,1
陈老师_一句,1
综上_陈老师,1
过程_综上,1
合理化_探案,1
以此_合理化,1
作者_以此,1
经历_作者,1
误导_最后,1
以此_误导,1
怪异_表现,1
不算_好玩,1
表现_种种,1
主角_表现,1
主角_特殊,1
一种_陈老师,1
有没有_一种,1
背包_有没有,1
留给_背包,1
陈老师_留给,1
应该_陈老师,1
大头贴_应该,1
下面_大头贴,1
辞职信_下面,1
船票_辞职信,1
灵异_墙跟,1
墙跟_没事人,1
没事人_路过,1
路过_路过,1
房间_流程,1
同一_房间,1
环节_同一,1
大多数_解密,1
简单_大多数,1
惊艳_解密,1
确实_惊艳,1
课本_确实,1
转场_课本,1
小蝌蚪_转场,1
水彩画_小蝌蚪,1
不错_水彩画,1
美术_不错,1
文本_美术,1
演出_文本,1
天空_演出,1
明日_归途,1
露凝香_明日,1
江夏_露凝香,1
升春_江夏,1
别梦寒_升春,1
这是_习惯,1
感叹号_这是,1
冒个_感叹号,1
头顶_冒个,1
至多_头顶,1
路过_至多,1
最后_领悟,1
辞职信_大头贴,1
迫不及待_想要,1
想象_小蝌蚪,1
真没想到_能够,1
华容道_真没想到,1
内容_华容道,1
可有可无_内容,1
属于_可有可无,1
拼图_属于,1
数字_拼图,1
密码_数字,1
场景_密码,1
应该_场景,1
要说_解谜,1
演奏_星星,1
小蝌蚪_演奏,1
田芳芳_想象,1
不看_攻略,1
传送_田芳芳,1
时空_传送,1
ttf_时空,1
类似_ttf,1
相机_类似,1
惊艳_玩具,1
着实_惊艳,1
画面_着实,1
几幕_画面,1
耐打_几幕,1
实在_耐打,1
单调_实在,1
获取_单调,1
能够_不看,1
攻略_拼出来,1
大头贴_呜呜,1
突脸_中式,1
玩越_迫不及待,1
往后面_玩越,1
吓死人_往后面,1
柜子_吓死人,1
后面_柜子,1
浴室_头发,1
前面_浴室,1
多次_前面,1
纸人_多次,1
场景_纸人,1
里面_场景,1
dna_里面,1
恐怖_dna,1
营造_突脸,1
拼出来_哈哈哈哈,1
无敌_代入,1
只能_无敌,1
配乐_只能,1
天空_今宵,1
未来_绳子,1
苦难_希望,1
深渊_经历,1
关心_深渊,1
名利_关心,1
荣誉_名利,1
追逐_荣誉,1
希望_追逐,1
哈哈哈哈_最后,1
信息_获取,1
控制_信息,1
人物_控制,1
夹杂着_淡淡,1
基本上_二维,1
玩法_基本上,1
恐怖_玩法,1
小游戏_恐怖,1
类型_小游戏,1
国产_一壶,1
高质量_国产,1
这款_高质量,1
如今_这款,1
遗憾_如今,1
氛围_遗憾,1
温暖_氛围,1
淡淡_温暖,1
哀伤_夹杂着,1
分岔_人物,1
结尾_哀伤,1
烘托_结尾,1
完美_烘托,1
歌曲_完美,1
好听_歌曲,1
十分_好听,1
一首_十分,1
真是_一首,1
一玩_送别,1
喜欢_值得,1
恐怖_喜欢,1
叙事_中式,1
优质_叙事,1
二维_场景,1
场景_一路,1
一路_移动,1
移动_放大镜,1
命题_分岔,1
探讨_命题,1
升华_探讨,1
逐渐_升华,1
以小见大_逐渐,1
压抑感_以小见大,1
窒息_压抑感,1
农村_窒息,1
前旧_农村,1
二十年_前旧,1
展现出_二十年,1
完美_展现出,1
案件_完美,1
仅仅_案件,1
贴合_仅仅,1
紧密_贴合,1
实际_紧密,1
支教_实际,1
拐卖_支教,1
探案_迷信,1
题材_探案,1
信息_题材,1
相关_信息,1
案件_相关,1
获得_案件,1
点开_获得,1
放大镜_点开,1
不高_相辅相成,1
情节_结尾,1
埋入_细节,1
实际上_相对,1
蛋糕_订单,1
证据_蛋糕,1
解释_证据,1
最后_解释,1
没圆上_最后,1
最后_没圆上,1
暗线_最后,1
高开低走_暗线,1
也许_高开低走,1
呈现_也许,1
完美_呈现,1
简单_完美,1
相对_简单,1
风格_讲述,1
瑕不掩瑜_中式,1
小游戏_风格,1
品级_小游戏,1
银河_品级,1
坠入_银河,1
写照_陈老师,1
死者_写照,1
吸引_值得,1
这款_比较,1
实况_这款,1
回家_up,1
找到_回家,1
一盏盏_找到,1
陈老师_一盏盏,1
订单_瑕不掩瑜,1
中式_叙事,1
首歌_响起,1
简单_每次,1
不高_jump,1
小时_解密,1
大概_三四个,1
响起_流程,1
永远_响起,1
送别_永远,1
希望_送别,1
优秀_雷姆,1
相当_优秀,1
遍野_相当,1
in_china,1
game_in,1
每次_感触,1
互动_简单,1
叙事_美学,1
太好了_互动,1
常新_实在,1
常看_常新,1
底下_无新事,1
太阳_底下,1
荒唐_太阳,1
闭塞_荒唐,1
充满_闭塞,1
土地_充满,1
时至今日_这片,1
优秀_尝试,1
一次_优秀,1
美学_一次,1
响起_相信,1
触及_星空,1
紧扣_情节,1
游玩_传统,1
过瘾_过瘾,1
诡异_过瘾,1
惊悚_诡异,1
内容_惊悚,1
动画_内容,1
全程_动画,1
线下_了解,1
推荐_线下,1
疑惑_推荐,1
方面_疑惑,1
习俗_方面,1
文言文_习俗,1
传统_文言文,1
网友_游玩,1
适中_悲伤,1
外国_网友,1
游玩_外国,1
国人_游玩,1
推荐_国人,1
叙事_推荐,1
手法_叙事,1
经典_手法,1
国人_经典,1
地方_国人,1
细思极_地方,1
太多_细思极,1
元素_不算,1
缓慢_整体,1
过瘾_解密,1
悲伤_巧合,1
地想_孩子,1
风格_之中,1
引路人_真切,1
地想_引路人,1
陈老师_真切,1
生活_陈老师,1
相处_生活,1
孩子_相处,1
亲历_孩子,1
伪装_亲历,1
支教_伪装,1
人生_支教,1
平凡_人生,1
呈现_平凡,1
之中_呈现,1
绘图_风格,1
巧合_之下,1
简单_绘图,1
动人_简单,1
治愈_动人,1
讲述_治愈,1
封建迷信_讲述,1
致力于_抨击,1
烟火_致力于,1
鸟儿_勇敢,1
见证_自由,1
我来_见证,1
造成_过错,1
善良_造成,1
之下_善良,1
scare_音效,1
音效_氛围,1
氛围_处理,1
有失_偏颇,1
配音_有点,1
对话_配音,1
对话_对话,1
引导_对话,1
全程_引导,1
几乎_全程,1
几乎_操作,1
全篇_几乎,1
小说_全篇,1
悬疑_视觉,1
归类_悬疑,1
愿意_归类,1
偏颇_愿意,1
评价_有失,1
配音_存在,1
完后_评价,1
一下_完后,1
打算_尝试,1
恐怖_打算,1
被誉为_中式,1
烟火_被誉为,1
了解_烟火,1
之前_了解,1
这款_之前,1
预期_这款,1
恐怖_降低,1
玩法_推荐,1
吓人_玩法,1
遗憾_配音,1
存在_两点,1
处理_绝佳,1
价格_价值,1
葬礼_两年,1
不为_举办,1
今夕_不为,1
陈老师_看不懂,1
ps_陈老师,1
游玩_ps,1
更好_游玩,1
预期_更好,1
游玩_降低,1
希望_游玩,1
体现_希望,1
一定_体现,1
价值_一定,1
值得_价格,1
两点_问题,1
一下_值得,1
总结_一下,1
最后_总结,1
惊艳_最后,1
一震_惊艳,1
心头_一震,1
意思_心头,1
有点_意思,1
氛围_有点,1
破坏_氛围,1
二是_破坏,1
成本_二是,1
一是_成本,1
整体_特别,1
支线_整体,1
喜欢_支线,1
亲手_更为,1
尸体_雨水,1
空中_尸体,1
群山_空中,1
阴森_群山,1
连绵_阴森,1
炸裂_连绵,1
效果_炸裂,1
视觉_演出,1
惋惜_视觉,1
悲愤_惋惜,1
那种_悲愤,1
震撼_那种,1
更为_震撼,1
补票_亲手,1
一类_喜欢,1
现在_补票,1
实况_现在,1
那会_实况,1
刚出_那会,1
程度_刚出,1
涨价_程度,1
吊到_涨价,1
绝中绝_吊到,1
更是_绝中绝,1
本体_更是,1
巧妙_本体,1
转场_构思,1
绝佳_转场,1
雨水_忘却,1
忘却_烦恼,1
烦恼_安眠药,1
安眠药_四张,1
支线_一类,1
连贯_支线,1
下来_连贯,1
整体_下来,1
云雾_整体,1
漫天_云雾,1
遮日_漫天,1
乌云_遮日,1
知道_乌云,1
灰暗_知道,1
小镇_灰暗,1
环境_闭塞,1
封闭_环境,1
触动_封闭,1
很受_触动,1
玩完_很受,1
电影_很值,1
史低_电影,1
小时_史低,1
大约_小时,1
流程_大约,1
悬疑_流程,1
近几年_不可多得,1
到位_近几年,1
很强_转场,1
表现力_很强,1
没能_痛哭流涕,1
节奏_缓慢,1
整体_叙事,1
小时_整体,1
一流_水平,1
鉴赏家_寻找,1
游思妄想_鉴赏家,1
关注_游思妄想,1
佼佼者_欢迎,1
国产_佼佼者,1
看算_国产,1
整体_看算,1
解谜_整体,1
特别_解谜,1
那种_特别,1
很棒_那种,1
引导性_很棒,1
水平_引导性,1
美术_一流,1
恐怖_得到,1
压抑_美术,1
心理_压抑,1
那种_心理,1
体会_那种,1
慢慢_体会,1
过程_慢慢,1
了解_过程,1
一种_心理,1
布置_一种,1
场景_布置,1
音乐_场景,1
跳脸_音乐,1
直接_跳脸,1
寻找_优质,1
得到_完美,1
循序渐进_雷雨,1
存在_意义,1
完全_道理,1
好评_完全,1
面纱_好评,1
恐怖_面纱,1
真相_叹息,1
吓人_结局,1
不算_吓人,1
紧凑_流程,1
不高_紧凑,1
流畅_难度,1
操作_流畅,1
单线_操作,1
入手_单线,1
恐怖_存在,1
完美_体现,1
品质_恐怖,1
勇敢_品质,1
程度_教会,1
提高_恐怖,1
恐怖_提高,1
突脸_低级,1
恐而_突脸,1
细思极_恐而,1
产生_细思极,1
思考_产生,1
源于_思考,1
恐怖_源于,1
体现_恐怖,1
塑造_直接,1
暗藏玄机_氛围,1
却是_暗藏玄机,1
小时_推荐,1
真相_祖祖辈辈,1
世界_真相,1
了解_世界,1
普遍_了解,1
文化教育_普遍,1
发达_文化教育,1
科学_发达,1
从前_科学,1
人心_从前,1
vongola_评价,1
用户_vongola,1
更好_黑盒,1
推荐_配音,1
适中_小时,1
案件_却是,1
相结合_难度,1
恐怖_相结合,1
谜题_中式,1
解密_大部分,1
主要_解密,1
推理_玩法,1
并不需要_推理,1
悬疑_并不需要,1
游玩_悬疑,1
反复_游玩,1
吸引_反复,1
伏笔_吸引,1
细节_伏笔,1
祖祖辈辈_传下来,1
传下来_习俗,1
传统_衍生,1
衍生_各种各样,1
简单_案件,1
看似_简单,1
发现_看似,1
调查_过程,1
案件_调查,1
人民警察_调查,1
视角_一名,1
毛骨悚然_视角,1
有点_毛骨悚然,1
玩起来_有点,1
普通人_玩起来,1
义务教育_普通人,1
九年_义务教育,1
接受_九年,1
长大_接受,1
城市_长大,1
特色_城市,1
封建_特色,1
特有_封建,1
年代_特有,1
传统_年代,1
民间_习俗,1
大量_民间,1
包含_大量,1
烟火_包含,1
封建迷信_烟火,1
各种各样_封建迷信,1
道理_循序渐进,1
雷雨_章节,1
美好_惋惜,1
算是_留下,1
恐怖_平面,1
尸体_有点,1
结尾_尸体,1
感挺_到位,1
氛围_感挺,1
挺不错_中式,1
线索_丰满,1
新手_线索,1
适合_新手,1
追赶_适合,1
比较_追赶,1
一点_悬念,1
留下_一点,1
完整_结尾,1
显得_恐怖,1
比较_完整,1
唏嘘_比较,1
有点_唏嘘,1
真实_完全,1
面纱_真实,1
掀开_面纱,1
一步步_掀开,1
后面_一步步,1
到位_后面,1
熏染_到位,1
气氛_熏染,1
有点_中式,1
开头_有点,1
平面_显得,1
恐怖_空间,1
章节_结尾,1
小说_需要,1
剥开_留下,1
一层_剥开,1
内幕_一层,1
线索_内幕,1
简单_线索,1
厉害_支持,1
达到_水平,1
制作_达到,1
国产_制作,1
终章_国产,1
最后_终章,1
耐心_最后,1
需要_耐心,1
互动式_小说,1
空间_操作,1
一本_互动式,1
不难_像是,1
部分_不难,1
总体_解密,1
难度_总体,1
一定_难度,1
解密_一定,1
方式_解密,1
算是_方式,1
不多_算是,1
提示_不多,1
方向_提示,1
操作_方向,1
简单_开头,1
线性_解密,1
不错_线性,1
几乎_攘括,1
压抑_人心,1
灰烬_压抑,1
远处_灰烬,1
画风_远处,1
独特_画风,1
真诚_独特,1
风景_真诚,1
逼真_风景,1
美丽_逼真,1
要素_美丽,1
应有_要素,1
剧本_应有,1
攘括_优秀,1
主角_几乎,1
值得_赞扬,1
正义_主角,1
角色_正义,1
立体_角色,1
弧光_立体,1
人物_弧光,1
拥有_人物,1
多个_拥有,1
长度_多个,1
解密_长度,1
结构_恰到好处,1
情节_结构,1
峰回路转_情节,1
结尾_峰回路转,1
燃尽_仍然,1
仍然_泛着,1
泛着_红光,1
红光_火星,1
不屈_值得,1
命运_不屈,1
正义_命运,1
勇气_正义,1
真正_勇气,1
心中_真正,1
小人物_心中,1
笑话_小人物,1
完全_笑话,1
面前_完全,1
林清穗_面前,1
失败_林清穗,1
彻底_失败,1
标语_彻底,1
正义_标语,1
所谓_正义,1
主旋律_所谓,1
出现_主旋律,1
直视_反复,1
耻于_直视,1
恶心_耻于,1
烂泥_恶心,1
枯骨_烂泥,1
下面_枯骨,1
权力_下面,1
崛起_权力,1
火星_崛起,1
十年_记得,1
好怪_明明,1
明明_骂人,1
三部_最好,1
放松_氛围,1
小品_放松,1
轻量级_小品,1
算个_轻量级,1
成就_算个,1
简简单单_成就,1
主角_一条,1
忽略_主角,1
容易_忽略,1
旁观者_容易,1
特别_旁观者,1
完整_特别,1
最好_每个,1
蟑螂_三部,1
仍然_背后,1
算是_月光,1
短评_算是,1
一篇_短评,1
起来_一篇,1
最近_起来,1
不久_最近,1
刚出_不久,1
实况_容易,1
不错_看过,1
转折_不错,1
烟火_转折,1
评论_烟火,1
烟火_评论,1
恐怖_仍然,1
背后_确实,1
今后_人生,1
振聋发聩_同样,1
妈妈_希望,1
不顾一切_妈妈,1
梦想_不顾一切,1
无限_梦想,1
远大_无限,1
怀抱_远大,1
女儿_怀抱,1
世上_女儿,1
期盼_世上,1
由衷_期盼,1
地方_由衷,1
从小_地方,1
同样_从小,1
讲述_振聋发聩,1
确实_过誉,1
井下_讲述,1
感动_井下,1
仍然_感动,1
心愿_仍然,1
简单_心愿,1
芳芳_简单,1
自白_芳芳,1
陈老师_自白,1
如潮_地方,1
担不起_好评,1
不错_担不起,1
价格_不错,1
过誉_价格,1
玩完_三伏,1
拥有_自由,1
感谢_拥有,1
一味_追逐,1
成长_不由得,1
警官_成长,1
水面_警官,1
一点点_浮出,1
真相_一点点,1
苦难_案件,1
关注_深渊,1
脚步_关注,1
停下_脚步,1
光芒_停下,1
渴望_荣誉,1
荣光_渴望,1
父亲_荣光,1
林理洵_一味,1
正在_感谢,1
人性_事情,1
穿透_人性,1
迷糊_穿透,1
拨开_迷糊,1
人称_一步步,1
多个_人称,1
独特_多个,1
方式_独特,1
韵味_烟火,1
独特_韵味,1
这部_独特,1
朴素_这部,1
一抹_朴素,1
不由得_深思,1
深思_警察,1
警察_职业,1
职业_真谛,1
致敬_意义,1
作者_致敬,1
这部_作者,1
影响_这部,1
欠缺_影响,1
连续性_欠缺,1
飞鸟_连续性,1
无畏_飞鸟,1
一只_无畏,1
世界_一只,1
光辉_世界,1
自由_光辉,1
闪耀着_自由,1
羽毛_闪耀着,1
一片_羽毛,1
关住_一片,1
无法_关住,1
笼子_永远,1
一种_笼子,1
悬念_一种,1
叹惋_悬念,1
美丽_令人,1
成为_美丽,1
失踪_成为,1
成为_死者,1
陈老师_成为,1
真谛_陈老师,1
希望_今后,1
人生_喜欢,1
一点点_简陋,1
激发_好奇心,1
一种_氛围,1
相反_营造,1
形式_相反,1
恐怖_形式,1
那种_低级,1
跳脸_那种,1
有着_不错,1
鬼怪_害怕,1
效果_讲述,1
回味_美术,1
一口气_回味,1
解密_一口气,1
好奇心_解密,1
很快_激发,1
值得_购买,1
会儿_很快,1
一小_会儿,1
摸不着头脑_一小,1
开头_摸不着头脑,1
度过_开头,1
好玩_度过,1
烟火_照耀,1
一生_化作,1
老师_一生,1
一生_支教,1
自我_一生,1
付出_自我,1
乡村_付出,1
氛围_值得,1
购买_游玩,1
体量_大解密,1
中式_风格,1
伏笔_紧扣,1
深度_伏笔,1
胆小_深度,1
这种_胆小,1
微恐_适合,1
好玩_微恐,1
不错_挺棒,1
恐惧_不错,1
根深蒂固_恐惧,1
心灵深处_根深蒂固,1
有种_心灵深处,1
花圈_有种,1
风格_纸人,1
相当_中式,1
游玩_流程,1
营造_相当,1
来世_敬山,1
结尾_来世,1
一段话_结尾,1
最后_一段话,1
游玩_最后,1
值得_游玩,1
不难_值得,1
中间_解密,1
成就_中间,1
小时_成就,1
长三_小时,1
流程_长三,1
偏远_乡村,1
警察_偏远,1
公平正义_警察,1
烧纸_习俗,1
亡者_追思,1
行为_亡者,1
移风易俗_行为,1
倡导_移风易俗,1
听到_倡导,1
依旧_听到,1
现今_依旧,1
传闻_现今,1
附身_传闻,1
存在_附身,1
依旧_存在,1
如今_依旧,1
习俗_如今,1
吓一跳_烧纸,1
追求_公平正义,1
偶尔_吓一跳,1
引起共鸣_偶尔,1
本作_引起共鸣,1
元素_本作,1
特色_恐怖,1
充满_本土,1
算是_充满,1
鬼魂_算是,1
积极向上_鬼魂,1
立意_积极向上,1
意难平_立意,1
难度_意难平,1
大解密_没什么,1
追思_生者,1
生者_未来,1
未来_憧憬,1
憧憬_存在,1
展现_追求,1
烟火_展现,1
夺目_烟火,1
美丽_夺目,1
不仅仅_美丽,1
代表_不仅仅,1
烟火_代表,1
明白_烟火,1
复仇_玩完,1
爱情_复仇,1
主题_爱情,1
色彩_主题,1
带有_恐怖,1
设定_很帅,1
交流_设定,1
这种_死者,1
破案_这种,1
淡定_破案,1
依旧_淡定,1
氛围_依旧,1
这种_氛围,1
流弊_这种,1
说林理洵_流弊,1
不得不_说林理洵,1
道理_不得不,1
一定_道理,1
存在_一定,1
简陋_一抹,1
朴素_一点点,1
骂人_仍然,1
美术_配合,1
阴间_褒义,1
相当_阴间,1
bgm_相当,1
发现_bgm,1
正式_发现,1
蜡烛_正式,1
花圈_蜡烛,1
预告片_中式,1
现在_预告片,1
适合_一口气,1
流程_适合,1
很加分_流程,1
配合_很加分,1
不错_美术,1
要素_大部分,1
游玩_推荐,1
不错_游玩,1
意外_能量,1
预期_意外,1
远超_预期,1
展开_远超,1
恐怖_展开,1
中国_风格,1
终害己_科学,1
害人_终害己,1
家破人亡_害人,1
耗子药_家破人亡,1
有毒_耗子药,1
褒义_恐怖,1
大部分_突然,1
跟着_正常,1
一回_总体而言,1
迷题_比较简单,1
薄弱_迷题,1
稍显_薄弱,1
部分_稍显,1
过程_推理,1
过程_解谜,1
探索_过程,1
轻松_探索,1
属于_轻松,1
恐解_应该,1
温和_恐解,1
比较_温和,1
总体而言_比较,1
jumpscare_一回,1
突然_炸起,1
称得上_jumpscare,1
鬼影_称得上,1
走过_鬼影,1
身后_走过,1
灯光_身后,1
亮起_灯光,1
突然_亮起,1
背景_突然,1
改变_背景,1
发生_改变,1
路过_发生,1
效果_路过,1
炸起_效果,1
而误_有毒,1
烦恼_而误,1
老人_烦恼,1
看见_场景,1
一下_一次,1
亲自_一下,1
决定_亲自,1
七八遍_决定,1
实况_七八遍,1
悲伤_实况,1
遗憾_悲伤,1
几个_遗憾,1
讲述_几个,1
一部_讲述,1
惊艳_一部,1
讨厌_回头,1
场景_讨厌,1
黑得_只能,1
女孙_两位,1
红光_黑得,1
小人_红光,1
恐怖_小人,1
音乐_音效,1
不适_音乐,1
令人_不适,1
充满_令人,1
前中期_充满,1
实际上_前中期,1
跳脸_实际上,1
本来_心理,1
好评_本来,1
仍然_好评,1
一次_鸡皮疙瘩,1
鸡皮疙瘩_月光,1
蟑螂_牛批,1
牛批_期待,1
无可_女孙,1
两个_无可,1
儿媳_两个,1
杀害_儿媳,1
企图_杀害,1
儿子_企图,1
借口_复活,1
罪责_借口,1
文物_罪责,1
盗取_文物,1
老人_盗取,1
迷信_两位,1
可取_迷信,1
迷信_可取,1
累积_迷信,1
一点一点_累积,1
过程_一点一点,1
成长_过程,1
东西_主角,1
保护_东西,1
想要_保护,1
主角_想要,1
生动_小娟,1
塑造_生动,1
完美_人物,1
节奏_完美,1
优秀_节奏,1
比较简单_基本,1
正常_流程,1
画风_朴素,1
喜欢_复杂,1
不断_出现,1
一直_不断,1
点则_一直,1
恐怖_点则,1
想象力_恐怖,1
很棒_天马行空,1
动画_演出,1
很赞_动画,1
这点_很赞,1
恰到好处_这点,1
一种_恰到好处,1
解密_一种,1
复杂_解密,1
很大_喜欢,1
恐怖_整个,1
胆子_很大,1
拼凑_胆子,1
解密_拼凑,1
走来走去_解密,1
主要_走来走去,1
安心_玩法,1
主线_安心,1
陪你走_主线,1
npc_陪你走,1
每次_npc,1
友好_每次,1
惊吓_友好,1
脸类_惊吓,1
出现_中式,1
整个_比较,1
流程_探索,1
是因为_别致,1
震颤_画风,1
灵魂_震颤,1
一丝_灵魂,1
给予_一丝,1
之后_给予,1
游历_之后,1
小时_游历,1
经历_四个,1
脱颖而出_经历,1
恐怖_脱颖而出,1
一众_恐怖,1
名字_一众,1
别致_名字,1
推荐_玩玩,1
比较_悲情,1
爱玩_比较,1
跳脸_爱玩,1
总体_喜欢,1
遗憾_总体,1
救赎_遗憾,1
既有_救赎,1
每个_既有,1
一家人_最后,1
可怜_一家人,1
悲伤_可怜,1
比较_悲伤,1
意外_比较,1
悲情_意外,1
类型_脸类,1
工作室_恐怖,1
认为_工作室,1
好多_美女,1
压抑_难过,1
发麻_压抑,1
浑身_发麻,1
真相_浑身,1
猜测_真相,1
大致_猜测,1
整个_大致,1
中间_整个,1
眼泪_中间,1
涂鸦_眼泪,1
妈妈_涂鸦,1
从芳芳_小蝌蚪,1
美女_老婆,1
立绘_好多,1
浪费_小时,1
温馨_人物,1
像是_温馨,1
后期_像是,1
清晰_后期,1
插叙_清晰,1
很大_插叙,1
优势_很大,1
现象_优势,1
卡关_现象,1
解不开_卡关,1
迷题_解不开,1
出现_迷题,1
探索_出现,1
烟火_名字,1
名字_人间烟火,1
人间烟火_说法,1
说法_没想到,1
难度_浪费,1
无聊_吓人,1
你好_后劲,1
烟火_你好,1
大山深处_烟火,1
沉进_大山深处,1
再次_沉进,1
燃烧_再次,1
短暂_燃烧,1
燎原之势_短暂,1
形成_燎原之势,1
慢慢_形成,1
烟火_慢慢,1
隐藏_小小的,1
悲剧_隐藏,1
这份_悲剧,1
悲剧_这份,1
发生_悲剧,1
时刻_发生,1
意难平_时刻,1
沉甸甸_意难平,1
烟火_沉甸甸,1
烛火_烟火,1
引路_烛火,1
点燃_引路,1
假装_点燃,1
没想到_假装,1
吓人_音乐,1
搭配_和谐,1
叶敬山_到达,1
不长_三个,1
满满_后面,1
自信_满满,1
本来_自信,1
吓人_本来,1
有点_吓人,1
个人感觉_有点,1
过去_个人感觉,1
帮着_过去,1
室友_帮着,1
半天_室友,1
解谜_半天,1
中间_解谜,1
小时_中间,1
打折_流程,1
全程_眯着眼,1
完结_打折,1
成就_完结,1
六小时_成就,1
烟火_六小时,1
极佳_不错,1
演出_极佳,1
简单_演出,1
错过_解谜,1
到底_错过,1
单线_到底,1
一条_单线,1
解谜_一条,1
接触_解谜,1
后面_全程,1
眯着眼_继续,1
多年_清泉,1
普普通通_恐怖,1
不错_很大,1
音效_不错,1
推荐_一试,1
社会现状_推荐,1
不少_社会现状,1
牵扯_不少,1
里面_牵扯,1
不错_里面,1
细节_不错,1
最顶_细节,1
总体_最顶,1
发现_总体,1
恐怖_后来,1
单纯_普普通通,1
继续_一部,1
很顶_单纯,1
画风_很顶,1
应有_幸福,1
收获_应有,1
飞翔_收获,1
成为_天空,1
医生_成为,1
出不来_希望,1
沉浸_出不来,1
完全_沉浸,1
最后_完全,1
很棒_恐怖,1
一部_很棒,1
清泉_记得,1
不知_多年,1
不仅仅_小说,1
足够_优秀,1
不错_风格,1
美工_不错,1
两张_美工,1
一打_两张,1
烟火_一打,1
思考_希望,1
持久_思考,1
带来_持久,1
沉浸_带来,1
更强_沉浸,1
电影_更强,1
带来_电影,1
优秀_带来,1
设计_足够,1
鲜明_简洁,1
延申_剧本,1
电影_延申,1
刺激_像是,1
层面_刺激,1
感官_层面,1
不必_感官,1
载体_不必,1
东西_这种,1
悲伤_东西,1
美好_悲伤,1
私密_美好,1
想起_私密,1
心里_想起,1
风格_鲜明,1
简洁_冲击力,1
别梦寒_不知,1
相当于_电影,1
一瓢_尽余欢,1
陈老师_一瓢,1
令人感动_喜欢,1
合照_令人感动,1
看见_合照,1
蜡烛_看见,1
音乐_蜡烛,1
伴随_音乐,1
最后_伴随,1
还好_最后,1
本来_还好,1
推荐_本来,1
电影_中式,1
比较_相当于,1
冲击力_越多越,1
流程_比较,1
小游戏_流程,1
不错_小游戏,1
小娟_分给,1
船票_小娟,1
至极_两个,1
纯粹_至极,1
处理_他俩,1
利益_互相帮助,1
最深_医生,1
最后_印象,1
看着_舒服,1
越多越_看着,1
程度_烘托,1
气氛_背景,1
背景_有意思,1
近期_cod,1
禁锢_小镇,1
离开_禁锢,1
叶敬山_离开,1
上学_叶敬山,1
田芳芳_市里,1
热爱_田芳芳,1
自由自在_热爱,1
鸟儿_自由自在,1
赵小娟_鸟儿,1
生活_赵小娟,1
好好_生活,1
小镇_好好,1
cod_太多太多,1
眼里_近期,1
找寻_生活,1
小游戏_眼里,1
制作_小游戏,1
共鸣_制作,1
这份_共鸣,1
感受_这份,1
人才_感受,1
估计_中国,1
想起_估计,1
送别_想起,1
之后_送别,1
中国_结束,1
人性_中国,1
黑暗_善良,1
小镇_找寻,1
生活_林理洵,1
有意思_最后,1
河灯_谱曲,1
丰富_意蕴,1
画面_丰富,1
交互性_画面,1
充分发挥_交互性,1
展现_充分发挥,1
交互_方式,1
愚痴_交互,1
诡异_愚痴,1
残留_诡异,1
封建_残留,1
巧妙_封建,1
制作组_巧妙,1
谱曲_制作组,1
熨衣_河灯,1
林理洵_不再,1
投药_熨衣,1
奈何桥_投药,1
招魂_奈何桥,1
过去_招魂,1
撕扯_过去,1
影楼_撕扯,1
文字_影楼,1
星星_文字,1
完美_结局,1
相信_完美,1
警察_相信,1
出色_警察,1
一名_出色,1
腐朽_黑暗,1
土地_腐朽,1
制作_这片,1
进度_增加,1
封建思想_封建思想,1
源自_封建思想,1
悲剧_源自,1
出去_悲剧,1
船票_出去,1
事件_四个,1
完整_事件,1
一件_完整,1
串联_一件,1
关系_串联,1
看似_关系,1
一件件_看似,1
增加_一件件,1
编排_进度,1
胆小_慎入,1
时间_编排,1
巨大_悲剧,1
穿成_巨大,1
悲剧_穿成,1
小小的_悲剧,1
一个个_小小的,1
太直_内心,1
响起_太直,1
一句_送别,1
顺带_一句,1
回味_顺带,1
耐人_回味,1
结局_耐人,1
封建思想_人民,1
人民_生活,1
生活_上升,1
上升_层面,1
一颤_胆小,1
鼠躯_一颤,1
拉满_鼠躯,1
bgm_氛围,1
哈人_bgm,1
画风_哈人,1
恐怖_画风,1
佳作_恐怖,1
为数不多_佳作,1
国产_为数不多,1
没能_出去,1
元素_很棒,1
些许_恐怖,1
绳子_些许,1
天空_绳子,1
狭窄_天空,1
找到_归途,1
四个_向往,1
呜呜_眼睛,1
好玩_呜呜,1
绳子_同志,1
台词_尸体,1
喜欢_台词,1
现实_最后,1
荒诞_现实,1
这种_荒诞,1
层面_这种,1
无家可归_心里,1
像是_无家可归,1
无系_像是,1
private_beautiful,1
just_sensory,1
be_just,1
to_be,1
have_to,1
not_have,1
games_does,1
of_games,1
thinks_of,1
player_thinks,1
the_player,1
sad_that,1
or_sad,1
beautiful_or,1
everything_private,1
stimulation_storyoriented,1
or_everything,1
homeless_or,1
were_homeless,1
they_were,1
if_they,1
roots_as,1
without_roots,1
there_without,1
up_there,1
grew_up,1
who_grew,1
children_who,1
adopted_children,1
sensory_stimulation,1
storyoriented_and,1
thinking_to,1
good_enough,1
bring_lasting,1
also_bring,1
can_also,1
movies_and,1
than_movies,1
experience_than,1
and_experience,1
immersion_and,1
of_immersion,1
sense_of,1
stronger_sense,1
bring_stronger,1
enough_it,1
are_good,1
and_plotoriented,1
design_are,1
and_design,1
script_and,1
the_script,1
if_the,1
movies_if,1
of_movies,1
extension_of,1
an_extension,1
like_an,1
are_like,1
games_are,1
plotoriented_games,1
dashan_adopted,1
in_dashan,1
children_in,1
the_ending,1
teacher_an,1
supporting_teacher,1
the_supporting,1
was_the,1
suspense_was,1
of_suspense,1
trace_of,1
also_trace,1
is_also,1
but_there,1
embarrassing_but,1
is_embarrassing,1
ending_is,1
dabai_the,1
of_children,1
officers_dabai,1
police_officers,1
ghostsavvy_police,1
the_ghostsavvy,1
eyes_of,1
the_eyes,1
clear_in,1
become_clear,1
gradually_become,1
things_gradually,1
confusing_things,1
and_confusing,1
the_confusing,1
an_accident,1
accident_or,1
or_was,1
was_he,1
future_of,1
the_future,1
about_the,1
worries_about,1
be_worries,1
patriarchy_it,1
rural_patriarchy,1
about_rural,1
thinking_about,1
be_thinking,1
rich_and,1
is_rich,1
through_the,1
something_through,1
convey_something,1
to_convey,1
trying_to,1
are_trying,1
producers_are,1
game_producers,1
knowing_know,1
of_knowing,1
way_of,1
no_way,1
have_no,1
killed_have,1
he_killed,1
lasting_thinking,1
players_wish,1
无根_无系,1
选择_继续,1
不断_变幻,1
场景_不断,1
清晰_场景,1
变得_清晰,1
眼中_逐渐,1
警员_眼中,1
鬼神_警员,1
扑朔迷离_鬼神,1
绳子_扑朔迷离,1
深井_绳子,1
一根_深井,1
留下来_大山,1
继续_留下来,1
老师_选择,1
人物_过去,1
锅里_调查,1
投入_锅里,1
毒药_投入,1
忧愁_毒药,1
忘掉_忧愁,1
安眠药_忘掉,1
妈妈_安眠药,1
记住_妈妈,1
孩子_记住,1
儿媳_可怜,1
毒害_儿媳,1
不惜_毒害,1
话术_不惜,1
变幻_人物,1
过去_非线性,1
wish_there,1
载体_传达,1
一生_无根,1
长大_一生,1
孩子_长大,1
收养_孩子,1
拐卖_收养,1
无数_拐卖,1
担忧_无数,1
前途_担忧,1
孩子_前途,1
思考_大山,1
重男轻女_思考,1
农村_重男轻女,1
丰富_农村,1
试图_载体,1
非线性_呈现,1
制作_试图,1
知道_制作,1
知道_知道,1
无从_知道,1
被害_无从,1
意外_被害,1
老师_意外,1
悬念_支教,1
一丝_悬念,1
唏嘘_一丝,1
真相大白_结局,1
直至_真相大白,1
呈现_直至,1
迷信_话术,1
神婆_迷信,1
老人_神婆,1
the_style,1
looks_原来,1
it_looks,1
comfortable_it,1
more_comfortable,1
play_the,1
you_play,1
more_you,1
impactful_the,1
and_impactful,1
concise_and,1
clear_concise,1
very_clear,1
style_is,1
good_the,1
罪名_田家,1
art_of,1
the_art,1
attached_in,1
are_attached,1
pictures_are,1
two_pictures,1
fireworks_two,1
like_fireworks,1
games_like,1
more_games,1
dozen_more,1
were_dozen,1
there_were,1
原来_需要,1
需要_成本,1
成本_需要,1
需要_特效,1
承担_赵小娟,1
同病相怜_承担,1
叶敬山会_同病相怜,1
合理_叶敬山会,1
十分_合理,1
一起_十分,1
曲折_串联,1
孩子_曲折,1
鬼神_大山,1
盗墓_鬼神,1
支教_盗墓,1
内核_支教,1
丰富_内核,1
恐怖_丰富,1
亲自_难得,1
风评_亲自,1
知道_风评,1
实况_知道,1
烟火_实况,1
看过_烟火,1
早就_看过,1
吸引_早就,1
配音_吸引,1
人声_配音,1
原来_人声,1
可玩性_原来,1
特效_可玩性,1
意蕴_不仅仅,1
电影_旁观,1
和谐_配合,1
鸡皮疙瘩_流程,1
时间_成就,1
成就_时间,1
程度_成就,1
推荐_程度,1
亮点_氛围,1
firework_最大,1
烟火_firework,1
下一作_三伏,1
吃亏_期待,1
块钱_吃亏,1
情感_块钱,1
短剧_情感,1
流程_短剧,1
送别_鸡皮疙瘩,1
难度_优缺点,1
播放_送别,1
准时_播放,1
半夜_准时,1
刚好_半夜,1
带来_一款,1
官方_带来,1
感谢_官方,1
烟火_感谢,1
一声声_烟火,1
消失_一声声,1
似乎_消失,1
沉重_似乎,1
似乎_沉重,1
成就_难度,1
优缺点_温馨,1
没崩住_每个,1
画面_操作,1
认真_一遍,1
时间_认真,1
拿出_小时,1
今天_拿出,1
愿望_今天,1
收入_愿望,1
耳闻_收入,1
早有_耳闻,1
天空_早有,1
感想_尸体,1
最好_感想,1
算不上_最好,1
操作_算不上,1
制作_画面,1
温馨_中式,1
rpgmaker_制作,1
顺畅_rpgmaker,1
叙事_顺畅,1
合适_叙事,1
一次_合适,1
完善_一次,1
scare_完善,1
基本_jump,1
氛围_基本,1
鬼故事_营造,1
特色_鬼故事,1
乡村_特色,1
中式_乡村,1
结局_似乎,1
有点_没崩住,1
旁观_仿佛,1
赵小娟_从始至终,1
整个_悲剧,1
暴露_贯穿,1
完全_暴露,1
嘴脸_完全,1
丑恶_嘴脸,1
关心_丑恶,1
赵小娟_关心,1
懒得_一点,1
更是_懒得,1
之后_更是,1
田宇_之后,1
外人_田宇,1
从始至终_外人,1
一起_赵小娟,1
人物_只能,1
永远_一起,1
还魂_永远,1
儿子_还魂,1
身体_儿子,1
赵小娟_身体,1
想用_赵小娟,1
一套_想用,1
迷信_一套,1
打折_迷信,1
肋骨_打折,1
医生_肋骨,1
身上_医生,1
医生_身上,1
悲剧_人物,1
只能_一手,1
大头照_有点,1
出现_小星星,1
警官_大头照,1
后面_警官,1
信件_后面,1
结局_信件,1
叹一口气_陈老师,1
谁又能_叹一口气,1
结尾_谁又能,1
渲染_到位,1
送别_氛围,1
组成_送别,1
蜡烛_组成,1
陈老师_蜡烛,1
小星星_学生,1
东南西北_出现,1
一手_酿成,1
教田芳芳_东南西北,1
陈老师_教田芳芳,1
相机_陈老师,1
儿童_相机,1
田芳芳_儿童,1
妈妈_田芳芳,1
设定_小蝌蚪,1
展开_设定,1
细节_展开,1
最后_细节,1
最终_悲惨,1
田家_最终,1
酿成_田家,1
一遍_游玩,1
过程_像是,1
像是_剧本,1
之中_再也不会,1
确实_主角,1
芳芳_确实,1
来看_芳芳,1
内容_来看,1
有芳芳_内容,1
之间_有芳芳,1
流程_之间,1
主角_流程,1
说芳芳_主角,1
有人_说芳芳,1
未来_有人,1
到来_未来,1
再也不会_到来,1
过去_之中,1
剧本_个人,1
家庭_过去,1
苦衷_社会,1
属于_苦衷,1
背负着_属于,1
成年人_背负着,1
四个_成年人,1
四个_四个,1
在我看来_四个,1
角色_在我看来,1
观看_主要,1
谨慎_观看,1
剧透_谨慎,1
接下来_涉及,1
主角_剧本,1
认为_芳芳,1
剧本_角色,1
芳芳_第一个,1
羽翼_只能,1
丰满_羽翼,1
世界_丰满,1
憧憬_外面,1
妈妈_向往,1
善良_孩子,1
纯洁_天真,1
绝对_纯洁,1
世界_绝对,1
笔记本_世界,1
温馨_笔记本,1
带到_温馨,1
第一个_带到,1
重要性_芳芳,1
角色_作用,1
角色_重要性,1
忘却_芳芳,1
容易_忘却,1
回顾_容易,1
太好了_回顾,1
塑造_实在,1
其他人_塑造,1
老师_其他人,1
工具_月光,1
说芳芳_工具,1
老师_说芳芳,1
衬托_妈妈,1
作用_衬托,1
码剧_接下来,1
睡不着_码剧,1
晚上_睡不着,1
民俗_传说,1
最终_送别,1
温馨_最终,1
背景_温馨,1
阴森_背景,1
渲染_阴森,1
有种_恐怖,1
完后_有种,1
玩玩_完后,1
老家_玩玩,1
春节_老家,1
不敢_春节,1
迷信_不敢,1
传说_迷信,1
乡村_民俗,1
激动_晚上,1
背景_乡村,1
中式_背景,1
具有_中式,1
这款_具有,1
特色_这款,1
最具_特色,1
整个_最具,1
合理_整个,1
顺畅_合理,1
视角_顺畅,1
多个_视角,1
探索_多个,1
完整_探索,1
响起_心里,1
心里_一阵,1
一阵_回响,1
回响_同步,1
现在_激动,1
一起_现在,1
朋友_一起,1
当场_朋友,1
之后_当场,1
打折_之后,1
今天_打折,1
叛逆_今天,1
懒得_叛逆,1
轻看_懒得,1
有所_轻看,1
确实_有所,1
实况_确实,1
看过_up,1
推荐_看过,1
一直_推荐,1
老师_一直,1
初生_月光,1
一下_初生,1
我超_最后,1
续作_三伏,1
蟑螂_续作,1
游玩_期待,1
一次_游玩,1
视频_一次,1
录制_实况,1
同步_录制,1
全推_医生,1
责任_全推,1
先是_责任,1
浪漫_太好了,1
二维_贴画,1
幸福_二维,1
粉饰_幸福,1
相片_粉饰,1
变成_相片,1
撕下_变成,1
物体_撕下,1
三维_物体,1
设计_三维,1
幕布_设计,1
喜欢_幕布,1
爆赞_特别,1
太好了_爆赞,1
中式_浪漫,1
搭配_撕裂,1
不如说是_中式,1
与其说是_中式,1
结束_轻盈,1
沉重_结束,1
绳子_沉重,1
感激_成为,1
老师_感激,1
孩子_老师,1
传达_孩子,1
文字_传达,1
送别_文字,1
作用_一曲,1
胜有声_作用,1
贴画_搭配,1
撕裂_音效,1
制作_缘故,1
尝试_心潮澎湃,1
受限于_经费,1
主流_受限于,1
变成_主流,1
感动_变成,1
害怕_感动,1
知道_害怕,1
温情_知道,1
外皮_温情,1
恐怖_外皮,1
全都_恐怖,1
国产_全都,1
尤其_国产,1
恐怖_尤其,1
艺术_尝试,1
音效_充满,1
语言_第九,1
文化_语言,1
终于_文化,1
设计_终于,1
天才_设计,1
表达_天才,1
氛围_表达,1
意蕴_氛围,1
恰到好处_意蕴,1
这种_恰到好处,1
荒诞_这种,1
超现实_荒诞,1
充满_超现实,1
发挥_无声,1
确确实实_发挥,1
音乐_确确实实,1
豁然_明朗,1
特色_社会,1
极具_本土,1
交易_极具,1
权财_交易,1
迷信_权财,1
鬼神_迷信,1
矛盾_鬼神,1
家庭_矛盾,1
拐卖儿童_家庭,1
勾连_拐卖儿童,1
命案_勾连,1
一桩_命案,1
明朗_一桩,1
留白_豁然,1
边时_音乐,1
层层_留白,1
氛围_层层,1
压抑_氛围,1
情节_压抑,1
不落窠臼_情节,1
编排_不落窠臼,1
匠心独运_编排,1
确实_匠心独运,1
还原_事件,1
人物_还原,1
视角_人物,1
扮演_视角,1
仿佛_扮演,1
问题_飞鸟,1
秋水_燃烧,1
一起_表述,1
表述_看出,1
古道_边时,1
诵出_长亭,1
送别_诵出,1
汇成_送别,1
童声_汇成,1
结尾_童声,1
作用_结尾,1
氛围_作用,1
渲染_氛围,1
起到_渲染,1
结尾_起到,1
全篇_结尾,1
几乎_全篇,1
音乐_几乎,1
缺点_音乐,1
比较突出_缺点,1
唯一_比较突出,1
叙事_唯一,1
大山_叙事,1
难以逾越_大山,1
成牢_难以逾越,1
追求_落烬,1
美的_追求,1
表达_美的,1
文字_表达,1
制作组_文字,1
看出_制作组,1
经费_制作,1
缘故_呈现,1
田宇_先是,1
不好_家里,1
生活_想要,1
压抑_生活,1
阴暗_压抑,1
田芳芳_阴暗,1
光照_田芳芳,1
一束_光照,1
陈老师_一束,1
妈妈_陈老师,1
拯救_妈妈,1
想着_拯救,1
上课_想着,1
压抑_上课,1
家里_十分,1
妈妈_不好,1
田芳芳_井底,1
公婆_妈妈,1
知道_田家,1
田芳芳_知道,1
正面人物_田芳芳,1
过程_正面人物,1
无济于事_过程,1
命运_无济于事,1
悲惨_命运,1
对抗_悲惨,1
尝试_对抗,1
赵小娟_尝试,1
田芳芳_赵小娟,1
结局_田芳芳,1
绳子_田芳芳,1
井底_最后,1
呈现_东西,1
最后_叶敬山,1
拴住_赵小娟,1
借此_拴住,1
工作_借此,1
辞去_影楼,1
赵小娟_辞去,1
先是_赵小娟,1
公婆_先是,1
牙痒痒_田家,1
反面人物_牙痒痒,1
拯救_反面人物,1
芳芳_没能,1
拯救_赵小娟,1
叶敬山_没能,1
看一看_最后,1
只能_田家,1
世界_看一看,1
带田芳芳_世界,1
脱离_带田芳芳,1
生活_脱离,1
芳芳_生活,1
以后_和田,1
一下_以后,1
努力_一下,1
希望_努力,1
星辰_叶敬山,1
坠入_星辰,1
一起_坠入,1
田家_一起,1
注定_悲惨,1
痛心_已经,1
预定_悲惨,1
上线_看散,1
记得_不错,1
差不多_记得,1
忘得_差不多,1
已经_忘得,1
细节_已经,1
内容_细节,1
具体_内容,1
太久_具体,1
过去_太久,1
时间_过去,1
一次_时间,1
人玩过_一次,1
看散_人玩过,1
在意_在乎,1
已经_预定,1
观点_在意,1
表达_观点,1
大众呢_表达,1
抵抗_大众呢,1
原因_抵抗,1
模式_原因,1
这种_模式,1
认可_这种,1
好评_认可,1
大伙_好评,1
算了_大伙,1
想想_算了,1
东西_想想,1
不错_从来,1
从来_抗拒,1
抗拒_悬疑,1
悬疑_打折,1
财产_仿佛,1
不干不净_财产,1
田家_不干不净,1
结婚_田家,1
赵小娟_结婚,1
拐卖_赵小娟,1
叶敬山_从小,1
悲剧_叶敬山,1
建议_注定,1
剧透_建议,1
错过_以下内容,1
不要_错过,1
标签_不要,1
千万别_恐怖,1
沉默_千万别,1
陷入_沉默,1
烟火_陷入,1
满屏_烟火,1
看着_满屏,1
生气_最后,1
越来越_生气,1
后来_越来越,1
心情_后来,1
害怕_心情,1
有点_害怕,1
这款_有点,1
入手_这款,1
all_the,1
well_all,1
deep_well,1
生活_政治,1
忘记_之前,1
天空_忘记,1
认为_天空,1
理所当然_认为,1
井底_理所当然,1
付诸东流_跌落,1
努力_付诸东流,1
许许多多_做出,1
必然_许许多多,1
断裂_必然,1
一环_断裂,1
文化_一环,1
政治_文化,1
松懈_经济,1
天空_高中,1
不能_松懈,1
土地_不能,1
发生_这片,1
时时刻刻_发生,1
这种_时时刻刻,1
拉锯战_这种,1
进行_拉锯战,1
不断_进行,1
镇里_不断,1
清潭_镇里,1
无数_清潭,1
遗毒_无数,1
旧社会_遗毒,1
之前_广阔,1
高中_老家,1
先进_思想,1
知道_理所当然,1
警车_子口,1
那辆_警车,1
感人_那辆,1
优秀_感人,1
感受_深刻思想,1
一款_感受,1
才行_这是,1
在手_才行,1
工具_在手,1
移走_工具,1
能够_移走,1
一定_能够,1
理所当然_一定,1
山里_知道,1
老家_农村,1
需要_山里,1
精神_需要,1
愚公移山_精神,1
世界_愚公移山,1
接触_广阔,1
地区_接触,1
闭塞_地区,1
应该_闭塞,1
互联网_应该,1
建设_互联网,1
入户_建设,1
互联网_入户,1
农村_已经,1
思想_旧社会,1
成为_先进,1
the_deep,1
珍珠_白沫,1
寂寞_死水,1
耐不住_寂寞,1
青蛙_耐不住,1
鲜明_青蛙,1
几分_鲜明,1
夸得_几分,1
死水_夸得,1
咬破_一沟,1
大珠_咬破,1
变成_大珠,1
笑声_变成,1
小珠_笑声,1
白沫_小珠,1
漂满_珍珠,1
歌声_这是,1
绿酒_漂满,1
一沟_绿酒,1
酵成_一沟,1
死水_酵成,1
云霞_死水,1
出些_云霞,1
霉菌_出些,1
罗绮_霉菌,1
一层_罗绮,1
油腻_一层,1
桃花_油腻,1
几瓣_桃花,1
上锈出_几瓣,1
死水_歌声,1
死水_美的,1
引导_成为,1
思想_固化,1
纯洁_引导,1
天真_纯洁,1
周而复始_孩子,1
泥土_周而复始,1
归于_泥土,1
死者_归于,1
表演_死者,1
烟花_表演,1
葬礼_烟花,1
当作_葬礼,1
指引_当作,1
这种_指引,1
固化_这种,1
道路_思想,1
美的_让给,1
燃烧_指引,1
先锋队_燃烧,1
牺牲_先锋队,1
这种_甘愿,1
死气沉沉_这种,1
之前_死气沉沉,1
到来_之前,1
世界_到来,1
出个_世界,1
它造_出个,1
开垦_它造,1
丑恶_开垦,1
让给_丑恶,1
子口_一个个,1
一个个_理想,1
理想_渴望,1
大人物_已经,1
美好_在水一方,1
美丽_美好,1
最后_美丽,1
属于_最后,1
绽放_最后,1
山中_烟火,1
消失_山中,1
最后_消失,1
准备_最后,1
结局_准备,1
清楚_结局,1
消失_清楚,1
注定_消失,1
牵扯_大人物,1
只能_火树银花,1
后面_牵扯,1
倒卖_后面,1
非法_倒卖,1
查出_非法,1
陈老师_查出,1
逃离_最后,1
选择_逃离,1
之后_选择,1
成功_之后,1
自杀_成功,1
选择_谋划,1
进来_叶敬山,1
拐卖_进来,1
在水一方_只能,1
火树银花_绽放,1
渴望_逃离,1
主角_能够,1
不好_既定,1
井里_不好,1
结局_井里,1
来看_陈老师,1
警方_来看,1
交给_警方,1
人上_交给,1
合照_人上,1
陈老师_合照,1
拿到_陈老师,1
结局_拿到,1
灵界_陈老师,1
能够_灵界,1
开放性_主角,1
绽放_不能,1
结局_开放性,1
顺畅_陈老师,1
打得_顺畅,1
之后_打得,1
指引_之后,1
意识_指引,1
恐惧_意识,1
程度_恐惧,1
封建迷信_一定,1
真正_送别,1
告别_真正,1
李叔同_告别,1
不能_李叔同,1
拷死_幼年,1
已经_拷死,1
枷锁_已经,1
不可告人_拥有,1
村子_充满希望,1
压抑_村子,1
这座_压抑,1
离开_这座,1
准备_离开,1
医生_准备,1
母亲_医生,1
苦难_孩子,1
共同_苦难,1
具有_共同,1
苦难_具有,1
不同_苦难,1
拥有_不同,1
社会_不可告人,1
鸟山_枷锁,1
揭露出_社会,1
幻想_揭露出,1
陈老师_幻想,1
记者_陈老师,1
含剧_记者,1
毁坏_含剧,1
注定_毁坏,1
憧憬_已经,1
一次_憧憬,1
小镇_一次,1
这座_小镇,1
生命_这座,1
逃离_生命,1
充满希望_火车票,1
火车票_铁路,1
铁路_一直,1
一直_远方,1
化为_鸟山,1
空中_化为,1
赵小娟_空中,1
后来_赵小娟,1
天真_后来,1
纯粹_天真,1
死者_出现,1
第一个_死者,1
幸福_第一个,1
锅里_幸福,1
药撒进_锅里,1
这种_变得,1
妈妈_这种,1
缓解_孩子,1
吃药_缓解,1
不得不_吃药,1
失常_不得不,1
变得_失常,1
家庭_变得,1
母亲_家庭,1
破坏_母亲,1
骗子_破坏,1
传统_骗子,1
民俗_传统,1
利用_民俗,1
或许_利用,1
远方_或许,1
铁罐_上锈出,1
翡翠_铁罐,1
绿成_翡翠,1
吓人_指数,1
倒斗_附身,1
祭祀_倒斗,1
下葬_祭祀,1
元素_下葬,1
充斥_中式,1
价值_充斥,1
重玩_价值,1
压抑_重玩,1
较为_压抑,1
氛围_较为,1
容易_氛围,1
难度_容易,1
指数_解密,1
新颖_解谜,1
基调_较为,1
风格_新颖,1
流程_美术,1
实乃_我之幸,1
帮助_实乃,1
有所_帮助,1
若能_有所,1
思考_若能,1
稍加_思考,1
能够_稍加,1
建议_能够,1
成熟_建议,1
希望_成熟,1
担忧_希望,1
附身_总体,1
较为_黑暗,1
苦难_相互,1
剧本_满分,1
燃烧_承受,1
地方_燃烧,1
不及_地方,1
科学_不及,1
寒冬_科学,1
停留_寒冬,1
永远_停留,1
昨天_永远,1
停留_昨天,1
清晨_停留,1
一百分_真正,1
悬疑_一百分,1
满分_悬疑,1
神中神_剧本,1
黑暗_发生,1
来讲_科学,1
出现_画面,1
第一幕_出现,1
最后_第一幕,1
扑朔迷离_最后,1
惨案_新人,1
结案_灭门,1
已经_结案,1
一宗_已经,1
牵扯_一宗,1
火灾_牵扯,1
小镇_一场,1
偏远_山中,1
实在_担忧,1
期望_实在,1
很大_期望,1
总结_希望,1
封建迷信_显得,1
展开_抨击,1
方法_展开,1
封建迷信_方法,1
世界观_封建迷信,1
怪力乱神_世界观,1
坚定_怪力乱神,1
一定_坚定,1
前提_一定,1
特殊性_前提,1
封建迷信_特殊性,1
明白_抨击,1
老师_明白,1
存在_总结,1
倾向_很大,1
一定_存在,1
明确_一定,1
表达_明确,1
主旨_表达,1
存在_主旨,1
神魔_是否,1
怀疑_神魔,1
有人_怀疑,1
表现手法_有人,1
特殊_表现手法,1
叙述_特殊,1
情感_叙述,1
主角_内心,1
显得_极为,1
极为_荒谬,1
荒谬_整个,1
整个_哑然,1
类似_倾向,1
具有_类似,1
三伏_具有,1
demo_三伏,1
弄巧成拙_demo,1
导致_弄巧成拙,1
容易_导致,1
解释_容易,1
过多_解释,1
引下去_过多,1
发展_引下去,1
就让_发展,1
发生_就让,1
就让_发生,1
现象_就让,1
神怪_现象,1
发生_神怪,1
解释_发生,1
这件_不要,1
提起_这件,1
特意_提起,1
不要_特意,1
不要_不要,1
办法_不要,1
最好_办法,1
失色_最好,1
哑然_失色,1
苦难_承受,1
相互_搀扶,1
也许_绿成,1
现实_经济,1
祭品_落入,1
一次_祭品,1
彩票_一次,1
寄托_彩票,1
希望_寄托,1
俘获_希望,1
意识形态_俘获,1
旧社会_意识形态,1
种种_旧社会,1
面子_种种,1
下岗_面子,1
压力_下岗,1
经济_压力,1
杀死_现实,1
神婆_陷阱,1
活人_杀死,1
儿子_活人,1
应该_思念,1
神鬼_应该,1
不信_神鬼,1
田向荣_不信,1
星空_尸体,1
阅尽_璀璨,1
直至_阅尽,1
往上爬_直至,1
一步步_往上爬,1
绳子_一步步,1
归路_绳子,1
落入_相信,1
陷阱_家乡,1
搀扶_燃烧,1
血液_清潭,1
剩菜残羹_也许,1
爽性_剩菜残羹,1
破铜烂铁_爽性,1
扔些_破铜烂铁,1
半点_扔些,1
吹不起_半点,1
清风_吹不起,1
死水_清风,1
死水_这是,1
闻一多_死水,1
联想_闻一多,1
名字_联想,1
清潭_名字,1
新鲜_血液,1
家乡_辽宁,1
带来_新鲜,1
地方_带来,1
进入_闭塞,1
外来者_进入,1
滑坡_外来者,1
思想_滑坡,1
出现_思想,1
支持_出现,1
难以_支持,1
生活_难以,1
这种_经济,1
出现_这种,1
辽宁_出现,1
指引_归路,1
会为_迷失,1
烟火_会为,1
有剧_谈谈,1
陈老师_前情,1
其三_陈老师,1
所有人_其三,1
感情_孩子,1
未来_喜欢,1
死去_孩子,1
婆婆_依旧,1
癫狂_公公,1
日益_癫狂,1
死后_日益,1
面对_丈夫,1
身陷囹圄_放弃,1
触动_母爱,1
下方_有剧,1
后遗症_绽放,1
下去_下方,1
恐游菜_下去,1
差不多_恐游菜,1
嫁衣_差不多,1
大概_嫁衣,1
还好_大概,1
十分_大概,1
触动_十分,1
一遍_触动,1
意义_英雄,1
深渊_一种,1
照亮_昏暗,1
燃烧_烟火,1
前情_有所,1
难能可贵_同志,1
拯救_不再,1
东西_人而活,1
烟火_后遗症,1
拒绝_烟火,1
恐怖_拒绝,1
不要_恐怖,1
环节_不要,1
催泪_环节,1
进入_催泪,1
害怕_进入,1
大于_害怕,1
感动_大于,1
第五章_带来,1
太低_第五章,1
接受程度_太低,1
恐怖_接受程度,1
问题_恐怖,1
完成_问题,1
眼睛_完成,1
捂着_眼睛,1
几乎_捂着,1
交互_几乎,1
阴暗_交互,1
每一处_阴暗,1
转场_每一处,1
一次_转场,1
scare_一次,1
第一款_恐怖,1
别梦寒_第一款,1
既定_结局,1
开放式_安慰,1
安慰_方式,1
高能_高能,1
代入_一款,1
强烈_代入,1
塑造_强烈,1
去世_人物形象,1
陈老师_去世,1
结局_明白,1
想到_结局,1
多样_想到,1
曲折_多样,1
强烈_曲折,1
效果_强烈,1
整体_效果,1
高能_整体,1
基本_高能,1
应该_支持,1
全程_基本,1
国人_全程,1
人才_国人,1
恐怖_人才,1
生化危机_恐怖,1
认为_生化危机,1
强烈_认为,1
依旧_强烈,1
塑造_依旧,1
简约_氛围,1
比较_简约,1
画风_比较,1
容易_画风,1
一款_应该,1
这种_国产,1
so_attractive,1
送别_结束,1
effects_it,1
special_effects,1
and_special,1
cost_and,1
high_cost,1
without_high,1
playable_without,1
so_playable,1
games_can,1
that_games,1
普通_清晨,1
杯酒_普通,1
结束_太好了,1
不可多得_送别,1
一下_工作室,1
生厌_不可多得,1
惹人_生厌,1
不再_惹人,1
处处_不再,1
世界_处处,1
祝愿_世界,1
救赎_祝愿,1
开出_救赎,1
土地_开出,1
迂腐_土地,1
蒙昧_迂腐,1
田向荣_该死,1
工作室_真不错,1
比较_容易,1
解谜_比较,1
窃钩者诛_永远,1
知道_店主,1
阴间_天网恢恢,1
好像_阴间,1
还债_好像,1
地要_还债,1
张牙舞爪_地要,1
赊账_张牙舞爪,1
判定_赊账,1
鬼魂_判定,1
两块钱_鬼魂,1
阳间_两块钱,1
认冥币_阳间,1
鬼魂_认冥币,1
店主_鬼魂,1
方式_知道,1
追讨_窃钩者诛,1
付款_方式,1
用错_付款,1
小卖部_用错,1
死穴_小卖部,1
有个_死穴,1
背后_有个,1
水平_背后,1
诚意_水平,1
谢谢_成为,1
陈老师_谢谢,1
晚安_陈老师,1
指引方向_晚安,1
终究_化作,1
天网恢恢_疏而不漏,1
疏而不漏_样子,1
样子_陈青穗,1
陈青穗_刺探,1
大头_追讨,1
人才_大头,1
要说_人才,1
催债_要说,1
亡灵_催债,1
索命_亡灵,1
鬼魂_索命,1
对应_鬼魂,1
名字_对应,1
公开_名字,1
这时候_不能,1
公开_这时候,1
名字_公开,1
深有_名字,1
里面_深有,1
告诉_里面,1
电话_告诉,1
主编_电话,1
之后_主编,1
主编_之后,1
寄给_报社,1
账本_寄给,1
倒卖_账本,1
记录_文物,1
田向荣_记录,1
得来_田向荣,1
刺探_得来,1
that_game,1
attractive_without,1
不见_化作,1
the_superstitious,1
sleeping_pills,1
words_sleeping,1
mothers_words,1
his_mothers,1
remember_his,1
will_remember,1
child_will,1
poor_child,1
the_poor,1
witch_the,1
the_witch,1
words_of,1
superstitious_words,1
daughterinlaw_for,1
can_forget,1
his_daughterinlaw,1
poison_his,1
will_poison,1
family_will,1
tian_family,1
the_tian,1
man_of,1
old_man,1
the_old,1
sickness_the,1
same_sickness,1
the_same,1
sympathy_with,1
pills_can,1
forget_sorrow,1
without_human,1
will_choose,1
out_of,1
climb_out,1
to_climb,1
child_to,1
dashan_child,1
the_dashan,1
rope_for,1
throw_rope,1
and_throw,1
stay_and,1
to_stay,1
continue_to,1
choose_continue,1
robbery_will,1
sorrow_and,1
the_tomb,1
investigates_the,1
who_investigates,1
teacher_who,1
the_teacher,1
pot_and,1
the_pot,1
into_the,1
poison_into,1
the_poison,1
throw_the,1
mistakenly_throw,1
and_mistakenly,1
his_sympathy,1
of_his,1
xiaojuan_because,1
time_and,1
its_rare,1
person_its,1
in_person,1
it_in,1
different_to,1
very_different,1
feels_very,1
still_feels,1
reputation_but,1
good_reputation,1
has_good,1
game_has,1
and_know,1
long_time,1
zhao_xiaojuan,1
for_long,1
firework_for,1
of_firework,1
broadcast_of,1
live_broadcast,1
the_live,1
watched_the,1
have_watched,1
fact_have,1
in_fact,1
dubbing_in,1
voice_dubbing,1
human_voice,1
rare_that,1
that_horror,1
can_have,1
have_such,1
of_zhao,1
crime_of,1
the_crime,1
bear_the,1
will_bear,1
jingshan_will,1
ye_jingshan,1
reasonable_ye,1
very_reasonable,1
which_is,1
story_which,1
tortuous_story,1
such_tortuous,1
by_such,1
together_by,1
connected_together,1
are_connected,1
children_are,1
and_children,1
mountains_and,1
gods_mountains,1
robbery_ghosts,1
support_tomb,1
teaching_support,1
core_teaching,1
rich_core,1
such_rich,1
星河_终究,1
感受_陈老师,1
方式_有点,1
小娟_逐渐,1
刑而田宇_一家,1
田宇受_刑而田宇,1
灵魂_田宇受,1
小娟_灵魂,1
主角_小娟,1
引导_主角,1
和芳芳_引导,1
老师_和芳芳,1
至终_老师,1
至始_至终,1
灵魂_至始,1
吞噬_灵魂,1
逐渐_吞噬,1
回来_小娟,1
承受_更重,1
田宇招_回来,1
部分_田宇招,1
招魂_部分,1
一种_招魂,1
神婆_一种,1
观点_神婆,1
这种_观点,1
相信_这种,1
小娟_愿意,1
地狱_小娟,1
离开_地狱,1
无法_离开,1
受刑_无法,1
一家_承受,1
更重_刑罚,1
不能_正确,1
不语_怪力乱神,1
依赖_不能不,1
敬神_依赖,1
就行了_敬神,1
过好_就行了,1
生活_过好,1
眼下_生活,1
专注_眼下,1
事情_专注,1
虚无缥缈_事情,1
追随_虚无缥缈,1
必要_追随,1
普通人_必要,1
怪力乱神_普通人,1
细思极_不语,1
刑罚_现实生活,1
相信_细思极,1
亲眼看见_不愿,1
巧合_亲眼看见,1
毕竟_巧合,1
操控_毕竟,1
大手_操控,1
无形_大手,1
是不是_无形,1
天意_谁又能,1
必有_天意,1
冥冥之中_必有,1
常说_冥冥之中,1
现实生活_常说,1
田宇_受刑,1
认为_田宇,1
真相_认为,1
不好_遇到,1
元素_外衣,1
不如说是_传统,1
真实_存在,1
鬼神_真实,1
解释_鬼神,1
科学_解释,1
办法_科学,1
坚信不疑_办法,1
一种_坚信不疑,1
鬼神_算是,1
事件_相信,1
几件_灵异,1
遇到_几件,1
矛盾_不好,1
也许_真相,1
知道_矛盾,1
对话_知道,1
两边_对话,1
阴阳_两边,1
警官_阴阳,1
解释_警官,1
不能_解释,1
逻辑_不能,1
真实_逻辑,1
细节_真实,1
受伤_细节,1
二次_受伤,1
有点_二次,1
外衣_解密,1
解密_几章,1
几章_恐怖,1
到位_突脸,1
描写_也许,1
地狱_描写,1
那段_地狱,1
附身_那段,1
小娟_田宇,1
真亦幻_小娟,1
虚幻_真亦幻,1
可循_虚幻,1
有理_可循,1
现实_有理,1
结合_现实,1
相互_结合,1
真实世界_相互,1
东西_真实世界,1
超现实_东西,1
手法_超现实,1
现实_手法,1
虚幻_现实,1
处理_虚幻,1
作者_处理,1
不得不_喜欢,1
味道_不得不,1
完全_中式,1
刺激_完全,1
低级_感官,1
这种_低级,1
突脸_这种,1
不能不_不能,1
正确_态度,1
一刻_感受,1
心系_寡妇,1
心理_虎头蛇尾,1
大众_心理,1
迎合_大众,1
一味_迎合,1
观念_一味,1
碍于_观念,1
作者_碍于,1
灭门_作者,1
助其_灭门,1
争风吃醋_助其,1
得知_争风吃醋,1
老师_得知,1
寡妇_老师,1
看望_心系,1
失去_艺术性,1
医生_看望,1
脱离苦海_医生,1
助其_脱离苦海,1
精神力量_助其,1
给予_精神力量,1
两情相悦_给予,1
小娟_两情相悦,1
缠绕_小娟,1
冤魂_缠绕,1
田宇_冤魂,1
两种_田宇,1
以下_两种,1
考虑_以下,1
虎头蛇尾_失去,1
艺术性_毕竟,1
态度_一点,1
东西_收获,1
触手可及_回过,1
越来越近_触手可及,1
绚烂_星空,1
提炼_价值观,1
大众_提炼,1
受欢迎_大众,1
科学_受欢迎,1
结合_迷信,1
手法_结合,1
这种_手法,1
采用_这种,1
小说_采用,1
收获_小说,1
汲取_珍贵,1
毕竟_后面,1
希望_汲取,1
作者_最后,1
一玩_作者,1
总共_值得,1
味蕾_总共,1
挑战_味蕾,1
情节_挑战,1
常理_情节,1
违背_常理,1
稍稍_违背,1
吸引力_稍稍,1
太有_吸引力,1
情节_太有,1
丰满_考虑,1
人写_丰满,1
两个_人写,1
受刑_每天,1
谈谈_感情,1
吐槽_谈谈,1
区别_吐槽,1
几百万年_区别,1
亿年_几百万年,1
亿年_几万,1
地狱_几万,1
足够_地狱,1
次数_足够,1
出声_次数,1
笑话_出声,1
地狱_笑话,1
每天_地狱,1
不用_受刑,1
能够_两个,1
几个_不用,1
地狱_几个,1
信徒_地狱,1
虔诚_信徒,1
现代_虔诚,1
以后_现代,1
地狱_以后,1
死后_地狱,1
赶紧_死后,1
精彩_赶紧,1
现世_精彩,1
西方人_现世,1
一点_西方人,1
感情_意见,1
意见_满意,1
满意_地方,1
地方_肯定,1
献身_能够,1
明显_嫌疑人,1
感情_明显,1
寡妇_感情,1
医生_寡妇,1
挺无语_医生,1
合照_挺无语,1
晦气_合照,1
还给_晦气,1
女鬼_还给,1
来历不明_女鬼,1
最后_来历不明,1
好感_最后,1
突然_好感,1
交集_突然,1
老师_交集,1
左右_之前,1
一天_左右,1
差不多_一天,1
看样子_差不多,1
持续时间_看样子,1
教师_持续时间,1
第一眼_教师,1
角色_第一眼,1
警官_角色,1
带入_警官,1
肯定_带入,1
只能_天意,1
天意_最终,1
最终_无人问津,1
思想_自欺欺人,1
无辜_善良,1
伤及_无辜,1
惩罚_伤及,1
命运_惩罚,1
自欺欺人_命运,1
深信不疑_自欺欺人,1
招魂_深信不疑,1
之后_招魂,1
儿子_之后,1
报应_儿子,1
过会_报应,1
偷东西_过会,1
自欺欺人_偷东西,1
封建_思想,1
侥幸_逃脱,1
所谓_封建,1
面前_所谓,1
金钱_面前,1
展现_金钱,1
盗墓贼_展现,1
封建迷信_盗墓贼,1
注定_封建迷信,1
恰似_注定,1
不错_期待,1
牵强_不错,1
有点_牵强,1
医生_有点,1
后面_医生,1
善良_侥幸,1
逃脱_杀死,1
气氛_整体,1
索木_评价,1
艺术化_叙事,1
配乐_艺术化,1
出色_配乐,1
正用_出色,1
烟火_正用,1
互动性_烟火,1
具有_互动性,1
感受_具有,1
感官_感受,1
多种_感官,1
汇集_多种,1
艺术_汇集,1
优秀_一种,1
用户_索木,1
杀死_证人,1
升华_黑盒,1
伏笔_升华,1
内容_伏笔,1
厉害_内容,1
推荐_厉害,1
神作_推荐,1
应有_惩罚,1
收到_应有,1
最终_收到,1
希望_最终,1
惩罚_希望,1
逃脱_惩罚,1
证人_逃脱,1
不错_后面,1
一生_一壶,1
希望_评测,1
那句_孩子,1
死后_不忍,1
一家_死后,1
小娟_一家,1
计策_小娟,1
谋划_计策,1
为小娟_谋划,1
离开_为小娟,1
小娟_离开,1
孩子_医生,1
了解_每个,1
孩子_了解,1
世界_每个,1
井里_绳子,1
组织_那句,1
小娟_蒙受,1
文物_组织,1
公开_贩卖,1
账本_公开,1
不止_拿到,1
伟大_不止,1
陈青穗_伟大,1
至善_陈青穗,1
人性_至善,1
悲剧_人性,1
之恶_这是,1
这是_人性,1
逃离_这是,1
这是_逃离,1
不忍_小娟,1
蒙受_村里人,1
几个_一生,1
不再_痛苦,1
路过_几个,1
下来_路过,1
一场_下来,1
温柔_一场,1
世界_温柔,1
希望_世界,1
善良_希望,1
种子_善良,1
善良_种子,1
快乐_善良,1
投入_快乐,1
食物_投入,1
痛苦_食物,1
家人_不再,1
村里人_恶语,1
看看_芳芳,1
出去_看看,1
医生_出去,1
鼓励_医生,1
前一刻_鼓励,1
自杀_前一刻,1
小娟_自杀,1
目的_小娟,1
真凶_目的,1
成为_真凶,1
谋划_成为,1
猜测_谋划,1
恶语_猜测,1
叙事_讲述,1
讲述_沉浸,1
沉浸_无法自拔,1
像是_视觉,1
寻找_指向,1
房间_寻找,1
不用_房间,1
物品_不用,1
物品_物品,1
寻找_物品,1
就行_寻找,1
游玩_就行,1
随意_游玩,1
思考_随意,1
要素_基本,1
好看_解密,1
小说_好看,1
推理_像是,1
点击_希望,1
解密_推理,1
比起_解密,1
小说_部分,1
可视_小说,1
孩子_可视,1
好神_可怜,1
演出_好神,1
电影_陈老师,1
深刻_电影,1
记忆_深刻,1
一场_记忆,1
翻涌_三个,1
仍然_翻涌,1
指向_点击,1
希望_下一作,1
无法自拔_久久,1
东西_传统,1
玩完_处处,1
一次_玩完,1
坐下_一次,1
注重_坐下,1
解密_注重,1
浅度_解密,1
幌子_催泪,1
恐怖_幌子,1
远方_一定,1
船票_远方,1
拿到_船票,1
一定_拿到,1
恐怖_陈老师,1
无法形容_东西,1
下一作_注重,1
厌恶_无法形容,1
封建迷信_厌恶,1
这款_封建迷信,1
跳脸_这款,1
比起_跳脸,1
恐怖_比起,1
可惜_祝好,1
算得_可惜,1
推理_算得,1
游戏性_推理,1
内容_游戏性,1
推理_内容,1
注重_推理,1
心情_仍然,1
当初_心情,1
看见_当初,1
今后_日子,1
在我心中_留存,1
依旧会_在我心中,1
情感_依旧会,1
未来_情感,1
迷茫_未来,1
生活_迷茫,1
牢笼_生活,1
想要_冲破,1
那种_想要,1
相信_那种,1
忘记_相信,1
我会_忘记,1
日子_我会,1
感动_今后,1
过去_看见,1
热泪盈眶_感动,1
仍会_热泪盈眶,1
时至今日_仍会,1
三四遍_时至今日,1
经历_三四遍,1
两三年_经历,1
已经_两三年,1
渠道_已经,1
加上_渠道,1
游玩_加上,1
亲身_游玩,1
意难平_亲身,1
久久_意难平,1
留存_时时,1
时时_萦绕,1
萦绕_脑海,1
脑海_一次,1
精彩_呜呜,1
表达_精彩,1
感动_作者,1
整个_感动,1
呜呜_整个,1
满地_呜呜,1
小说_剧透,1
电影_小说,1
尽可能_电影,1
以后_尽可能,1
之中_以后,1
沉浸_之中,1
依然_沉浸,1
走向_依然,1
知道_走向,1
早已_知道,1
第一遍_早已,1
后悔_第一遍,1
帮助_井底,1
梯子_帮助,1
井中_梯子,1
成为_井中,1
我愿_成为,1
如今_我愿,1
星空_如今,1
那句话_井底,1
一次_那句话,1
到极点_这是,1
芳芳泪_到极点,1
多声_芳芳泪,1
确实_尤其,1
感人_感人,1
肯定_感人,1
原因_肯定,1
结尾_原因,1
感人_结尾,1
一下_感人,1
鼻子_一下,1
个人_鼻子,1
渲染_个人,1
画面_氛围,1
尾声_画面,1
音乐_尾声,1
送别_音乐,1
音乐_确实,1
那种_程度,1
音效_音乐,1
优点_音效,1
优点_优点,1
不同_肯定,1
想法_不同,1
传达_想法,1
角色_传达,1
太多_基本上,1
是不是_太多,1
传达_是不是,1
作者_传达,1
感人_作者,1
结束_感人,1
神作_那种,1
人物_分到,1
喜欢_原因,1
只能_第一次,1
感动_是因为,1
玩玩_感动,1
买来_玩玩,1
实况_买来,1
散人_老师,1
第一个_看过,1
价但_期待,1
不值_价但,1
多元_不值,1
完折_多元,1
小亏_完折,1
有点_小亏,1
栖居_游魂,1
反正_只能,1
分到_刻画,1
家人_反正,1
心中_家人,1
亚瑟_心中,1
亚瑟_亚瑟,1
刻画_亚瑟,1
大部分_刻画,1
小时_大部分,1
感动_小时,1
摩根_感动,1
亚瑟_摩根,1
大表哥_亚瑟,1
太短_大表哥,1
刻画_太短,1
形象_已经,1
热乎_形象,1
感受_热乎,1
现在_玩完,1
解密_所谓,1
不差_主要,1
现在_不差,1
玩完_想到,1
十点_玩完,1
我快_十点,1
恐怖_我快,1
神作_中式,1
基本_感人,1
评价_基本,1
之前_评价,1
复杂_之前,1
玩完_复杂,1
困住_枯井,1
到手_感受,1
那方_困住,1
走出_那方,1
治愈_走出,1
善良_治愈,1
温暖_善良,1
难过_温暖,1
希望_难过,1
星空_希望,1
点亮_星空,1
老师_点亮,1
遇到_一位,1
希望_遇到,1
不要_希望,1
恐怖_那种,1
那种_所谓,1
所谓_毛骨悚然,1
毛骨悚然_背后,1
人物_到手,1
时长_人物,1
小时_时长,1
大概_三个,1
人物_大概,1
五六个_人物,1
刻画_五六个,1
主要_刻画,1
里面_主要,1
解开_里面,1
轻松_解开,1
小学生_轻松,1
五六年_小学生,1
挑个_五六年,1
随便_挑个,1
解谜_随便,1
不要_解谜,1
解谜_不要,1
不够_悬疑,1
猜出来_不够,1
怎么回事_猜出来,1
案子_怎么回事,1
部分_案子,1
中间_部分,1
大概_中间,1
发冷_大概,1
背后_发冷,1
是因为_喜欢,1
原因_中式,1
离去_多声,1
讽刺_迷信,1
治愈_部分,1
上司_治愈,1
编辑部_上司,1
青穗_编辑部,1
牺牲_青穗,1
高层_牺牲,1
保住_高层,1
医生_保住,1
县城_医生,1
小娟_县城,1
忍韧_小娟,1
公婆_忍韧,1
迷信_公婆,1
总体_讽刺,1
想要_山里,1
主线_总体,1
勿进_主线,1
透比_勿进,1
有剧_透比,1
苦涩_以下,1
英雄好汉_苦涩,1
探案_英雄好汉,1
悬疑_探案,1
说好_悬疑,1
恐怖_说好,1
说好_恐怖,1
苦涩_说好,1
不值钱_苦涩,1
部分_天真无邪,1
孩子_递向,1
中式_感动,1
丈夫_母爱,1
一起_离去,1
跟着_一起,1
芳芳_跟着,1
发现_芳芳,1
回来_发现,1
买药_回来,1
去世_买药,1
公婆_去世,1
丈夫_公婆,1
小娟_丈夫,1
击溃_小娟,1
最后_击溃,1
母爱_枷锁,1
腥味_假装,1
递向_上爬,1
无法忍受_腥味,1
附体_无法忍受,1
丈夫_附体,1
伪装成_死去,1
县城_伪装成,1
离开_县城,1
伟大_芳芳,1
林理洵_母爱,1
事件真相_林理洵,1
追求_事件真相,1
一直_追求,1
包括_一直,1
上爬_绳子,1
烟火_眼泪,1
全网_最后,1
好好_一把,1
评测_之前,1
慢慢_线索,1
吸引_慢慢,1
demo_独特,1
试玩_demo,1
认真_试玩,1
更多人_认真,1
希望_更多人,1
第一次_希望,1
大作_第一次,1
年度_大作,1
评分_年度,1
玩过_评分,1
之前_玩过,1
第一次_评测,1
角色_好好,1
完美_期待,1
创造_完美,1
组能_创造,1
制造_组能,1
感谢_制造,1
好久_感谢,1
念念不忘_好久,1
这句_念念不忘,1
共鸣_尸体,1
感到_共鸣,1
中国_感到,1
更能_中国,1
感动_更能,1
线索_了解,1
了解_田家,1
田家_案时,1
案时_烧脑,1
代入_角色,1
解密_代入,1
国产_中式,1
接触_国产,1
希望_接触,1
真心_希望,1
内容_真心,1
不剧_内容,1
不能平静_不剧,1
升华_久久,1
收尾_升华,1
结局_收尾,1
推荐_好评,1
给出_推荐,1
不得不_给出,1
最后_不得不,1
恰到好处_最后,1
处理_恰到好处,1
要素_处理,1
布局_恐怖,1
想象_布局,1
作者_想象,1
感叹_作者,1
不得不_感叹,1
入迷_不得不,1
丰富_入迷,1
烧脑_丰富,1
处处_时代,1
时代_封建,1
封建_陋习,1
快餐_程序,1
汹涌_四射,1
火焰_汹涌,1
榜样_火焰,1
做好_榜样,1
烟火_做好,1
相信_烟火,1
燎原_相信,1
星星之火_燎原,1
无以至千里_星星之火,1
不积跬步_无以至千里,1
市场_不积跬步,1
主导_市场,1
程序_主导,1
弱智_快餐,1
席卷_整个,1
无脑_弱智,1
小型_这种,1
独立_小型,1
现实主义_独立,1
批判性_现实主义,1
这种_批判性,1
幻想_中国,1
一点_幻想,1
最后_一点,1
中国_最后,1
未来_中国,1
挽回_未来,1
低迷_挽回,1
四射_席卷,1
整个_神州大地,1
太多_令人,1
入手_不要,1
这部_有太多,1
降价_开心,1
今天_降价,1
昨天_今天,1
推荐_昨天,1
第一次_恐怖,1
感动_第一次,1
心态_最后,1
试试_心态,1
同学_安利,1
再次_迷失方向,1
艺术_再次,1
不要_第九,1
加紧_入手,1
神州大地_中国,1
入手_加紧,1
一次_入手,1
骄傲_一次,1
是否_骄傲,1
国产_是否,1
自信_国产,1
骨子里_自信,1
那种_骨子里,1
带来_那种,1
强大_文化,1
技术_强大,1
展现_技术,1
中国_展现,1
国产_低迷,1
高分_国产,1
打上_高分,1
解开_一桩,1
去往_更大,1
逃离_去往,1
芳芳_逃离,1
帮助_赵小娟,1
事叶_医生,1
形象_事叶,1
生动_形象,1
刻画_生动,1
感同身受_里面,1
思绪_感同身受,1
线索_思绪,1
离奇命案_种种,1
一桩_离奇命案,1
构述_解开,1
这款_打上,1
思想_构述,1
结合_传统,1
新奇_结合,1
构思_新奇,1
新颖_构思,1
算不得_新颖,1
玩法_算不得,1
一定_片尾曲,1
结局_小时,1
回味_留白,1
值得_回味,1
人要_哈哈哈,1
纸片_人要,1
更大_世界,1
世界_出现意外,1
出现意外_洗刷,1
赵小娟_冤屈,1
自信_这款,1
十分_自信,1
满分_十分,1
太多_悲剧,1
滋生_太多,1
愚昧_滋生,1
回响_封建,1
内心_回响,1
触达_内心,1
更能_触达,1
枯井_令人,1
狭窄_枯井,1
走出_狭窄,1
帮助_乡村,1
真心实意_想要,1
后面_真心实意,1
账本_后面,1
走私案_拿到,1
破获_文物,1
想要_破获,1
老师_想要,1
化身_支教,1
暴露_化身,1
案件_暴露,1
引入_案件,1
主角_引入,1
冤屈_主角,1
有太多_太多,1
令人_深刻,1
不高_数不高,1
上半_头发,1
提到_上吊,1
有段_提到,1
前面_有段,1
很妙_前面,1
呼应_很妙,1
发尾_呼应,1
黑长_发尾,1
背影_黑长,1
赵小娟_背影,1
后面_赵小娟,1
蛋糕_头发,1
前面_蛋糕,1
头发_前面,1
几章_上半,1
头发_缠到,1
中间_几章,1
头发_中间,1
赵小娟_头发,1
寓意_人物,1
线索_寓意,1
前中后_伏笔,1
重新_前中后,1
只能_重新,1
不了_只能,1
bug_不了,1
会卡_bug,1
右下角_会卡,1
挪到_右下角,1
上吊_头发,1
缠到_电话线,1
深刻_台词,1
所作所为_假设,1
解释_叶敬山,1
很难_解释,1
一事_很难,1
头发_一事,1
太难_头发,1
起来_太难,1
实施_起来,1
两件事_实施,1
桥段_两件事,1
灵异_桥段,1
梦境_灵异,1
除林理洵_梦境,1
假设_除林理洵,1
叶敬山_所作所为,1
电话线_有点,1
归结为_叶敬山,1
主导_归结为,1
知道_主导,1
三件_知道,1
蛋糕_三件,1
电话_蛋糕,1
异响_电话,1
勒绳_异响,1
打有_勒绳,1
头发_打有,1
所以然_头发,1
不明_所以然,1
有点_不明,1
鸟笼_挪到,1
右侧_鸟笼,1
女孩_右侧,1
痛苦_受伤,1
融不_融洽,1
音乐_融不,1
独特_音乐,1
画风_独特,1
巧妙_画风,1
情节_构思,1
优秀_情节,1
优不_优秀,1
追捧_优不,1
地方_追捧,1
那才_地方,1
人群_那才,1
受伤_人群,1
昏暗_痛苦,1
瓶子_女孩,1
烈火_昏暗,1
熊熊燃烧_烈火,1
好像_熊熊燃烧,1
灰烬_好像,1
仿佛_灰烬,1
群山_仿佛,1
前面_群山,1
星河_前面,1
坠入_漫天,1
天空_化作,1
天伦_尸体,1
共享_天伦,1
台词_共享,1
融洽_文化,1
内核_那种,1
那种_烙印,1
烙印_国人,1
苛刻_瓶子,1
有点_苛刻,1
残党_有点,1
暴躁_残党,1
一点_暴躁,1
调大_一点,1
距离_调大,1
容错_距离,1
地方_容错,1
骸骨_地方,1
拼接_骸骨,1
手动_拼接,1
毫无意义_手动,1
功能_毫无意义,1
存档_功能,1
手动_存档,1
机器人_手动,1
左右_机器人,1
只会_左右,1
单线_只会,1
浏览_单线,1
操作_浏览,1
先说_操作,1
指引方向_刚刚,1
欣赏_文化,1
理解_欣赏,1
国人_理解,1
数不高_纸片,1
效率_不高,1
陋习_令人,1
风格_打磨,1
一下_本作,1
分析_一下,1
简要_分析,1
爱好者_简要,1
推理_爱好者,1
一名_推理,1
捂脸_一名,1
清新_捂脸,1
恐怖_清新,1
众多_恐怖,1
说实话_众多,1
用心_说实话,1
打磨_用心,1
惊喜_美术,1
要点_设置,1
切换_惊喜,1
模式_切换,1
照相机_模式,1
创新_照相机,1
大胆_创新,1
好几处_大胆,1
限制_好几处,1
单一化_限制,1
拒绝_单一化,1
玩法_拒绝,1
优点_玩法,1
谈谈_优点,1
触动_谈谈,1
悬疑_要点,1
设置_叶敬山,1
确实_有意思,1
人物_分析,1
推荐_下来,1
水准_期待,1
之匣_水准,1
魍魉_之匣,1
极夏彦_魍魉,1
达到_极夏彦,1
已经_达到,1
深度_已经,1
融合_深度,1
嵌套_融合,1
诡计_嵌套,1
核心_诡计,1
分析_核心,1
必然性_本作,1
赵小娟_双重身份,1
意外_必然性,1
兼具_意外,1
胜有声_兼具,1
欲点_无声,1
真相_欲点,1
陈老师_真相,1
结尾_陈老师,1
设置_结尾,1
暗线_设置,1
陈老师_暗线,1
设置_陈老师,1
诱导_设置,1
双重身份_诱导,1
长夜难明_触动,1
第一次_长夜难明,1
中堪_第一次,1
与其说是_一部,1
稍微_一点,1
之后_稍微,1
解说_之后,1
有点_解说,1
整体_有点,1
明白_整体,1
解说_明白,1
世间_苦难,1
见识_世间,1
电影_希望,1
部长_电影,1
观看_部长,1
像是_观看,1
不算_与其说是,1
心目_中堪,1
环环相扣_解密,1
很棒_环环相扣,1
独立_很棒,1
轻舟_过重,1
再回首_轻舟,1
古道_再回首,1
选择_长亭,1
独具匠心_选择,1
结构_独具匠心,1
戏剧_结构,1
怪诞_戏剧,1
毛骨悚然_怪诞,1
令人_毛骨悚然,1
一点_恐怖,1
恐怖_发现,1
解密_重要,1
重要_恐怖,1
神作_心目,1
无疑_神作,1
标签_无疑,1
建议_恐怖,1
推理_佳作,1
国产_推理,1
毫无疑问_国产,1
有情人终成眷属_呜呜,1
一面_有情人终成眷属,1
警官_一面,1
气氛_最后,1
还算_恐怖,1
整体_还算,1
好玩_整体,1
恐怖_过程,1
yy_恐怖,1
猜测_yy,1
总少点_猜测,1
血压_总少点,1
减少_血压,1
流畅_减少,1
这种_流畅,1
流畅_喜欢,1
解密_流畅,1
鸡皮疙瘩_解密,1
解不出_鸡皮疙瘩,1
恐怖_解不出,1
下来_确实,1
有意思_吸引,1
运行_效率,1
越往后_沉浸,1
悲凉_温情,1
既有_悲凉,1
把握_既有,1
恐怖_把握,1
上将_恐怖,1
整体_上将,1
东西_整体,1
之外_东西,1
元素_之外,1
注意_恐怖,1
害怕_注意,1
几乎_害怕,1
沉浸_几乎,1
忐忑_越往后,1
途中_做过,1
一直_忐忑,1
恐怖_一直,1
凉意_前期,1
不散_凉意,1
迟迟_不散,1
缝里_迟迟,1
骨头_缝里,1
钻进_骨头,1
一股_钻进,1
总带_一股,1
刺激_总带,1
血肉模糊_刺激,1
很少_血肉模糊,1
温情_途中,1
做过_猜想,1
一步步_解开,1
答案_心里,1
转译_运行,1
点点_转译,1
声音_点点,1
现在_声音,1
兼容_现在,1
完美_兼容,1
早日_完美,1
希望_早日,1
操作_希望,1
拿捏_操作,1
氛围_拿捏,1
无敌_氛围,1
steamdeck_无敌,1
到底_答案,1
猜想_隐约,1
结局_到底,1
落得_结局,1
只能_落得,1
做错_只能,1
陈老师_做错,1
正直_善良,1
芳芳_正直,1
赵小娟_天真无邪,1
想像_鸟儿,1
忍住_想像,1
水面_忍住,1
预感_真相,1
隐约_预感,1
圆满_中式,1
推荐_圆满,1
点个_推荐,1
一段_情节,1
工作室_一贯,1
还好_拾英,1
风格_还好,1
想象_美术,1
游玩_想象,1
疑团_游玩,1
结局_疑团,1
结尾_开放性,1
中规中矩_意义,1
比较_中规中矩,1
地方_比较,1
精彩_地方,1
情节_精彩,1
黄泉_一段,1
要来_点个,1
进入_黄泉,1
男主_进入,1
渲染_男主,1
音乐_氛围,1
前期_音乐,1
偏低_前期,1
难度_偏低,1
指数_不高,1
恐怖_指数,1
真相_期待,1
谜团_了解,1
案件_谜团,1
解开_案件,1
一贯_风格,1
风格_中式,1
恐怖_最大,1
最大_诟病,1
想想_要来,1
好久_想想,1
过去_好久,1
玩完_已经,1
距离_玩完,1
星河_今宵,1
到底_或许,1
暖心_陈老师,1
现实主义_暖心,1
恐怖_现实主义,1
超自然_中式,1
亲切感_doge,1
莫名_亲切感,1
纸人_莫名,1
现在_纸人,1
导致_现在,1
恐怖_导致,1
一定_中式,1
玩过_一定,1
算是_玩过,1
纸人_算是,1
逃不开_纸人,1
总是_逃不开,1
似乎_总是,1
素材_似乎,1
目前_素材,1
诟病_目前,1
评测_不要,1
哈哈哈_希望,1
无人问津_镇子,1
空间_肉身,1
能够_真正,1
发下_孩子,1
教书_发下,1
留下_教书,1
陈青穗_留下,1
教育_陈青穗,1
开化_教育,1
需要_开化,1
却是_需要,1
出去_却是,1
精神_出去,1
出去_精神,1
肉身_能够,1
物理_空间,1
出去_悲愿,1
铺开_物理,1
基建_铺开,1
国家_基建,1
迷信_国家,1
落后_迷信,1
偏远_落后,1
小镇_偏远,1
小村_小镇,1
困住_小村,1
一万只_月光,1
身上_一万只,1
三伏_身上,1
出玩_不到,1
真正_出去,1
悲愿_感动,1
最后_三伏,1
玩法_花里胡哨,1
四五分钟_解开,1
上个_四五分钟,1
最多花_上个,1
太难_最多花,1
不算_太难,1
解密_不算,1
方向键_解密,1
交互_方向键,1
两个_交互,1
用到_两个,1
需要_用到,1
解谜_需要,1
花里胡哨_操作,1
最好_解谜,1
感动_赵小娟,1
迄今为止_最好,1
泪目_迄今为止,1
一周_泪目,1
地飞_起来,1
真正_地飞,1
枯井_真正,1
能够_枯井,1
有朝一日_能够,1
向上_有朝一日,1
腐烂_向上,1
动容_泥土,1
悬梁_动容,1
赵小娟_悬梁,1
三伏_出玩,1
魅力_最后,1
幸福_哈哈哈,1
无聊_内存,1
悲剧_造化弄人,1
遗憾_悲剧,1
大概_充满,1
概括_大概,1
一句_概括,1
大声_恐怖,1
烟火_大声,1
之前_烟火,1
承认_之前,1
现在_承认,1
一口气_现在,1
打算_一口气,1
内存_打算,1
误解_无聊,1
忍不住_叹息,1
很大_误解,1
产生_很大,1
地玩_产生,1
断断续续_地玩,1
一直_断断续续,1
学校_一直,1
之前_学校,1
心头_飞往,1
萦绕_心头,1
之美_萦绕,1
遗憾_之美,1
放不下_遗憾,1
放下_放不下,1
造化弄人_忍不住,1
叹息_之后,1
不到_魅力,1
呜呜_一款,1
get_不到,1
地玩_get,1
不连贯_地玩,1
之前_不连贯,1
打开方式_之前,1
正确_打开方式,1
或许_正确,1
一口气_或许,1
下午_一口气,1
闲适_下午,1
找个_闲适,1
这种_找个,1
值得_这种,1
生活_呜呜,1
之后_清晰,1
开心_生活,1
心意_开心,1
时空_心意,1
平行_时空,1
希望_平行,1
好意_难平,1
小娟_好意,1
和田_小娟,1
陈老师_和田,1
角色_特别,1
姓名_角色,1
回忆起_姓名,1
清晰_回忆起,1
解开_恐怖,1
氛围_恰到好处,1
恰到好处_只能,1
反抗_高歌,1
电影_从未,1
催泪_电影,1
无数场_催泪,1
看过_无数场,1
埋没_看过,1
灰烬_埋没,1
早已_灰烬,1
意识_早已,1
时才_意识,1
自由_时才,1
面对_自由,1
叶敬山_面对,1
高歌_叶敬山,1
唱出_反抗,1
感动_落泪,1
最后_唱出,1
生命_最后,1
深渊_生命,1
推入_绝望,1
自由_推入,1
获得_自由,1
即将_获得,1
儿媳_即将,1
公之于众_田家,1
无法_公之于众,1
罪恶_无法,1
隐藏_罪恶,1
一份_隐藏,1
从未_感动,1
落泪_烟火,1
只能_手指缝,1
已经_安利,1
正着_大拇指,1
正式版_正着,1
期待_正式版,1
demo_期待,1
已经_demo,1
三伏_已经,1
优秀_三伏,1
蟑螂_做出,1
工作室_希望,1
支持_工作室,1
作者_支持,1
小伙伴_支持,1
安利_小伙伴,1
再次发生_已经,1
做到_希望,1
不要_再次发生,1
悲剧_不要,1
田家_彻头彻尾,1
希望_田家,1
孩子_希望,1
吹散_陈老师,1
大风_吹散,1
自由_大风,1
幸福_自由,1
名为_幸福,1
大山_名为,1
一堆堆_灰烬,1
现实_一堆堆,1
账本_一份,1
星星_账本,1
化为_一颗,1
智商_在线,1
所有人_所作所为,1
夫妇_所有人,1
山田_夫妇,1
叶敬_山田,1
前行_叶敬,1
孩子_前行,1
变成_一颗,1
陈老师_变成,1
不用说_陈老师,1
女主_不用说,1
最后_女主,1
阴影_最后,1
在线_一直,1
十足_智商,1
陈老师_化为,1
正义感_十足,1
警察_正义感,1
上任_警察,1
男主_上任,1
引人深思_男主,1
足以_引人深思,1
每个_足以,1
价值_每个,1
人物_存在,1
小朋友_人物,1
吓唬_小朋友,1
玩游戏_吓唬,1
手指缝_玩游戏,1
所作所为_令人,1
令人_动容,1
动容_潸然泪下,1
潸然泪下_剧透,1
伸张_陈老师,1
得到_伸张,1
正义_得到,1
最后_正义,1
救赎_最后,1
迷失_互相,1
山间_迷失,1
灰烬_山间,1
被困_灰烬,1
两位_被困,1
儿媳_两位,1
叶敬山_田家,1
两隔_叶敬山,1
阴阳_两隔,1
陈老师_阴阳,1
男主_陈老师,1
那口_男主,1
反转_那口,1
震撼人心_反转,1
一次_震撼人心,1
田家_一次,1
无论是_田家,1
艺术品_无论是,1
称得上_艺术品,1
绝对_称得上,1
只能_绝对,1
警告_只能,1
亲昵_放下,1
摩擦_亲昵,1
舒展_摩擦,1
美好_注定,1
形象_传递,1
虚拟_形象,1
这一_虚拟,1
能够_这一,1
数据_这份,1
一串_数据,1
之海_一串,1
电子_之海,1
漂浮_电子,1
中是_漂浮,1
虚拟_中是,1
存在_虚拟,1
注定_存在,1
老师_这份,1
心中_成为,1
存在_老师,1
永远_存在,1
或许_永远,1
土地_或许,1
现实_土地,1
这片_现实,1
老师_这片,1
梦寐以求_老师,1
陈老师_梦寐以求,1
神迹_最后,1
称为_神迹,1
我愿_称为,1
画面_我愿,1
传递_心中,1
成为_愿意,1
土地_这种,1
感同身受_一种,1
撼动_齿轮,1
撼动_撼动,1
只能_撼动,1
微乎其微_只能,1
力量_微乎其微,1
拥有_力量,1
之中_拥有,1
秩序_之中,1
黑色_秩序,1
形成_黑色,1
蓦然_形成,1
社会_蓦然,1
一种_社会,1
境遇_感同身受,1
陈老师_存在,1
最后_境遇,1
警告_陈老师,1
学校_警告,1
学姐_学校,1
喝茶_学姐,1
过去_喝茶,1
封锁线_过去,1
那条_封锁线,1
触犯_那条,1
不能_触犯,1
传媒_不能,1
力量_传媒,1
存在_力量,1
人心_配合,1
感动_人心,1
实在_感动,1
鸟死_天空,1
折断_羽翼,1
自愿_折断,1
田宇_自愿,1
爱上_田宇,1
也许_爱上,1
明说_也许,1
直接_明说,1
深山_直接,1
拐卖_深山,1
医生_拐卖,1
是不是_医生,1
究竟_是不是,1
赵小娟_究竟,1
一只_鸟死,1
自述_实在,1
确实_一只,1
过来_确实,1
反应_过来,1
一下_反应,1
特别_一下,1
在读_特别,1
读诗_在读,1
喜欢_读诗,1
赵小娟_个人,1
最深_赵小娟,1
感触_最深,1
可惜_感触,1
镇子_可惜,1
羽翼_囚禁,1
囚禁_名为,1
名为_家庭,1
家庭_牢笼,1
医生_自述,1
一段_医生,1
老师_最后,1
感触_月光,1
没什么_感触,1
医生_没什么,1
一丝_医生,1
鲜血_一丝,1
羽毛_鲜血,1
留下_羽毛,1
羽毛_留下,1
黑色_羽毛,1
拿到_黑色,1
最后_拿到,1
笼子_最后,1
囚禁_笼子,1
撞开_囚禁,1
想要_撞开,1
拼命_想要,1
未来_拼命,1
憧憬_未来,1
值得_憧憬,1
拥有_值得,1
女儿_拥有,1
想要_女儿,1
之中_想要,1
牢笼_之中,1
齿轮_这片,1
这种_事情,1
纠葛_舒展,1
栩栩如生_触动,1
不可_言说,1
隐藏_不可,1
一家人_隐藏,1
田家_一家人,1
和睦_田家,1
看似_和睦,1
生活_看似,1
贴切_生活,1
内心_贴切,1
中国_内心,1
明白_中国,1
中国_明白,1
人心_中国,1
刻画_栩栩如生,1
婆媳关系_爷爷奶奶,1
陈老师_形象,1
田家_警官,1
长短_田家,1
恰如其分_长短,1
恐怖_恰如其分,1
创作_中式,1
工作室_创作,1
无名_工作室,1
两年_无名,1
一款_两年,1
指引方向_烟火,1
迷路_灵魂,1
烟花_迷路,1
言说_婆媳关系,1
爷爷奶奶_儿子,1
事情_从来不,1
在生活中_随处可见,1
音容笑貌_纠葛,1
真实_音容笑貌,1
伫立_虚幻,1
孤独_伫立,1
男主_孤独,1
绽放_男主,1
解谜_最后,1
烟火_民俗,1
母亲_幸福,1
小娟_母亲,1
一位_小娟,1
中愿_一位,1
随处可见_尸体,1
虚幻_在生活中,1
儿子_痴狂,1
形象_虚幻,1
每个_形象,1
似乎_每个,1
芳芳_似乎,1
家人_芳芳,1
心想_家人,1
无知_心想,1
小娟_懵懂,1
拼命_小娟,1
孩子_拼命,1
程度_孩子,1
偏心_程度,1
痴狂_偏心,1
绽放_烟花,1
有趣_吓人,1
叙事_有趣,1
结局_表面,1
通灵_神探,1
类似_通灵,1
一部_类似,1
端上来_罢急,1
三伏_端上来,1
天才_三伏,1
老师_天才,1
水花_月光,1
多大_水花,1
掀起_多大,1
湖上_掀起,1
平静_湖上,1
表面_平静,1
生命_结局,1
流程_叙事,1
回答_陈老师,1
女孩_回答,1
花瓶_女孩,1
换取_花瓶,1
之物_换取,1
珍重_之物,1
东西_珍重,1
牺牲_东西,1
需要_牺牲,1
邪恶_需要,1
揪出_邪恶,1
稀奇_揪出,1
从来不_稀奇,1
神探_电影,1
电影_玩游戏,1
玩游戏_每个,1
人物_配合,1
百感交集_叹息,1
竟凝噎_百感交集,1
千言万语_竟凝噎,1
芳芳_千言万语,1
老师_芳芳,1
人物_叶敬山,1
心疼_里面,1
同情_心疼,1
意犹未尽_同情,1
小时_意犹未尽,1
发现_小时,1
突然_发现,1
再刀_我要,1
不要_再刀,1
叔叔_不要,1
呜呜_叔叔,1
结尾_呜呜,1
cp_结尾,1
恐怖_cp,1
不屑_恐怖,1
开头_不屑,1
呜呜_开头,1
只愿_终能,1
一种_说不出来,1
一曲_一种,1
后面_送别,1
配合_后面,1
大拇指_希望,1
引导_前进,1
前进_方向,1
计划_忘光,1
低下_二十块,1
能力_低下,1
组织_能力,1
语言_组织,1
痛恨_语言,1
第一次_痛恨,1
玩完_第一次,1
满地_月光,1
夏天_满地,1
三伏_夏天,1
下去_三伏,1
省吾身_不能,1
忘光_省吾身,1
库里_计划,1
带给_思考,1
玩遍_库里,1
订下_玩遍,1
之前_订下,1
堕落_之前,1
帅哥_堕落,1
帅哥_帅哥,1
这位_帅哥,1
三伏_这位,1
甘酒_青天,1
别梦寒_甘酒,1
这句_点睛之笔,1
喜欢_这句,1
指引方向_喜欢,1
二十块_带给,1
思考_太多,1
受益匪浅_小学,1
老实_羡慕,1
陈老师_所作所为,1
人生_陈老师,1
将来_人生,1
芳芳_将来,1
意外_芳芳,1
这场_意外,1
得到_这场,1
想象_得到,1
老师_想象,1
善良_老师,1
认真负责_善良,1
陈老师_认真负责,1
羡慕_芳芳,1
来讲_老实,1
太多_医生,1
陈老师_来讲,1
产生共鸣_陈老师,1
最能_产生共鸣,1
挑出_最能,1
只能_挑出,1
说完_只能,1
不能_说完,1
三言两语_不能,1
现在_三言两语,1
深刻_现在,1
背后_深刻,1
老两口_背后,1
主角_田家,1
精巧_一点,1
一点_精巧,1
难度_一点,1
荣誉_继承,1
目标_人生道路,1
职业_目标,1
寻找_职业,1
出走_寻找,1
成功_出走,1
终于_成功,1
内心_终于,1
认清_内心,1
逐渐_认清,1
事件调查_逐渐,1
一系列_事件调查,1
经历_一系列,1
继承_经历,1
阴影_荣誉,1
不错_希望,1
走出_父亲,1
最初_无法,1
理洵_最初,1
山林_理洵,1
走出_山林,1
唤醒_走出,1
启迪_唤醒,1
留下_启迪,1
自愿_留下,1
选择_自愿,1
心灵_选择,1
被害_心灵,1
疑似_被害,1
人生道路_几个,1
几个_人物,1
人物_经历,1
经历_看出,1
关卡_不错,1
功底_关卡,1
编剧_功底,1
温暖_光亮,1
不乏_温暖,1
深刻_不乏,1
悲伤_深刻,1
带来_悲伤,1
烟火_带来,1
谢谢_烟火,1
印象_谢谢,1
给人以_深刻,1
时刻_给人以,1
绽放_时刻,1
灿烂_绽放,1
短暂_灿烂,1
宛如_烟火,1
微光_宛如,1
觉醒_微光,1
挣扎_觉醒,1
一番_痛苦,1
经历_一番,1
不多且_经历,1
走出_不多且,1
成功_走出,1
能够_成功,1
看出_能够,1
所作所为_受益匪浅,1
小学_初中,1
调查_真相,1
有人_班主任,1
专科_每天,1
现在_专科,1
谢谢_现在,1
一起_谢谢,1
坐在_一起,1
要求_坐在,1
老师_要求,1
主动_老师,1
同桌_主动,1
知道_同桌,1
前段时间_知道,1
说话_前段时间,1
班主任_说话,1
日常_有人,1
学校_同学,1
开心_日常,1
值得_开心,1
分享_值得,1
每天_分享,1
有人_每天,1
安慰_有人,1
一直_安慰,1
朋友_一直,1
好多_朋友,1
幸好_好多,1
难过_幸好,1
柳暗花明_难过,1
总有_柳暗花明,1
每天_学校,1
同学_朋友,1
初中_成绩,1
必要_过去,1
感激_幸福,1
痛苦_感激,1
委屈_痛苦,1
表达_委屈,1
肉麻_表达,1
第一次_肉麻,1
好像_第一次,1
将来_好像,1
更长_将来,1
否定_更长,1
不幸_否定,1
几年_不幸,1
过去_几年,1
刚刚开始_必要,1
朋友_学长,1
人生_刚刚开始,1
原来_人生,1
优点_原来,1
原来_优点,1
优秀_原来,1
成为_优秀,1
原来_成为,1
知道_原来,1
负责_知道,1
老师_负责,1
治愈_老师,1
学姐_治愈,1
学长_学姐,1
人生_总有,1
解脱_人生,1
跳进去_解脱,1
高中_班主任,1
大专_一段时间,1
一落千丈_大专,1
成绩_一落千丈,1
垮掉_成绩,1
整个_垮掉,1
厌学_整个,1
抑郁_厌学,1
狂躁_抑郁,1
很差_狂躁,1
一直_很差,1
精神状态_一直,1
之后_精神状态,1
班主任_之后,1
遇到_高中,1
跳进去_跳进去,1
幸运_遇到,1
成绩_芳芳,1
重点高中_成绩,1
升入_重点高中,1
一帆风顺_升入,1
一直_一帆风顺,1
人生_一直,1
以前_人生,1
高中_以前,1
认为_高中,1
至少_认为,1
一直_至少,1
成绩_一直,1
一段时间_痛恨,1
痛恨_老师,1
老师_包括,1
包括_教育,1
想要_跳进去,1
好美_想要,1
波光粼粼_好美,1
湖面_波光粼粼,1
太阳_湖面,1
看着_太阳,1
湖边_看着,1
散步_湖边,1
公园_散步,1
喜欢_公园,1
理解_喜欢,1
姐姐_理解,1
爸妈_姐姐,1
分手_爸妈,1
很乱_分手,1
私生活_很乱,1
流言_私生活,1
前男友_流言,1
要死_前男友,1
我怕_要死,1
眼泪_我怕,1
抖掉_眼泪,1
学校_抖掉,1
靠近_学校,1
要命_靠近,1
从业者_要命,1
教育_从业者,1
真相_疑似,1
遗憾_调查,1
第一个_所谓,1
不无关系_出现,1
所写_反对,1
墙上_所写,1
一点_墙上,1
印证_一点,1
恰恰_印证,1
讲述_恰恰,1
否定_讲述,1
答案_否定,1
消失_答案,1
思想_彻底,1
观念_思想,1
心中_观念,1
出现_心中,1
倾向_不无关系,1
标语_尤为,1
唯物主义_倾向,1
坚定信念_唯物主义,1
封建迷信_坚定信念,1
整体_破除,1
出现_整体,1
允许_出现,1
目前_允许,1
大部分_目前,1
国内_大部分,1
目前_国内,1
刻不容缓_目前,1
糟粕_刻不容缓,1
剔除_传统,1
封建迷信_标语,1
尤为_醒目,1
短视_保守,1
酿成_不可,1
情节_表现,1
重要_情节,1
细节_重要,1
多方面_细节,1
进一步_多方面,1
之处_进一步,1
可怕_之处,1
迷信_鬼神,1
展示_迷信,1
不仅仅_展示,1
悲剧_不仅仅,1
挽回_悲剧,1
不可_挽回,1
醒悟_最终,1
醒目_不能,1
抓走_醒悟,1
神婆_抓走,1
叫魂_神婆,1
神婆_叫魂,1
精力_神婆,1
金钱_精力,1
大量_金钱,1
花费_大量,1
田家_花费,1
独子_死后,1
觉醒_独子,1
镇上_觉醒,1
不能_镇上,1
害死_剔除,1
深度_期待,1
scare_深度,1
类似_神像,1
之前_惊悚,1
第五章_之前,1
艺术创作_第五章,1
妈妈_艺术创作,1
光影_小蝌蚪,1
切换_光影,1
惊艳_相机,1
比较_惊艳,1
心脾_比较,1
渗人_心脾,1
元素_渗人,1
灯笼_中式,1
神像_纸人,1
场面_类似,1
全程_jump,1
恶心_场面,1
血腥_恶心,1
情节_血腥,1
老套_情节,1
一惊_老套,1
五星_一惊,1
故事情节_五星,1
感伤_故事情节,1
温情_感伤,1
代入_温情,1
无法_代入,1
比较_无法,1
所谓_恐怖,1
惊悚_情节,1
情节_已经,1
已经_慢慢,1
慢慢_溶于,1
胆小_恐怖,1
适合_胆小,1
它会_不再,1
最后_它会,1
是我太_胆小,1
气氛_是我太,1
静音_诡异,1
全程_静音,1
绕路_之前,1
题材_绕路,1
以后_恐怖,1
决定_以后,1
吓人_决定,1
个人_吓人,1
惊艳_个人,1
故事情节_问君,1
be_故事情节,1
不算_be,1
水底_不算,1
沉入_水底,1
永远_沉入,1
暗示_永远,1
情节_暗示,1
已经_情节,1
老师_大概,1
叙事_陈青穗,1
溶于_叙事,1
表现_愚昧,1
保守_思想观念,1
星星_遗憾,1
功亏一篑_死后,1
安宁_医生,1
原地_安宁,1
留在_原地,1
名誉_留在,1
肉体_名誉,1
走远_肉体,1
已经_走远,1
灵魂_已经,1
杀人犯_灵魂,1
精神病_杀人犯,1
谣言_精神病,1
沦为_谣言,1
死后_沦为,1
意外_功亏一篑,1
处境_相似,1
出走_意外,1
女儿_出走,1
设计_女儿,1
赵小娟_设计,1
绝望_赵小娟,1
迷茫_绝望,1
禁锢_产生,1
牢牢_禁锢,1
保守_牢牢,1
愚昧_保守,1
山里_愚昧,1
面对_山里,1
问题_面对,1
赵小娟_处境,1
相似_惺惺相惜,1
思想观念_害处,1
出走_无法,1
希望_星星,1
一缕_希望,1
带给_一缕,1
关键人物_带给,1
事件_关键人物,1
落脚_事件,1
暂时_落脚,1
老师_暂时,1
记者_身份,1
隐藏_记者,1
陈老师_隐藏,1
归去_陈老师,1
无法_归去,1
无法_出走,1
惺惺相惜_互帮互助,1
游魂_无法,1
意识_游魂,1
迷茫_意识,1
一刻_产生,1
方向_最后,1
控制_方向,1
不可_控制,1
发展_不可,1
事件_后续,1
复杂程度_事件,1
事情_复杂程度,1
低估_事情,1
互帮互助_低估,1
走出_问题,1
角色_存在,1
悲剧性_角色,1
失去_自我,1
职业_歧视,1
法医_职业,1
发展_法医,1
得到_发展,1
无法_得到,1
短视_无法,1
长辈_愚昧,1
天份_长辈,1
孩子_天份,1
现象_孩子,1
自由_现象,1
失去_自由,1
自我_失去,1
逐渐_失去,1
值得一提的是_悲剧性,1
婚姻_逐渐,1
步入_婚姻,1
女性_步入,1
创伤_女性,1
心理_创伤,1
带来_心理,1
拐卖_带来,1
问题_拐卖,1
人口_问题,1
买卖_人口,1
存在_买卖,1
镇上_存在,1
害处_镇上,1
歧视_看似,1
看似_个体,1
个体_案例,1
案例_呈现出,1
希望_值得一提的是,1
种下_希望,1
应当_种下,1
反抗_应当,1
应当_反抗,1
尝试_应当,1
应当_尝试,1
告诉_应当,1
温柔_告诉,1
善意_温柔,1
赞美_善意,1
黑暗_赞美,1
丑恶_黑暗,1
揭露_丑恶,1
思考_揭露,1
批判_思考,1
糟粕_批判,1
升华_传统,1
问题_升华,1
问题_问题,1
群体性_问题,1
地域性_群体性,1
却是_地域性,1
暴露_却是,1
实际上_暴露,1
问题_实际上,1
呈现出_问题,1
理解_主角,1
最后_理解,1
感人至深_最后,1
空格_壁灯,1
感同身受_那句,1
干呕_感同身受,1
一吃_干呕,1
河鱼_一吃,1
讨厌_河鱼,1
赵小娟_讨厌,1
心理_赵小娟,1
赌徒_心理,1
迷信_赌徒,1
犯罪_迷信,1
投机_犯罪,1
行为_投机,1
壁灯_行为,1
打出_空格,1
终于_如释重负,1
终究_打出,1
评价_终究,1
细细_评价,1
无法_细细,1
终究_无法,1
壁灯_终究,1
悲剧_壁灯,1
一场_真正,1
极其_悲剧,1
一场_极其,1
感到_悲剧,1
只会_感到,1
水声_只会,1
那句_终于,1
如释重负_如释重负,1
耳机_投放,1
撞死_好像,1
过河_大头贴,1
注意安全_过河,1
提醒_注意安全,1
主任_提醒,1
陈老师_主任,1
共犯_陈老师,1
医生_共犯,1
毕竟_医生,1
陈老师_毕竟,1
和芳芳_医生,1
四张_和芳芳,1
赵小娟_四张,1
好像_赵小娟,1
那辆车_撞死,1
如释重负_壁灯,1
河里_那辆车,1
淹死_河里,1
确实_淹死,1
分不清_确实,1
分不清_分不清,1
说法_分不清,1
陈老师_说法,1
暂时_陈老师,1
停下_暂时,1
已经_停下,1
疯狂_已经,1
煞笔_疯狂,1
壁灯_煞笔,1
投放_水声,1
闭上眼睛_耳机,1
算是_得到,1
效果_不错,1
两年_三伏,1
悲哀_两年,1
满是_悲哀,1
心中_满是,1
死去_心中,1
细看_陈老师,1
成熟_细看,1
当时_成熟,1
尾声_当时,1
接近_尾声,1
直播_接近,1
小时_直播,1
喜欢_小时,1
直播_效果,1
想起_这部,1
烟火_直播,1
酸奶_直播,1
盒子_酸奶,1
两年_盒子,1
翻来覆去_两年,1
翻来覆去_翻来覆去,1
不了_翻来覆去,1
不了_不了,1
玩完_不了,1
流程_玩完,1
初体验_满分,1
友好_初体验,1
新手_友好,1
三伏_想起,1
这部_忘记,1
投入_闭上眼睛,1
说法_赵小娟,1
一下一下_投入,1
芳芳_一下一下,1
害死_看着,1
到底_害死,1
只能_到底,1
不应_只能,1
本不应_不应,1
赵小娟_本不应,1
悲哀_赵小娟,1
两个_悲哀,1
满眼_两个,1
满屏_满眼,1
赵小娟_满屏,1
迷信_说法,1
忘记_记得,1
死法_迷信,1
科学_死法,1
这片_科学,1
地方_这片,1
迷信_地方,1
这片_迷信,1
却是_这片,1
害死_却是,1
历历在目_害死,1
迷信_历历在目,1
门口_科学,1
说法_门口,1
死去_说法,1
大头贴_到底,1
到底_希望,1
林理洵_明白,1
忘记_解说,1
谢谢_好多,1
一次_谢谢,1
提醒_一次,1
六个月_提醒,1
插眼_六个月,1
记得_插眼,1
爆炸_记得,1
技术_爆炸,1
一次_技术,1
感受_一次,1
游玩_感受,1
继续_游玩,1
解说_继续,1
几个_忘记,1
废话_最高,1
几年_几个,1
三伏_几年,1
弥补_三伏,1
足够_弥补,1
但人少_足够,1
不足_但人少,1
肉眼_不足,1
反差_肉眼,1
环境_反差,1
渲染_环境,1
方面_渲染,1
部分_方面,1
这是_中式,1
好多_废话,1
最高_敬意,1
明白_追求,1
所说_无数个,1
国产_视觉,1
未来_国产,1
神来之笔_未来,1
更是_神来之笔,1
结局_更是,1
塑造_最后,1
整个_人物,1
结局_整个,1
必然_结局,1
造成_必然,1
发生_造成,1
偶然_事件,1
无数个_偶然,1
描述_所说,1
阅读_吸引力,1
主题_描述,1
鱼龙混杂_封建迷信,1
刚成立_鱼龙混杂,1
中国_刚成立,1
以新_中国,1
评价_以新,1
给予_评价,1
这款_给予,1
一遍_这款,1
为主_一遍,1
提不起_兴趣,1
平淡_提不起,1
吸引力_平淡,1
精美_这是,1
工作室_精美,1
一定_拾英,1
芳芳_单纯,1
叶敬山_不能,1
至少_叶敬山,1
土地_至少,1
希望_土地,1
仍存_希望,1
愚昧_仍存,1
恶心_愚昧,1
这片_恶心,1
土地_这片,1
能够_逃离,1
叶敬山_希望,1
孩子_叶敬山,1
单纯_可爱,1
行者_芳芳,1
找到_一定,1
正义_行者,1
成为_正义,1
终将_成为,1
三伏_终将,1
红叔_三伏,1
需要_红叔,1
调查局_需要,1
说不定_调查局,1
情况_说不定,1
了解_情况,1
陆队_了解,1
明显_陆队,1
追求_明显,1
不能_继续,1
继续_一个个,1
一个个_说完,1
说完_一两个,1
林理洵_找到,1
星河_梦想,1
走向_星河,1
孩子_走向,1
完成_孩子,1
继续_完成,1
顶端_继续,1
枯井_顶端,1
走向_枯井,1
携手_走向,1
星河_携手,1
走进_星河,1
或许_走进,1
陈老师_或许,1
总想记_陈老师,1
知道_总想记,1
缠上_知道,1
鬼魂_缠上,1
好像_鬼魂,1
对不起_好像,1
忘记_对不起,1
差不多_忘记,1
已经_差不多,1
时有_已经,1
公告栏_时有,1
最后_公告栏,1
一两个_林理洵,1
容易_新手,1
不多_容易,1
成分_不多,1
爷爷_小蝌蚪,1
锈迹斑斑_铁窗,1
困囚_锈迹斑斑,1
飞鸟_困囚,1
变成_飞鸟,1
云层_变成,1
穿过_云层,1
星星_穿过,1
漫山遍野_星星,1
作业本_开出,1
老师_作业本,1
不能_老师,1
此路不通_不能,1
小蝌蚪_此路不通,1
人心_爷爷,1
井底_看见,1
恐惧_人心,1
大山_恐惧,1
困住_大山,1
遐想_空间,1
无限_遐想,1
留给_无限,1
重逢_留给,1
思念_重逢,1
心中_思念,1
能够_心中,1
开花_能够,1
柳树_开花,1
只愿_柳树,1
铁窗_井底,1
看见_星光,1
扭曲_纯粹,1
权为_死者,1
深挚_思念,1
孩子_深挚,1
父母_孩子,1
愚昧_父母,1
顽固_愚昧,1
充斥_顽固,1
小镇_充斥,1
悲剧_闭塞,1
独有_悲剧,1
外衣_独有,1
昨天_中式,1
古道_往常,1
死者_离别,1
卫生_权为,1
星光_有人,1
欲望_卫生,1
深处_欲望,1
镜子_深处,1
直面_镜子,1
报纸_直面,1
奖状_报纸,1
层叠_奖状,1
揭开_层叠,1
星河_揭开,1
爬出去_漫天,1
绳子_爬出去,1
扔下_一根,1
有人_扔下,1
之情_只愿,1
留恋_之情,1
饱含_留恋,1
勇气_发自内心,1
悬疑_不乏,1
恰到好处_悬疑,1
切换_恰到好处,1
回忆_场景,1
现实_回忆,1
着迷_现实,1
令人_着迷,1
引人入胜_令人,1
解谜_引人入胜,1
国产_解谜,1
优秀_一款,1
一声_叹息,1
发自内心_一声,1
恐怖_勇气,1
寓意_饱含,1
直面_恐怖,1
给予_直面,1
以后_给予,1
开心_缓缓,1
妻子_开心,1
妈妈_妻子,1
角色_妈妈,1
第二_角色,1
角色_第二,1
第一_角色,1
妈妈_第一,1
慰藉_最后,1
一点_慰藉,1
不乏_治愈,1
治愈_感人,1
感人_内容,1
内容_尤其,1
美好_寓意,1
坚强_美好,1
善良_坚强,1
有着_善良,1
柳树_有着,1
湖边_柳树,1
手法_湖边,1
写作_手法,1
借景抒情_写作,1
采用_借景抒情,1
结尾_采用,1
梦想_结尾,1
儿时_梦想,1
追寻_儿时,1
童真_追寻,1
可贵_童真,1
保留住_可贵,1
落泪_保留住,1
童年_落泪,1
回忆起_童年,1
让玩家_回忆起,1
人心_能够,1
特别_触动,1
互动_特别,1
绘画_互动,1
小孩_绘画,1
尤其_小孩,1
思念_扭曲,1
纯粹_人心,1
牢笼_解密,1
掌握_互动性,1
招魂_赋来,1
呼吸_关亡,1
无法_呼吸,1
简直_无法,1
赵小娟_简直,1
揭秘_部分,1
高潮_揭秘,1
精彩_高潮,1
个人_精彩,1
强悍_个人,1
相当_强悍,1
冲击力_相当,1
互动性_冲击力,1
协同_节奏,1
场景_转化,1
感官_协同,1
不同_感官,1
要求_不同,1
想象力_要求,1
文字_想象力,1
视角_文字,1
旁观_视角,1
快节奏_旁观,1
电影_快节奏,1
诠释_视觉,1
感极强_诠释,1
代入_感极强,1
叙事_代入,1
赋来_场景,1
转化_叙事,1
人心_疯长,1
奶奶_告诉,1
灵魂_牢笼,1
不该_成为,1
美好_不该,1
家庭_美好,1
爱情_家庭,1
牺牲_爱情,1
一味_牺牲,1
母亲_一味,1
希望_母亲,1
不该_希望,1
小孩子_不该,1
芳芳_小孩子,1
告诉_芳芳,1
喜欢_奶奶,1
叙事_主人公,1
好吃_喜欢,1
爱吃鱼_好吃,1
明明_爱吃鱼,1
自我_明明,1
点睛之笔_自我,1
流畅_点睛之笔,1
完美_流畅,1
一气呵成_完美,1
和解_一气呵成,1
最终_和解,1
真相_最终,1
地狱_真相,1
主人公_地狱,1
穿插_叙事,1
视角_穿插,1
第三_视角,1
画笔_之下,1
星河_母亲,1
广阔_星河,1
看见_广阔,1
孩子_看见,1
选择_绳子,1
依然_选择,1
深渊_依然,1
黑暗_深渊,1
面对_黑暗,1
窒息_面对,1
脆弱_窒息,1
童趣_脆弱,1
之下_童趣,1
日记_画笔,1
第一_第三,1
呈现_日记,1
理解_呈现,1
注视_不能,1
双眼_注视,1
单纯_双眼,1
孩子_单纯,1
那口井_孩子,1
逃出_那口井,1
没能_逃出,1
黎明_最终,1
如铁_黎明,1
挣扎_如铁,1
疯长_挣扎,1
母亲_救己,1
救己_救人,1
救人_蝴蝶,1
蝴蝶_已经,1
世界_第一,1
联通_表里,1
媒介_联通,1
通灵为_媒介,1
恐惧_通灵为,1
血脉_恐惧,1
唤醒_血脉,1
音效_唤醒,1
光影_音效,1
恰到好处_光影,1
搭配_恰到好处,1
气氛_搭配,1
殡葬_元素,1
传统_殡葬,1
初体验_传统,1
牢笼_初体验,1
振翅_牢笼,1
总会_振翅,1
井口_总会,1
总会_井口,1
一颗_总会,1
推动_一颗,1
石子_推动,1
一颗_石子,1
翅膀_一颗,1
扇动_翅膀,1
已经_扇动,1
小说_能够,1
今晚_中元节,1
中元节_白天,1
影楼_自由,1
田宇_亲手,1
妈妈_假扮,1
神婆_妈妈,1
知道_神婆,1
东西_知道,1
见证_东西,1
有趣_见证,1
角色_有趣,1
田芳芳_角色,1
空中_田芳芳,1
选择_鸟儿,1
快乐_最终,1
自由_快乐,1
想起_影楼,1
安眠药_一片,1
万念俱灰_想起,1
心情_万念俱灰,1
赵小娟_心情,1
理解_赵小娟,1
稍微_理解,1
设身处地_稍微,1
不能_设身处地,1
破灭_不能,1
女儿_最后,1
地步_女儿,1
呕吐_地步,1
附身_呕吐,1
需求_成田,1
亲手_安眠药,1
一片_一片,1
那种_简单,1
爷爷奶奶_生活,1
比较简单_侮辱,1
算是_比较简单,1
来讲_算是,1
解谜_来讲,1
角度_解谜,1
谜题_角度,1
活着_生活,1
以前_活着,1
肯定_以前,1
生活_肯定,1
医生_生活,1
关爱_陈老师,1
生活_关爱,1
毒死_芳芳,1
一片_加到,1
小娟_毒死,1
原因_小娟,1
灭门_直接,1
导致_田家,1
确实_导致,1
不可否认_确实,1
一点_不可否认,1
可怜_一点,1
妈妈_可怜,1
小女孩_妈妈,1
习惯_小女孩,1
晚饭_习惯,1
加到_全家,1
学业_需求,1
女儿_学业,1
满足_女儿,1
死于_最后,1
确实_怀着,1
老师_确实,1
知道_老师,1
没法_知道,1
死人_没法,1
追究_死人,1
不能_追究,1
到底_不能,1
账本_到底,1
重要_账本,1
回答_重要,1
明确_回答,1
最后_明确,1
具体_死于,1
指田宇_满足,1
陈清穗_具体,1
质朴_陈清穗,1
明显_质朴,1
善良_明显,1
过程_善良,1
查案_过程,1
探求_查案,1
真相_探求,1
心机_真相,1
承认_心机,1
亲口_承认,1
盗墓_亲口,1
大案_盗墓,1
怀着_目的,1
目的_陈老师,1
确实_本作,1
本作_善良,1
主要_指田宇,1
和谐_主要,1
不算_和谐,1
绝对_不算,1
不断_绝对,1
矛盾_不断,1
谈不上_矛盾,1
婆婆_谈不上,1
家庭主妇_公公,1
一心一意_家庭主妇,1
村子_一心一意,1
宇去_村子,1
和田_宇去,1
爱情_和田,1
女性_爱情,1
独立_女性,1
影楼_独立,1
本来_影楼,1
可怜_本来,1
可惜_可怜,1
赵小娟_可惜,1
小娟_希望,1
给予_小娟,1
孩子_给予,1
芳芳_孩子,1
照亮_芳芳,1
善良_照亮,1
智商_那种,1
简单_难度,1
大大咧咧_实际,1
大多_服务,1
每章_之后,1
主角_每章,1
惨案_医生,1
落泪_田家,1
猛男_落泪,1
差点_猛男,1
这部_差点,1
有限_这部,1
十分_有限,1
朋友_十分,1
有点_朋友,1
胆子_有点,1
服务_胆子,1
元素_大多,1
类似_独白,1
失望_个人,1
朋友_一点,1
恐怖_朋友,1
冲着_中式,1
下午_冲着,1
优秀_下午,1
一款_十分,1
十分_一款,1
别样_璀璨,1
有长有短_别样,1
烟火_有长有短,1
陈老师_人生,1
交相辉映_警官,1
之后_类似,1
独白_最后,1
难度_接受,1
一股_诡异,1
值得_细细品味,1
令人难忘_电影,1
一场_令人难忘,1
意难平_像是,1
一种_意难平,1
最后_一种,1
令人惊叹_最后,1
随之而来_令人惊叹,1
角色_随之而来,1
了解_角色,1
后面_了解,1
当玩到_后面,1
诡异_当玩到,1
透露_一股,1
最后_不剧,1
不错_透露,1
前期_气氛,1
解开_烟火,1
迅速_解开,1
苦手_迅速,1
解谜_苦手,1
不难_解谜,1
确实_不难,1
解密_确实,1
这类_解密,1
归到_这类,1
烟火_归到,1
不剧_个人,1
星辰_交相辉映,1
万千_星辰,1
眼眸_万千,1
东西_国产,1
人物_丰满,1
多字_qwq,1
暂时_多字,1
恐怖_暂时,1
说实话_恐怖,1
恐怖_说实话,1
味道_中式,1
文化_味道,1
神秘_文化,1
东方_神秘,1
一点_东方,1
确实_一点,1
国产_确实,1
一部分_东西,1
映入_眼眸,1
主题_一部分,1
确实_主题,1
话语_确实,1
类似_话语,1
可取_类似,1
三四次_封建迷信,1
观众_三四次,1
直播_观众,1
一句_直播,1
顺便_一句,1
简单_顺便,1
范围_简单,1
接受_范围,1
丰满_立体,1
立体_跌宕起伏,1
跌宕起伏_画面,1
画面_可爱,1
烟花_映入,1
明亮_烟花,1
炸裂_明亮,1
盛大_炸裂,1
绚烂_盛大,1
无尽_绚烂,1
转瞬即逝_无尽,1
建议_静心,1
难平_建议,1
最意_难平,1
老师_最意,1
必买_老师,1
上架_必买,1
三伏_上架,1
苍白无力_三伏,1
评价_苍白无力,1
余音绕梁_评价,1
回味_余音绕梁,1
震撼_回味,1
温暖_震撼,1
音乐_温暖,1
眼角_音乐,1
恐怖_眼角,1
轻微_恐怖,1
氛围_轻微,1
温馨_氛围,1
可爱_温馨,1
实际_大案,1
表面_大大咧咧,1
白天_朋友,1
简单_灭门,1
角色_工具,1
医生_角色,1
扁平_老师,1
人设_扁平,1
戛然而止_人设,1
盗墓_戛然而止,1
深度_盗墓,1
提到_深度,1
刚刚_提到,1
灭门案_刚刚,1
坏事_灭门案,1
好心_坏事,1
真相_好心,1
混乱_简单,1
说实话_无法,1
跳跃_混乱,1
场景_跳跃,1
几乎_人物,1
操作性_解密,1
很棒_操作性,1
寓意_很棒,1
巧妙_寓意,1
场景_巧妙,1
机制_场景,1
互动_机制,1
部分_互动,1
烘托_部分,1
氛围_烘托,1
工具_说实话,1
无法_理解,1
几乎_体现,1
表现_妈妈,1
标题_情节,1
矛盾_烟火,1
自我_矛盾,1
工作_自我,1
自愿_放弃,1
爱情_自愿,1
妈妈_爱情,1
体现_妈妈,1
自由_体现,1
远方_自由,1
渴望_远方,1
内心_渴望,1
妈妈_内心,1
诗句_表现,1
理解_医生,1
角色_诗句,1
妈妈_角色,1
真相_妈妈,1
探究_真相,1
罪名_探究,1
莫须有_罪名,1
证据_莫须有,1
捏造_证据,1
谣言_捏造,1
消除_谣言,1
逻辑_消除,1
行动_逻辑,1
医生_行动,1
中好_恐怖,1
想象_中好,1
预期_想象,1
密室_贴墙,1
镜头_主打,1
那种_镜头,1
畸形_那种,1
血腥_畸形,1
整个_血腥,1
tot_整个,1
心脏病_tot,1
多一点_心脏病,1
足够_多一点,1
氛围_已经,1
胆小鬼_恐怖,1
贴墙_胆小鬼,1
贴墙_贴墙,1
不敢_密室,1
拉高_预期,1
恐怖片_从来,1
害怕_恐怖片,1
玩到_害怕,1
朋友_从头,1
直播_朋友,1
微信_直播,1
开着_微信,1
晚上_开着,1
烟火_晚上,1
适合_烟火,1
今天_适合,1
发微信_今天,1
朋友_发微信,1
氛围_反转,1
反转_一波接,1
一波接_一波,1
一波_节奏,1
好评_拉高,1
玩个_恐怖,1
左右_推荐,1
打分_左右,1
大概_打分,1
整体_大概,1
接下来_整体,1
讨论_接下来,1
两个_讨论,1
加上_两个,1
太高_加上,1
评价_太高,1
推荐_评价,1
之前_推荐,1
下去_之前,1
能力_下去,1
失去_思考,1
完全_失去,1
精神紧张_完全,1
友好_精神紧张,1
胆小鬼_十分,1
卡关_胆小鬼,1
完全_卡关,1
引导_完全,1
比较简单_引导,1
环节_比较简单,1
节奏_不错,1
情节_几乎,1
体现_最后,1
扭曲_表面,1
人民_奏响,1
遍野_花星落,1
投林_田芳芳,1
飞鸟_投林,1
天空_飞鸟,1
春风化雨_赵小娟,1
绳子_春风化雨,1
林理询_刚刚,1
终究_大人物,1
努力_终究,1
普通人_努力,1
悲歌_普通人,1
一曲_悲歌,1
奏响_一曲,1
底层_人民,1
秋水_叶敬山,1
真是_底层,1
那首_送别,1
意思_那首,1
竟然_意思,1
烟火_竟然,1
真没想到_名字,1
缩影_真没想到,1
精神_缩影,1
舍己为人_精神,1
传统_舍己为人,1
算是_中国,1
陈老师_算是,1
解密_陈老师,1
花星落_秋水,1
埋葬_落烬,1
最后_bgm,1
林理询_有着,1
一定_扭曲,1
产生_一定,1
之下_心里,1
影子_之下,1
长期_活在,1
林理询_长期,1
一面_林理询,1
善良_一面,1
合适_善良,1
不太_合适,1
黑化_不太,1
有着_黑化,1
有着_有着,1
叙述者_林理询,1
成牢_评论,1
包括_叙述者,1
叶敬山_包括,1
配角_陈老师,1
主角_配角,1
很难说_主角,1
史书_很难说,1
纪传体_史书,1
有点像_纪传体,1
非线性_叙事,1
特点_非线性,1
表明_烟火,1
记不住_表明,1
评论_记不住,1
横版_恐怖,1
常见_横版,1
一款_常见,1
一玩_原价,1
清潭_一眼,1
清河_清潭,1
不顾一切_烟火,1
一束_不顾一切,1
不住_一束,1
人祸_不住,1
大山_人祸,1
成牢_大山,1
科学_封建,1
动人_封建迷信,1
荒诞_动人,1
有点_不值,1
原价_有点,1
恐怖_一玩,1
我刚_一款,1
喜欢_中式,1
神鬼_喜欢,1
相信_神鬼,1
相信_相信,1
到底_相信,1
破案_到底,1
通灵_破案,1
主题_破除,1
共情_主题,1
引起_共情,1
煽情_引起,1
响起_煽情,1
bgm_响起,1
一眼_望穿,1
望穿_藏不住,1
藏不住_秘密,1
秘密_警察,1
始终_我刚,1
六个_贯穿,1
迷信_六个,1
希望_爱情,1
悲剧_有意,1
感动_悲剧,1
巅峰_感动,1
算作_国产,1
出彩_算作,1
故事情节_出彩,1
类型_故事情节,1
相比_类型,1
恐怖_相比,1
一作_恐怖,1
感到_脊背,1
想起_感到,1
日后_想起,1
恐怖_日后,1
封建迷信_人性,1
遍野_叶敬山,1
林理洵_刚刚,1
打个_好评,1
烟火_打个,1
刚玩_三伏,1
东西_田家,1
想起_东西,1
同志_想起,1
得到_一点,1
目标_算是,1
论点_赵小娟,1
敏感_烟火,1
交流_能力,1
死去_交流,1
主角_死去,1
除却_主角,1
枷锁_除却,1
沉重_枷锁,1
心灵_沉重,1
仅仅_思想,1
附加_仅仅,1
东西_附加,1
身上_东西,1
不同_身上,1
烟火_不同,1
比较_敏感,1
之外_科学,1
话题_比较,1
两部_话题,1
扣押_两部,1
正好_扣押,1
最近_正好,1
严法_最近,1
痛苦_严法,1
善事_面向未来,1
多行_善事,1
开朗_多行,1
乐观_开朗,1
现实_乐观,1
命运_现实,1
能力_之外,1
科学_确信,1
情结_尊重,1
一瞬_美的,1
面对_父亲,1
男主林理洵_面对,1
烟火_男主林理洵,1
这是_烟火,1
复燃_这是,1
永不_复燃,1
死灰_永不,1
灰烬_死灰,1
只余_灰烬,1
之后_只余,1
燃尽_之后,1
意义_燃尽,1
美的_意义,1
或许_一瞬,1
确信_作者,1
命名_或许,1
烟火_命名,1
蟑螂_烟火,1
物品_月光,1
一瞬间_物品,1
爆炸_一瞬间,1
展现_爆炸,1
热烈_展现,1
美丽_热烈,1
烟火_美丽,1
为题_烟火,1
烟火_为题,1
作者_烟火,1
尊重_命运,1
助人_情结,1
坚定_目标,1
仍然_一部,1
一款_悬疑,1
不如说是_一款,1
与其说是_恐怖,1
卡关_与其说是,1
基本_卡关,1
比较简单_解密,1
大多_比较简单,1
试一下_大多,1
胆子_试一下,1
追逐战_胆子,1
烟火_追逐战,1
相较_正常,1
左右_相较,1
当下_仍然,1
个人感觉_最大,1
放在_当下,1
长时间_放在,1
过去_长时间,1
时间_已经,1
发售_时间,1
自然_发售,1
推进_自然,1
事件_推进,1
留白_事件,1
适当_留白,1
音效_适当,1
出色_音效,1
饱满_出色,1
小说_个人感觉,1
亮点_质量,1
放下_助人,1
当年_沙耶之歌,1
恶行_放下,1
愚蠢_恶行,1
面对_愚蠢,1
敬重_面对,1
理应_敬重,1
奉献_理应,1
众人_奉献,1
善举_众人,1
无私_善举,1
面对_无私,1
苦短_面对,1
人生_苦短,1
沙耶之歌_人生,1
遥想_当年,1
质量_没得说,1
至极_遥想,1
浪漫_至极,1
苍穹_浪漫,1
井中_苍穹,1
沉浸_井中,1
时间_沉浸,1
谜题_时间,1
解谜_谜题,1
衔接_流畅,1
关卡_衔接,1
人心_关卡,1
但入_人心,1
简单_但入,1
父亲_尸体,1
尸体_之后,1
之后_生活,1
神婆_看守所,1
逃出_山村,1
芳芳_逃出,1
陈带_芳芳,1
好像_陈带,1
易逝_好像,1
存在_原因,1
烟火_存在,1
真正_原因,1
背后_真正,1
惨案_背后,1
一口_惨案,1
田家_一口,1
看守所_田家,1
结局_神婆,1
虚无缥缈_希望,1
没什么_结局,1
沾染_没什么,1
有所_沾染,1
深渊_有所,1
进入_绝望,1
所有人_进入,1
拉着_所有人,1
泥潭_拉着,1
粘稠_泥潭,1
好像_粘稠,1
迷信_好像,1
台阶_迷信,1
神婆_台阶,1
山村_虚无缥缈,1
不愧_好评,1
生活_逐渐,1
具体_没错,1
起来_主题曲,1
以后_起来,1
听到_以后,1
一首_听到,1
影响_一首,1
显少_影响,1
插曲_显少,1
大概_插曲,1
地方_大概,1
可惜_地方,1
唯一_可惜,1
了解_唯一,1
没错_了解,1
剧透_具体,1
如潮_国产,1
防止_剧透,1
感动_防止,1
两段_感动,1
演出_两段,1
感情_演出,1
应有_感情,1
享受_应有,1
高潮_享受,1
了解_高潮,1
大致_了解,1
应该_大致,1
准确_应该,1
恐怖_准确,1
两人_神婆,1
之后_两人,1
离世_之后,1
英雄_男主,1
价值_照亮,1
短暂_存在,1
生命_短暂,1
设定_烟火,1
作者_设定,1
或许_作者,1
在内_或许,1
田芳芳_在内,1
叶敬山_田芳芳,1
包括_叶敬山,1
赵小娟_包括,1
之外_陈青穗,1
男主_之外,1
清白_英雄,1
病重_离世,1
报以_清白,1
无辜者_报以,1
刑警_无辜者,1
机会_刑警,1
报酬_机会,1
拿到_报酬,1
案件_拿到,1
结束_案件,1
男主有_结束,1
选择_男主有,1
父亲_选择,1
理解_父亲,1
逐渐_理解,1
照亮_寸土,1
寸土_烟火,1
烟火_对应,1
对应_灰烬,1
儿子_病重,1
导致_儿子,1
事情_导致,1
文物_事情,1
死人_文物,1
倒卖_死人,1
坚信不疑_田向荣,1
更是_坚信不疑,1
父母_更是,1
死后_父母,1
长子_死后,1
田家_长子,1
迷信_田家,1
陋习_迷信,1
村子_陋习,1
隐喻_村子,1
灰烬_隐喻,1
所有人_气来,1
灰烬_所有人,1
好像_灰烬,1
大山_好像,1
村子_大山,1
围绕_村子,1
比喻_围绕,1
场景_比喻,1
叶敬山_场景,1
灰烬_叶敬山,1
完整_饱满,1
仍然_完整,1
影响_仍然,1
一步步_完成,1
剧透太多_来得及,1
不想_剧透太多,1
愚昧_不想,1
野兽_封建,1
人心_野兽,1
从来不_鬼神,1
恐怖_从来不,1
告诉_真正,1
思考_告诉,1
深深地_思考,1
生活_深深地,1
引发_生活,1
完成_引发,1
意义_一步步,1
欣赏_找个,1
教育_意义,1
极富_教育,1
电影_极富,1
不如说_一部,1
一部_不如说,1
佳作_一部,1
一部_这是,1
直观_一部,1
猛烈_直观,1
妖魔鬼怪_猛烈,1
惯用_妖魔鬼怪,1
不及_惯用,1
远远_不及,1
来得及_欣赏,1
找个_时间,1
桎梏_遥远,1
关键_重要,1
视角_心中,1
记忆_视角,1
一段_记忆,1
角色_一段,1
参与_每个,1
观察_参与,1
管窥蠡测_观察,1
只得_管窥蠡测,1
主角_只得,1
扮演_主角,1
观察者_扮演,1
推理_观察者,1
重要_推理,1
较为_关键,1
时间_玩一,1
破案_较为,1
警官_破案,1
主要_扮演,1
群像_主要,1
描写_群像,1
这是_描写,1
讲述_这是,1
较为简单_讲述,1
要素_较为简单,1
失望_保证,1
绝不会_失望,1
玩吧_绝不会,1
玩一_玩吧,1
或许_远远,1
元素_或许,1
稚嫩_恐怖,1
光辉_后半段,1
记者_医生,1
ps_警察,1
推荐_ps,1
超级_推荐,1
小时_超级,1
爽玩个_小时,1
打折_爽玩个,1
反感_打折,1
不让_反感,1
深度_不让,1
内涵_深度,1
眼泪_内涵,1
后半段_眼泪,1
压抑_人性,1
略显_稚嫩,1
恐怖_压抑,1
丑陋_恐怖,1
极恐_丑陋,1
人思_极恐,1
已经_人思,1
问题_已经,1
现实_社会,1
封建迷信_现实,1
部分_封建迷信,1
真正_打动,1
拉满_真正,1
压迫感_拉满,1
配合_压迫感,1
医生_教师,1
教师_一块儿,1
一块儿_debuff,1
debuff_直接,1
老手_略显,1
经验_老手,1
解密_经验,1
丰富_解密,1
有着_丰富,1
至少_有着,1
不算什么_至少,1
难度_不算什么,1
电影_解密,1
这部_精彩,1
下午_这部,1
百忙之中_下午,1
神中神_解释,1
烟火_神中神,1
烟火_陈青穗,1
灿若_烟火,1
向光明_灿若,1
后劲_真正,1
声泪俱下_后劲,1
死亡_人心,1
气氛_死亡,1
难受_恐怖,1
惊讶_难受,1
震撼_惊讶,1
确实_震撼,1
玩完_确实,1
国产_玩完,1
心中_桎梏,1
遥远_叠嶂,1
多多少少_影响,1
温馨_这种,1
悲伤_封建迷信,1
本质_悲伤,1
人凉_本质,1
整个_人凉,1
风扇_整个,1
空调_风扇,1
晚上_空调,1
夏天_晚上,1
没多久_夏天,1
开头_没多久,1
恐怖_开头,1
惊吓_确实,1
这种_惊吓,1
恐怖_温馨,1
取名_清潭,1
阳痿_烟火,1
电子_阳痿,1
封神_电子,1
闪耀着_微弱,1
努力_闪耀着,1
人世间_努力,1
回到_人世间,1
火花_回到,1
变成_火花,1
繁星_变成,1
前方_繁星,1
瞬间_照亮,1
光芒_瞬间,1
小镇_取名,1
清潭_浑得,1
叠嶂_警官,1
前提_游玩,1
烟火_多多少少,1
性玩_烟火,1
顺畅_性玩,1
评估_顺畅,1
习惯性_评估,1
打动_习惯性,1
不太能_打动,1
文字游戏_不太能,1
大多数_文字游戏,1
原因_大多数,1
工作_原因,1
好评_工作,1
不错_跳脸,1
无剧_前提,1
浑得_泥潭,1
打通关_无剧,1
抽时间_打通关,1
终于_抽时间,1
一直_终于,1
转场_互动,1
喜欢_转场,1
星辰_喜欢,1
人散_星辰,1
出去_人散,1
救人_出去,1
逃出来_救人,1
逃出来_逃出来,1
泥潭_逃出来,1
绽放_光芒,1
一部分_绽放,1
叠嶂_一部分,1
逐渐_抹杀,1
选择_坚持,1
陈老师_选择,1
无奈_陈老师,1
孤独_无奈,1
一粟_孤独,1
天地_一粟,1
只身一人_天地,1
身世_只身一人,1
过往_身世,1
医生_过往,1
生命_医生,1
人格_生命,1
抹杀_人格,1
之中_逐渐,1
成为_叠嶂,1
压迫_之中,1
文化_压迫,1
封建_糟粕,1
父权制_封建,1
赵小娟_父权制,1
消散_赵小娟,1
未尝_消散,1
怀疑_未尝,1
自我_怀疑,1
特异功能_自我,1
丧父之痛_特异功能,1
幼年_丧父之痛,1
警官_幼年,1
坚持_个人,1
个人_操守,1
操守_希望,1
希望_反抗,1
尘埃_成为,1
化作_尘埃,1
沉沦_化作,1
反抗_沉沦,1
选择_反抗,1
角色_做出,1
环境_角色,1
面对_环境,1
一生_面对,1
美丽_一生,1
短暂_美丽,1
结束_短暂,1
尘土_结束,1
化为_尘土,1
如雷_最终,1
震撼_如雷,1
星河_震撼,1
绚烂_星河,1
脱身_烟火,1
难以_脱身,1
围住_难以,1
叠嶂_围住,1
孩子_叠嶂,1
洪波_消失,1
政治_洪波,1
最终_政治,1
反抗_最终,1
主题曲_个人,1
个人_遗憾,1
遗憾_送别,1
小小的_船票,1
章节_大多,1
告白_章节,1
真诚_告白,1
之美_真诚,1
人性_之美,1
善意_人性,1
世界_善意,1
烟火_世界,1
也许_烟火,1
等待_也许,1
呼唤_等待,1
孩子_呼唤,1
船票_孩子,1
意外_小小的,1
诗意_陈清穗,1
营造_意外,1
利益_营造,1
集团_利益,1
触及_集团,1
终究_触及,1
推测_终究,1
大体_推测,1
点明_大体,1
结局_点明,1
看见_头顶,1
孩子_一辈子,1
灵气_孩子,1
看着_灵气,1
大多_诗意,1
陈清穗_相关,1
谢谢_见证,1
不经意_永远,1
等待_天亮,1
一起_等待,1
一场_一起,1
相识_一场,1
轻狂_相识,1
年少_轻狂,1
不负_年少,1
天各一方_不负,1
红尘_天各一方,1
踏入_红尘,1
此后_踏入,1
默默_此后,1
昨天_默默,1
杯酒_不经意,1
相关_两章,1
从来_长亭,1
告别_从来,1
连天_告别,1
歌里_长亭,1
最后_歌里,1
形容_最后,1
美丽_形容,1
老师_美丽,1
这位_老师,1
作者_这位,1
秋水_作者,1
章节_春风化雨,1
两章_章节,1
不愿_看着,1
陈老师_儿时,1
孩子_陈老师,1
自由_容易,1
赵小娟_泯灭,1
无数个_叶敬山,1
曾经_无数个,1
悲伤_曾经,1
注定_悲伤,1
乌鸦_注定,1
玻璃_乌鸦,1
撞死_玻璃,1
窗前_撞死,1
赵小娟_窗前,1
当初_赵小娟,1
得到_当初,1
容易_得到,1
鸟儿_自由,1
尽力_照亮,1
大山_鸟儿,1
能够_大山,1
渴望_能够,1
便是_渴望,1
赵小娟_便是,1
改变_叶敬山,1
轻易_改变,1
无法_轻易,1
再也_无法,1
满字_再也,1
注定_满字,1
老一辈_注定,1
如果说_老一辈,1
泯灭_走出,1
大山_路上,1
路上_灵魂,1
灵魂_期待,1
烟火_尽力,1
一簇_小小的,1
暖阳_一簇,1
一束_暖阳,1
生活_一束,1
学校_生活,1
芳芳_学校,1
成为_芳芳,1
牵绊_成为,1
孩子_牵绊,1
最终_孩子,1
支教_最终,1
进行_支教,1
清潭_进行,1
目的_来到,1
走私案_目的,1
盗墓_文物,1
一桩_盗墓,1
卧底_调查,1
原本_卧底,1
陈老师_原本,1
陈清穗_陈老师,1
人物_陈清穗,1
重要_人物,1
光亮_重要,1
后来_光亮,1
期待_后来,1
天亮_谢谢,1
见证_在乎,1
对林理洵_警官,1
纸人_浴室,1
最后_结束,1
眼泪_最后,1
情节_眼泪,1
真相_情节,1
整个_事情,1
了解_整个,1
人心_了解,1
琢磨_人心,1
难以_琢磨,1
可怕_难以,1
头发_可怕,1
长出_头发,1
浴室_长出,1
血泪_纸人,1
感受_胸腔,1
流着_血泪,1
恐怖_流着,1
后面_发现,1
美好_之花,1
孕育出_美好,1
悲剧_孕育出,1
绚烂_悲剧,1
残酷_绚烂,1
烟火_残酷,1
可怖_人心,1
对抗_可怖,1
共同_对抗,1
之心_共同,1
结束_感受,1
胸腔_沉甸甸,1
在乎_样子,1
温柔_柔弱,1
阴影_坚定,1
送别_阴影,1
过去_送别,1
林理洵_过去,1
送别_林理洵,1
叶敬山_送别,1
陈老师_叶敬山,1
赵小娟_陈老师,1
送别_赵小娟,1
灵魂_送别,1
绳子_一棵树,1
井边_放下,1
柔弱_井边,1
改变_温柔,1
沉甸甸_压抑,1
挣扎_想要,1
依旧_挣扎,1
力量_依旧,1
时代_力量,1
入木三分_时代,1
塑造_入木三分,1
女性_角色,1
作者_女性,1
结局_玩过,1
促成_结局,1
悲剧_促成,1
每个_悲剧,1
压抑_每个,1
赤诚_之心,1
教师_赤诚,1
一名_教师,1
父亲_殉职,1
究竟_主题,1
凶手_究竟,1
陈老师_凶手,1
卧底_陈老师,1
杀害_卧底,1
权钱交易_杀害,1
错综复杂_权钱交易,1
到底_错综复杂,1
背后_到底,1
倒卖_背后,1
小镇_文物,1
医生_小时候,1
殉职_医生,1
事情_主角,1
纯粹_一名,1
现实_事情,1
真正_中式,1
明白_真正,1
封建迷信_之后,1
特色_封建迷信,1
附体_中国,1
招魂_附体,1
通灵之_神婆,1
鬼神_通灵之,1
知晓_鬼神,1
主角_知晓,1
恐怖_主角,1
优秀_中式,1
主题_困住,1
困住_田家,1
田家_儿媳妇,1
儿媳妇_孙女,1
天真_纯粹,1
正义_孩子,1
执着_正义,1
警察_执着,1
一名_警察,1
抉择_一名,1
悲惨_抉择,1
女人_悲惨,1
凄清_女人,1
增加_凄清,1
画面_增加,1
重现_中式,1
反复_重现,1
创意_反复,1
设计_创意,1
转换_设计,1
答案_人心,1
名称_答案,1
成就_名称,1
第一个_成就,1
发现_第一个,1
时才_发现,1
问题_时才,1
究竟_问题,1
牢笼_究竟,1
看不见_牢笼,1
孙女_看不见,1
埋葬_如果说,1
叶敬山_对林理洵,1
送别_奈何,1
大宅_主人,1
耿耿_不能忘怀,1
田宇_耿耿,1
神婆_儿子,1
选择_相信,1
桂兰_选择,1
行当_田向荣,1
走私_行当,1
盗墓_走私,1
从事_盗墓,1
长期_从事,1
王金财_长期,1
田向荣_小卖部,1
主人_田向荣,1
笼罩_田家,1
这番_畸形,1
蒙昧_笼罩,1
产业_蒙昧,1
黑色_产业,1
落后_黑色,1
教育_落后,1
买卖_教育,1
地方_封建迷信,1
清潭_地方,1
烟火_清潭,1
目光_烟火,1
呆滞_目光,1
山里人_呆滞,1
没指望_山里人,1
不能忘怀_这番,1
畸形_执念,1
一眼_机会,1
所谓_招魂,1
也许_家人,1
附身_也许,1
重要_田宇,1
重要_重要,1
位置_重要,1
赵小娟_位置,1
眼里_赵小娟,1
夫妇_眼里,1
杀掉_赵小娟,1
不惜_杀掉,1
儿子_不惜,1
仪式_天天,1
招魂_仪式,1
放手_所谓,1
执念_成为,1
不肯_放手,1
儿子_不肯,1
虚无缥缈_儿子,1
早已_虚无缥缈,1
紧紧_早已,1
小镇_紧紧,1
走出_小镇,1
田芳芳_走出,1
希望_田芳芳,1
枷锁_希望,1
田芳芳_枷锁,1
赵小娟_孙女,1
成为_儿媳,1
感到_没指望,1
真正_感到,1
灰心_真正,1
早日_死绝,1
表现_方法,1
文字_表现,1
转场_文字,1
不错_转场,1
中透_温情,1
恐怖_中透,1
遐想_恐怖,1
细腻_遐想,1
感情_细腻,1
剧本_感情,1
有点_深度,1
感人_有点,1
好玩_感人,1
拐卖_早日,1
穷山恶水_灰心,1
可取_拐卖,1
应当_感受,1
有种_应当,1
绳之以法_有种,1
正常_绳之以法,1
怅然若失_正常,1
献身_怅然若失,1
一种_嫌疑人,1
以后_一种,1
打通_以后,1
熟悉_打通,1
送别_熟悉,1
奈何_送别,1
方法_创意,1
第一章_弟弟,1
别梦寒_先写,1
先写_一点,1
教师_穷山恶水,1
教师_乡村,1
科幻小说_乡村,1
一部_科幻小说,1
刘慈欣_一部,1
想起_刘慈欣,1
忽然_想起,1
送别_忽然,1
结束_送别,1
一章_结束,1
最后_一章,1
透多_最后,1
长剧_透多,1
全文_长剧,1
脑子_全文,1
退化_脑子,1
已经_退化,1
现代人_已经,1
非常适合_现代人,1
简单_非常适合,1
相当_简单,1
解密_相当,1
程度_不高,1
画面_不错,1
后劲_音效,1
评价_后劲,1
一点_评价,1
家人_一眼,1
机会_不到,1
道路_叶敬山,1
主要_视角,1
侦破_田氏,1
伸冤_侦破,1
死者_伸冤,1
多为_死者,1
警察_多为,1
成为_警察,1
缺阴命_成为,1
命中_缺阴命,1
定论_命中,1
下过_定论,1
神婆_下过,1
童年_神婆,1
视角_童年,1
男主角_主要,1
发现_特殊,1
这部_男主角,1
林理洵_这部,1
察觉_林理洵,1
林理洵_察觉,1
最终_新人,1
痕迹_最终,1
叶敬山_存在,1
彻底_叶敬山,1
自杀_彻底,1
头上_谋划,1
包揽_头上,1
罪名_包揽,1
途径_罪名,1
惨案_过程,1
穿越_过去,1
不到_公婆,1
无论怎样_奔跑,1
走向_道路,1
阴影_走向,1
离开_父亲,1
过来_离开,1
明晰_过来,1
慢慢_明晰,1
终于_慢慢,1
尾声_终于,1
整个_尾声,1
阴影_整个,1
不出_父亲,1
迟迟_不出,1
奔跑_迟迟,1
导致_无论怎样,1
过去_死者,1
厚望_导致,1
寄予_厚望,1
自小_寄予,1
警察_自小,1
因公殉职_警察,1
一位_因公殉职,1
父亲_一位,1
自我_父亲,1
慢慢_审视,1
中林理洵_慢慢,1
过程_中林理洵,1
对话_过程,1
死者_对话,1
证据_途径,1
假报_证据,1
试图_假报,1
反胃_吞咽,1
一生_必须,1
注定_一生,1
养育之恩_注定,1
给予_养育之恩,1
养父母_给予,1
孩子_养父母,1
演出_叶敬山,1
指引_演出,1
叶敬山_指引,1
这出_医生,1
鱼肉_这出,1
下本_鱼肉,1
吞咽_下本,1
阵阵_反胃,1
叶敬山_试图,1
忍着_阵阵,1
吸烟_忍着,1
假装_吸烟,1
上身_假装,1
丈夫_上身,1
不惜_假装,1
大山_不惜,1
允许_女儿,1
公婆_允许,1
说服_公婆,1
赵小娟_说服,1
丈夫_赵小娟,1
害死_丈夫,1
必须_敬山,1
敬山_出去,1
出去_想要,1
想要_赵小娟,1
良心不安_叶敬山,1
落下_良心不安,1
赵小娟_落下,1
田氏灭_赵小娟,1
自尽_田氏灭,1
惨死_选择,1
全家_惨死,1
发现_全家,1
归来_发现,1
赵小娟_归来,1
买药_赵小娟,1
恰巧_买药,1
晚餐_恰巧,1
放进_晚餐,1
安眠药_放进,1
一点儿_安眠药,1
开心_一点儿,1
大人_开心,1
芳芳_大人,1
毒药_芳芳,1
放下_毒药,1
安眠药_放下,1
招魂_儿媳,1
二老_招魂,1
田家_二老,1
樊笼_酿成,1
走出_樊笼,1
陈清穗_论点,1
赵小娟_陈清穗,1
毛骨悚然_感人至深,1
一下_中式,1
恐怖_怪物,1
突然_跳脸,1
现场_突然,1
凶杀_现场,1
暴力_凶杀,1
东西_血腥,1
惧怕_东西,1
dna_惧怕,1
中国_dna,1
懂得_中国,1
中国_懂得,1
典范_中国,1
恐怖_典范,1
烟火_一下,1
环境_事物,1
尘封已久_烟火,1
库存_尘封已久,1
稍微_库存,1
发售_稍微,1
新作_发售,1
老师_新作,1
听说_月光,1
买卖_不得好死,1
参与_人口,1
一部_参与,1
美好_期待,1
展现_珍贵,1
两部_展现,1
怪物_环境,1
事物_背后,1
自豪_做到,1
之神作_尸体,1
三伏_大蠊,1
要来_三伏,1
很快_要来,1
烟火_很快,1
留意_黑森,1
卡关_留意,1
失望_卡关,1
比较_失望,1
肯定_比较,1
爱好者_肯定,1
解谜_爱好者,1
侧重_解谜,1
一款_侧重,1
恐怖_之神作,1
背后_代表,1
不愧_中式,1
一玩_不愧,1
确实_值得,1
不寒而栗_确实,1
文化_不寒而栗,1
体现_本土,1
设置_体现,1
里面_设置,1
烟火_里面,1
造就_恐怖,1
暗示_造就,1
心理_暗示,1
代表_心理,1
做到_两部,1
工作室_自豪,1
一把_无私,1
最后_治愈,1
脑筋_关卡,1
动点_脑筋,1
需要_动点,1
稍微_需要,1
卡关_情况,1
存在_卡关,1
思考_线性,1
大胆_思考,1
部分_大胆,1
留白_部分,1
属于_开放式,1
个人_属于,1
治愈_个人,1
编辑_最后,1
华容道_拼图,1
评价_编辑,1
黑盒_评价,1
自我_黑盒,1
不错_支持,1
demo_不错,1
玩玩_demo,1
下载_玩玩,1
界面_下载,1
商店_界面,1
感兴趣_商店,1
steam_感兴趣,1
上线_steam,1
三伏_上线,1
关卡_华容道,1
拼图_碍于,1
谢谢_拾英,1
到位_到位,1
信条_谢谢,1
这句_信条,1
看得出来_这句,1
工作室_看得出来,1
奇谭_工作室,1
原来_黑森,1
熟悉_原来,1
这句_熟悉,1
难怪_这句,1
之物_难怪,1
近乎_发现,1
程度_近乎,1
到位_恐怖,1
氛围_到位,1
碍于_使用,1
难度_氛围,1
小时_难度,1
流程_两个,1
灿烂_流程,1
短暂_烟火,1
人生_短暂,1
等史_入手,1
局限_等史,1
十分_局限,1
恐怖_十分,1
叙述_恐怖,1
第三人称_叙述,1
使用_第三人称,1
老师_讲故事,1
讲故事_能力,1
能力_越来越,1
带领_下一代,1
怎会_厉害,1
弱智_怎会,1
第三遍_弱智,1
已经_第三遍,1
别梦寒_已经,1
人心_黑暗,1
加剧_人心,1
封建_加剧,1
封建_封建,1
迷信_封建,1
未来_科学,1
创造_美好,1
下一代_创造,1
老师_带领,1
老师_超人,1
落泪_相信,1
好好_落泪,1
一部_三伏,1
doge_很棒,1
一起_doge,1
幸福_一起,1
男主_幸福,1
陈老师_男主,1
医生_这座,1
清潭_医生,1
能够_逃出,1
芳芳_能够,1
时空_赵小娟,1
叙事_大蠊,1
超人_希望,1
越来越_期待,1
窥见_强烈,1
转瞬即逝_期待,1
品格_烟火,1
耀眼_品格,1
烟火_耀眼,1
芳芳_烟火,1
真相_陈老师,1
能够_了解,1
意味_能够,1
讽刺_意味,1
更加_讽刺,1
之下_更加,1
矛盾_之下,1
强烈_矛盾,1
得以_窥见,1
觉醒_直接,1
能力_得以,1
通灵_能力,1
利用_通灵,1
主角_利用,1
却是_主角,1
真相_却是,1
主题_真相,1
鸡皮疙瘩_科学,1
几次_鸡皮疙瘩,1
一遍_几次,1
玩过_一遍,1
已经_玩过,1
直接_三伏,1
希望_时空,1
不清多_希望,1
实则_不清多,1
恐怖_成分,1
罪恶_源头,1
一起_罪恶,1
或许_一起,1
送出去_或许,1
一张_送出去,1
最终_一张,1
困住_四张,1
灰烬_困住,1
命运_这座,1
恐怖_赵小娟,1
含蓄_恐怖,1
简介_含蓄,1
成分_简介,1
第五个_章节,1
名清_实则,1
恐怖_第五个,1
四个_章节,1
存在_四个,1
情节_基本,1
恐怖_情节,1
总时长_大概,1
剧透_总时长,1
天空_涉及,1
带来_感受,1
版能_带来,1
影视_版能,1
未来_影视,1
期待_未来,1
源头_人性,1
人性_幼年,1
拐卖_医生,1
医生_逃出,1
镇子_名清,1
浮现_镇子,1
得以_浮现,1
真相_得以,1
帮助_真相,1
男主_帮助,1
最终_男主,1
悲剧_最终,1
编成_悲剧,1
一起_编成,1
人生_交织,1
命运_人生,1
陈老师_命运,1
清潭_陈老师,1
真相_来到,1
盗墓_背后,1
寻找_盗墓,1
芳芳_寻找,1
理解_芳芳,1
难以_理解,1
旁观者_难以,1
赵小娟_旁观者,1
附身_赵小娟,1
亡夫_附身,1
装作_亡夫,1
不得不_装作,1
清潭_不得不,1
ps_新作,1
烟火_ps,1
解谜_佳作,1
恐怖_独立,1
正好_下起,1
个人_评分,1
事物_个人,1
弥足珍贵_事物,1
守护_弥足珍贵,1
每个_守护,1
神作_希望,1
足够_神作,1
游戏性_足够,1
令人感动_游戏性,1
吸引_令人感动,1
十分_吸引,1
独立_十分,1
玩完_一部,1
气氛_阴郁,1
完整_玩完,1
第一次_完整,1
美好_希望,1
孩子_美好,1
发热_孩子,1
发光_发热,1
西部_发光,1
来到_西部,1
忘记_来到,1
能够_不要,1
志愿者_能够,1
以后_志愿者,1
最好_事情,1
下起_气氛,1
阴郁_干脆,1
绝佳_音效,1
小时_操作,1
依然_影响,1
摸鱼_依然,1
宵夜_摸鱼,1
一顿_宵夜,1
晚饭_一顿,1
一顿_晚饭,1
狂炫_一顿,1
挂机_狂炫,1
中途_挂机,1
乱跑_中途,1
喜欢_乱跑,1
白痴_喜欢,1
操作_白痴,1
足足_小时,1
干脆_寝室,1
细节_足足,1
挖掘_细节,1
推敲_挖掘,1
剧透_推敲,1
属于_剧透,1
实况_属于,1
一部分_实况,1
散人_一部分,1
直播_看过,1
之前_直播,1
很久_烟火,1
种草_很久,1
寝室_种草,1
便是_最好,1
奋斗_便是,1
一直_奋斗,1
无法_更为,1
环境_原因,1
原因_环境,1
家庭_原因,1
哭诉_家庭,1
学生_哭诉,1
总有_学生,1
改变现状_总有,1
尽力_改变现状,1
绳索_尽力,1
给予_学生,1
一年_给予,1
来此_一年,1
星空_来此,1
动力_无法,1
忘记_一直,1
爬上去_动力,1
阻隔_爬上去,1
大山_阻隔,1
层层_大山,1
绳索_层层,1
希望_学生,1
给予_希望,1
何尝_给予,1
一年_何尝,1
之后_回想,1
二次_之后,1
昨天_二次,1
可贵_昨天,1
原因_不愿,1
不愿_继续,1
继续_下去,1
下去_绳索,1
并未_忘记,1
不少_并未,1
困难_不少,1
一年_困难,1
地方_回想,1
意义_刚刚,1
支教_意义,1
真正_支教,1
也许_真正,1
拉上来_也许,1
孩子_拉上来,1
井底_孩子,1
汇聚_一根,1
志愿者_汇聚,1
计划_志愿者,1
西部_计划,1
广大_西部,1
井口_广大,1
拉上_井口,1
一批_拉上,1
一批_一批,1
学生_一批,1
绵薄之力_学生,1
尽以_绵薄之力,1
一年_尽以,1
割断_一年,1
绳索_割断,1
影响_绝佳,1
画面_相辅相成,1
这部_国产,1
挖掘出_真相,1
剧本_ui,1
居然_美术,1
感染力_居然,1
十分_感染力,1
配合_十分,1
音效_配合,1
自然_画面,1
视角_自然,1
不同_视角,1
切换_不同,1
真真假假_场景,1
穿梭_真真假假,1
真相_穿梭,1
解谜_挖掘出,1
大部分_制作,1
一层_解谜,1
点击_一层,1
互动_点击,1
代入_互动,1
表现手法_代入,1
夸一夸_表现手法,1
重点_夸一夸,1
答案_重点,1
知道_答案,1
很快_知道,1
探探_很快,1
到处_探探,1
项多_到处,1
ui_大部分,1
制作_作者,1
相辅相成_视觉,1
试图_意会,1
一下_这部,1
爱好者_尝试,1
微恐_爱好者,1
接受_微恐,1
那种_能够,1
渗人_那种,1
表现_渗人,1
细节_画面,1
属于_细节,1
jumpscare_属于,1
接受_jumpscare,1
恐怖_这部,1
意会_不怎么,1
比划_试图,1
蟑螂_开发,1
知道_比划,1
反正_知道,1
说不清楚_反正,1
不剧_说不清楚,1
之处_不剧,1
优秀_之处,1
具体_优秀,1
深度_具体,1
内核_深度,1
艺术_内核,1
表现_艺术,1
恐怖_表现,1
开发_恐怖,1
干扰_项多,1
简单_干扰,1
room_简单,1
画法_贴合,1
部分_强行,1
升华_部分,1
结尾_升华,1
舒适_结尾,1
环环相扣_叙事,1
流畅_环环相扣,1
美感_流畅,1
传统_美感,1
融合_传统,1
不落俗套_融合,1
味道_不落俗套,1
中式_味道,1
贴合_中式,1
手法_画法,1
the_room,1
表达_手法,1
多种_表达,1
运用_多种,1
画面_运用,1
jumpscare_画面,1
吓人_jumpscare,1
突兀_吓人,1
很少_突兀,1
感都_恐怖,1
代入_感都,1
冲击力_代入,1
听觉_冲击力,1
视觉_听觉,1
强行_拔高,1
拔高_不适感,1
不适感_整个,1
舒适_游玩,1
比锈湖_the,1
反正_比锈湖,1
简单_反正,1
个人感觉_简单,1
难度_个人感觉,1
手柄_操作,1
友好_手柄,1
不太_友好,1
对键_操作,1
方便_对键,1
不太_方便,1
缺点_操作,1
要说_缺点,1
优秀_要说,1
整体_优秀,1
合理_整体,1
比较_合理,1
设计_比较,1
部分_谜题,1
暖意_解谜,1
一股_暖意,1
涌起_一股,1
心中_涌起,1
瞬间_心中,1
标题_瞬间,1
之后_标题,1
过程_有点,1
默把_浊酒,1
浊酒_别离,1
别离_一杯,1
单论_十分,1
导致_直接,1
缺陷_导致,1
致命_缺陷,1
一点_致命,1
存在_一点,1
叙事_存在,1
核心_叙事,1
之作_核心,1
惊世_之作,1
足以_惊世,1
十二分_足以,1
满分_十二分,1
十分_满分,1
基本一致_单论,1
档次_没法,1
意见_基本一致,1
理解_意见,1
过程_理解,1
亲自_过程,1
不用_亲自,1
想必_不用,1
地方_想必,1
优秀_地方,1
吐槽_优秀,1
不得不_吐槽,1
一点_不得不,1
实在_一点,1
是因为_实在,1
直接_档次,1
没法_被称作,1
设定_男主角,1
存在_极为,1
力量_存在,1
世界观_超自然,1
否定_世界观,1
必然_否定,1
既然如此_必然,1
基调_既然如此,1
核心_基调,1
封建迷信_核心,1
所知_整个,1
看见_所知,1
问题_男主角,1
严重_问题,1
极为_严重,1
一点_存在,1
被称作_里程碑式,1
看见_一点,1
是因为_男主角,1
解释_是因为,1
前提_解释,1
建立_前提,1
机缘巧合_建立,1
扑朔迷离_机缘巧合,1
男主角_林理洵,1
中写_男主角,1
简介_中写,1
封建迷信_简介,1
封建迷信_抨击,1
里程碑式_封建迷信,1
留言_是因为,1
现在_留言,1
上架_现在,1
整个_烟火,1
星空_冲破,1
有人_璀璨,1
自我_有人,1
迷失_自我,1
虚名_迷失,1
缥缈_虚名,1
执着_缥缈,1
人心_有人,1
惋惜_惨剧,1
设计_令人,1
别出心裁_设计,1
我刚_见识,1
灿烂_值得,1
交织_整个,1
当初_上架,1
虚实_交织,1
真假_虚实,1
交错_真假,1
反复_交错,1
不断_反复,1
之间_不断,1
时空_之间,1
两个_时空,1
展开_两个,1
灭门案_展开,1
一场_灭门案,1
围绕_一场,1
一款_围绕,1
冲破_樊笼,1
樊笼_有人,1
有人_沉沦,1
沉沦_有人,1
知道_太神,1
自然_知道,1
玩完_自然,1
叙述_玩完,1
直接_叙述,1
明明_直接,1
创意_明明,1
部分_创意,1
水到渠成_部分,1
操作_水到渠成,1
特别_操作,1
营造_特别,1
喜欢_氛围,1
一份_喜欢,1
决定_一份,1
速度_决定,1
文本_速度,1
阅读_文本,1
视频_阅读,1
看看_视频,1
打算_看看,1
本来_打算,1
之前_本来,1
谢谢_月光,1
抗争_尸体,1
方式_抗争,1
有人_方式,1
存在_设定,1
男主角_接触,1
感慨万千_震撼,1
属于_超自然,1
形式_不能,1
显化_形式,1
之旅_显化,1
心灵_之旅,1
主角_心灵,1
表现形式_主角,1
特殊_表现形式,1
一种_特殊,1
理解_一种,1
解释_理解,1
干脆_不要,1
范畴_干脆,1
超自然_范畴,1
肯定_属于,1
工作室_制作,1
解释_肯定,1
东西_解释,1
残影_东西,1
旧日_残影,1
错乱_旧日,1
时间_错乱,1
花圈_时间,1
血渍_花圈,1
纸人_血渍,1
会动_纸人,1
理由_会动,1
表现形式_理由,1
解释_采取,1
二字_工作室,1
制作_两款,1
接触_能够,1
神佛_对话,1
叙说_毛骨悚然,1
表现形式_叙说,1
单纯_这种,1
世界观_单纯,1
介绍_世界观,1
特意_介绍,1
经历_特意,1
解释_主角,1
从来不_解释,1
从始至终_从来不,1
展现_从始至终,1
场景_展现,1
对话_场景,1
地狱_神佛,1
两款_不能,1
包括_地狱,1
表现形式_包括,1
妖魔_表现形式,1
神鬼_妖魔,1
奇幻_神鬼,1
这种_奇幻,1
同样_采取,1
封建迷信_同样,1
同样_抨击,1
借鉴_同样,1
值得_借鉴,1
一点_十分,1
二字_一点,1
尝试_解释,1
错误_尝试,1
最大_错误,1
老太太_神婆,1
导致_整个,1
一点_导致,1
力量_一点,1
追求_超自然,1
不能_追求,1
其他人_不能,1
点明_其他人,1
已经_点明,1
客观存在_已经,1
下鬼_客观存在,1
世界观_下鬼,1
封建迷信_世界观,1
招魂_封建迷信,1
老头_老太太,1
犯得_最大,1
逻辑_老头,1
正常_逻辑,1
案件_正常,1
见鬼_调查,1
可笑_见鬼,1
变得_可笑,1
这件_变得,1
封建迷信_这件,1
显得_抨击,1
当中_显得,1
事件_当中,1
参与_事件,1
能够_参与,1
封建迷信_厚重,1
厚重_变成,1
变成_一本,1
一本_单纯,1
法术_犯得,1
恶毒_法术,1
一种_恶毒,1
施展_一种,1
仅仅只是_施展,1
算不上_仅仅只是,1
欺骗_算不上,1
误导_欺骗,1
欺骗_误导,1
一种_欺骗,1
自然_算是,1
话语_自然,1
神婆_话语,1
存在_神婆,1
自然_存在,1
魂灵_自然,1
存在_魂灵,1
毕竟_确实,1
所作所为_毕竟,1
神婆_所作所为,1
全盘否定_神婆,1
无法_全盘否定,1
小说_无法,1
温情_小说,1
悬疑_温情,1
犯罪_悬疑,1
单纯_犯罪,1
震撼_一款,1
突然_感慨万千,1
一杯_过往,1
前章_后章,1
一下子_恐怖,1
推荐_一下子,1
现阶段_推荐,1
一般般_现阶段,1
只能_一般般,1
恐怖_只能,1
nnd_吓死,1
第二遍_nnd,1
好评_第二遍,1
感动_整体,1
解密_感动,1
元素_解密,1
后章_恐怖,1
总共_前章,1
恐怖片_失望,1
nb_总共,1
确实_nb,1
平静下来_我会,1
很难_平静下来,1
心情_很难,1
结束_心情,1
认定_结束,1
对错_认定,1
完全_对错,1
不能_完全,1
漫长_不能,1
算不上_漫长,1
整个_算不上,1
程度_恐怖片,1
失望_无论是,1
祭奠_这种,1
只能_起到,1
特别之处_叫魂,1
常用_特别之处,1
老片_常用,1
音效_老片,1
作用_音效,1
恐怖_作用,1
细思极_心理,1
带来_细思极,1
达到_中式,1
无法_达到,1
作用_无法,1
元素_作用,1
起到_元素,1
仅仅_只能,1
无论是_画面,1
猪头_仅仅,1
献祭_猪头,1
纸人_献祭,1
元素_纸人,1
确实_民俗,1
恐怖_确实,1
画面_不够,1
新意_画面,1
jump_新意,1
知道_jump,1
scare_知道,1
那种_jump,1
音效_那种,1
整个_整个,1
家庭_整个,1
所害_家庭,1
变成_绳子,1
害怕_每个,1
画面_感到,1
恐怖_配乐,1
突脸_恐怖,1
可怕_突脸,1
确实_可怕,1
看起来_确实,1
纸人_看起来,1
最初_纸人,1
继续_前行,1
过去_继续,1
留在_过去,1
井底_留在,1
力量_变成,1
时代_所害,1
脚下_力量,1
梦想_脚下,1
心中_梦想,1
之者_心中,1
时雨化_之者,1
有如_时雨化,1
一段_有如,1
救赎_一段,1
长途_救赎,1
慢慢_长途,1
明天_慢慢,1
一杯_明天,1
过往_一杯,1
每个_操作,1
操作_一秒,1
一秒_出现,1
出现_灯光,1
社会_时代,1
封建迷信_社会,1
不禁_封建迷信,1
离去_不禁,1
教师_离去,1
优秀_人民,1
一位_优秀,1
声配_一位,1
烟火_声配,1
感性_最后,1
自认_感性,1
全是_刀子,1
不寒而栗_最后,1
带来_不寒而栗,1
禁锢_带来,1
糟粕_灵魂,1
旧时代_糟粕,1
封建迷信_旧时代,1
比不上_封建迷信,1
远远_比不上,1
可怕_远远,1
纸人_可怕,1
纸人_纸人,1
微笑_纸人,1
诡异_微笑,1
露出_诡异,1
灯光_露出,1
叫魂_祭奠,1
这种_只能,1
陈老师_突然,1
后无来者_泫然泪下,1
一起_结尾,1
条线_一起,1
设计_条线,1
窒息_设计,1
体会_窒息,1
地方_体会,1
到位_地方,1
布置_到位,1
气氛_布置,1
无需_多言,1
之光_合格,1
恐游_之光,1
泫然泪下_恐游,1
前无古人_后无来者,1
开放式_陈老师,1
高高_前无古人,1
不要_高高,1
期望_不要,1
总结_期望,1
理解_总结,1
属实_理解,1
相机_属实,1
切换_相机,1
地狱_切换,1
蒙太奇_地狱,1
小蝌蚪_蒙太奇,1
有意思_小蝌蚪,1
设置_有意思,1
算是_开放式,1
陈老师_星空,1
只能_做到,1
问题_国产,1
二十年_有人,1
十年_二十年,1
丹斯_十年,1
荒谬_丹斯,1
上去_荒谬,1
葬礼_上去,1
死者_葬礼,1
一场_死者,1
入手_支持,1
赶紧_入手,1
希望_赶紧,1
单机_希望,1
国产_单机,1
无脑_问题,1
星空_太美,1
考虑_无脑,1
不要_考虑,1
人员_不要,1
结尾_人员,1
结尾曲_结尾,1
完整_结尾曲,1
很久没_完整,1
治愈_很久没,1
起来_治愈,1
一出_鸡皮疙瘩,1
前奏_一出,1
送别_前奏,1
太美_最后,1
生硬_设置,1
偶尔_生硬,1
顺滑_偶尔,1
嫁衣_恐怖,1
主线_有时候,1
堆积起来_主线,1
元素_堆积起来,1
一点_元素,1
一点_一点,1
深入_一点,1
不够_深入,1
感动_不够,1
恐怖_不够,1
其他人_主要,1
陈老师_其他人,1
人物_喜欢,1
程度_人物,1
快感_嫁衣,1
偶尔_顺滑,1
解谜_快感,1
寻找_解谜,1
想要_寻找,1
好事_想要,1
思考_好事,1
简单_不用,1
解谜_解谜,1
浪费_解谜,1
属实_浪费,1
身临其境_属实,1
不能_身临其境,1
烘托_不能,1
做到_烘托,1
有时候_有意思,1
有意思_之前,1
之前_期望,1
期望_太高,1
切换_偶尔,1
时好时坏_切换,1
氛围_时好时坏,1
自然_氛围,1
切换_自然,1
二要_切换,1
氛围_二要,1
高一_氛围,1
要求_高一,1
画面_要求,1
玩游戏_画面,1
观感_玩游戏,1
qaq_观感,1
伤心_qaq,1
无家可归_伤心,1
地说_无家可归,1
迷茫_地说,1
车站_迷茫,1
枯井_车站,1
无论是_枯井,1
具体_无论是,1
这点_具体,1
最好_这点,1
部分_最好,1
几个_部分,1
办法_几个,1
太高_办法,1
谓之_可贵,1
小朋友_上去,1
陈清穗_船票,1
难度_问题,1
蜡烛_收音机,1
冗余_蜡烛,1
添加_冗余,1
存在_添加,1
设计_基本,1
大量_谜题,1
认为_大量,1
叠加_认为,1
玩法_叠加,1
生硬_玩法,1
设计_生硬,1
代表_设计,1
问题_代表,1
偷懒_难度,1
谜题_日记,1
相宜_设计,1
算是_相宜,1
叙事_算是,1
难度_叙事,1
理论_难度,1
展开_理论,1
不断_展开,1
叙事_不断,1
跟随_作者,1
老老实实_跟随,1
思考_老老实实,1
需要_思考,1
讲故事_需要,1
收音机_谜题,1
日记_密码锁,1
重心_全在,1
关系_在我看来,1
解密_小游戏,1
称之为_解密,1
难以_称之为,1
妈妈_难以,1
指纹_小蝌蚪,1
肋骨_指纹,1
相反_拼接,1
生硬_相反,1
成为_生硬,1
解密_能够,1
加入_解密,1
一切都是_加入,1
在我看来_一切都是,1
调频_关系,1
密码锁_谜题,1
收音机_调频,1
高低_收音机,1
蜡烛_高低,1
何在_蜡烛,1
关系_何在,1
数字_关系,1
里面_数字,1
蜕皮_里面,1
墙体_蜕皮,1
比方说_墙体,1
叙事_比方说,1
脱离_叙事,1
难度_脱离,1
全在_讲故事,1
连贯性_重心,1
还会_小朋友,1
玩法_简陋,1
具体_体现,1
平庸_具体,1
太过_平庸,1
设计_太过,1
玩法_谜题,1
解密_玩法,1
采用_解密,1
实际_采用,1
眼球_实际,1
抓人_眼球,1
元素_抓人,1
看上去_恐怖,1
简陋_看上去,1
理由_玩法,1
挑战_设计,1
个人_理由,1
爱好者_个人,1
恐怖_爱好者,1
差评_恐怖,1
推荐_差评,1
鼓励_推荐,1
值得_鼓励,1
诚意_值得,1
解密_诚意,1
国产_解密,1
真是_讽刺,1
迷信_真是,1
宣传_反对,1
体现_毫无,1
偷懒_先说,1
叙事_连贯性,1
拍案叫绝_可惜,1
程度_保证,1
最大_程度,1
解密_最大,1
简单_解密,1
角度看_简单,1
换个_角度看,1
难度_换个,1
近乎零_难度,1
设计_近乎零,1
精巧_设计,1
大多_精巧,1
谜题_大多,1
可惜_谜题,1
绞尽脑汁_拍案叫绝,1
先说_毫无,1
沟通_绞尽脑汁,1
智力_沟通,1
进行_智力,1
创作者_进行,1
好像_创作者,1
设计_好像,1
毕竟_谜题,1
优点_毕竟,1
挑战_肯定,1
设计_毫无,1
类型_谜题,1
解密_类型,1
挑战_解密,1
小游戏_更为,1
更为_恰当,1
恰当_设计,1
设计_需要,1
放大镜_确认,1
利用_放大镜,1
焦急_状态,1
处于_焦急,1
人物_处于,1
例子_人物,1
目的_举个,1
手段_目的,1
叙事_手段,1
谜题_叙事,1
要求_谜题,1
提高_要求,1
需要_提高,1
流畅_设计,1
习惯_造成,1
影响_叙事,1
关卡_影响,1
防止_关卡,1
难度_防止,1
稍微_难度,1
谜题_稍微,1
讲故事_谜题,1
侧重于_讲故事,1
理解_侧重于,1
一点_理解,1
玩法_一点,1
一定_加入,1
生存空间_一定,1
确认_习惯,1
造成_一种,1
设计_肋骨,1
着急_而乱,1
汽车_瞬间,1
错过_汽车,1
故意_错过,1
医生_故意,1
安眠药_医生,1
伸手_安眠药,1
女儿_伸手,1
一起_女儿,1
整合_一起,1
玩法_整合,1
心里_玩法,1
利用_心里,1
而乱_利用,1
是因为_着急,1
一种_打翻,1
主角_是因为,1
提示_主角,1
习惯_提示,1
解密_习惯,1
完成_解密,1
物品_完成,1
找到_物品,1
千辛万苦_找到,1
最后_千辛万苦,1
乱七八糟_设计,1
东西_乱七八糟,1
家里_东西,1
打翻_家里,1
类型_生存空间,1
模拟_类型,1
步行_模拟,1
符合_符合,1
解脱_恢复,1
干活_解脱,1
抓来_干活,1
法医_抓来,1
主角_法医,1
解脱_主角,1
不单是_解脱,1
结束_不单是,1
小游戏_结束,1
状态_小游戏,1
当时_状态,1
主角_当时,1
符合_主角,1
肋骨_符合,1
基本_步行,1
操作_拼接,1
方向键_操作,1
蹩脚_方向键,1
节奏_蹩脚,1
放缓_节奏,1
过程_放缓,1
费心_过程,1
耗时_费心,1
一项_耗时,1
肋骨_一项,1
为例_拼接,1
小游戏_为例,1
肋骨_小游戏,1
恢复_叙事,1
节奏_主角,1
主角_感同身受,1
感同身受_可惜,1
展开_基本,1
叙事_展开,1
构建_叙事,1
环境_构建,1
重心_环境,1
主题_重心,1
相当_深刻,1
往往_相当,1
一类_往往,1
ester_一类,1
dear_ester,1
看火人_dear,1
模拟游戏_看火人,1
步行_模拟游戏,1
概率_步行,1
玩法_概率,1
不想_加入,1
建模_不想,1
堆砌_建模,1
单纯_堆砌,1
在我看来_单纯,1
谜题_在我看来,1
设计_大部分,1
贴合_设计,1
类似_贴合,1
部分_类似,1
可惜_部分,1
破案_宣传,1
手法_破案,1
通灵_手法,1
阴冷_纸人,1
认识_孩子,1
后面_认识,1
灵异_后面,1
索命_灵异,1
冤魂_索命,1
让玩家_冤魂,1
蜡烛_让玩家,1
燃尽_蜡烛,1
即将_燃尽,1
冥币_即将,1
燃烧_冥币,1
盆中_燃烧,1
纸人_盆中,1
音乐_阴冷,1
隐忍_赵小娟,1
昏暗_音乐,1
画面_昏暗,1
几章_画面,1
享受_几章,1
沉浸_享受,1
元素_能够,1
突脸_元素,1
全程_突脸,1
死人来_说续,1
不够_死人来,1
深度_不够,1
情感_深度,1
煽情_情感,1
孩子_隐忍,1
妈妈_不再,1
疯魔_幻象,1
远处_燃烧,1
魂魄_愈加,1
招回_儿子,1
想要_招回,1
困在_想要,1
困住_有人,1
每个_困住,1
小镇_每个,1
没有勇气_小镇,1
逃出去_没有勇气,1
想要_逃出去,1
灰烬_想要,1
剩下_灰烬,1
燃烧_剩下,1
小镇_远处,1
不再_喜欢,1
叶敬山_小镇,1
出去_叶敬山,1
陈青穗_想要,1
小镇_陈青穗,1
留在_小镇,1
想要_留在,1
最终_想要,1
调查_最终,1
原本_调查,1
田芳芳_原本,1
投毒_田芳芳,1
无意_投毒,1
喜欢_无意,1
强行_煽情,1
陈清穗_强行,1
不合理_陈清穗,1
理由_编辑,1
陈清穗_偏向,1
能力_见到,1
见鬼_能力,1
阴气_见鬼,1
主角_阴气,1
重要_主角,1
派人来_重要,1
编辑_派人来,1
注意安全_编辑,1
暗示_注意安全,1
特地_暗示,1
想救_特地,1
编辑_想救,1
忠心_理由,1
发现_不合理,1
处表_忠心,1
讨好_处表,1
说明_讨好,1
权势_说明,1
肯定_权势,1
编辑_肯定,1
事情_编辑,1
账本_事情,1
灭口_账本,1
权势_灭口,1
死亡_权势,1
坐船_死亡,1
船票_坐船,1
偏向_说明,1
说明_人死,1
人死_论点,1
论点_太多,1
一下_发现,1
脑子_一下,1
到底_脑子,1
煽情_到底,1
制作组_煽情,1
屁话_制作组,1
说些_屁话,1
烟花_说些,1
结尾_烟花,1
主角_结尾,1
谋杀_主角,1
明显_谋杀,1
白杀_明显,1
陈清穗_白杀,1
续作_陈清穗,1
官方_续作,1
其他人_官方,1
看过_其他人,1
论坛_看过,1
资料_论坛,1
搜索_资料,1
不见_搜索,1
教书_不见,1
陈清穗_教书,1
主角_见到,1
决定性_主角,1
太多_决定性,1
愈加_疯魔,1
幻象_有人,1
合理_通灵,1
闲言碎语_儿媳,1
性格特点_刻画,1
人物_性格特点,1
弄清_人物,1
整理_弄清,1
稍加_整理,1
清楚_稍加,1
线索_清楚,1
家庭_线索,1
照顾_家庭,1
事业_照顾,1
影楼_事业,1
牺牲_影楼,1
儿媳_牺牲,1
彩票_闲言碎语,1
清楚_代入,1
东西_彩票,1
生动_传达,1
画面_生动,1
封建迷信_画面,1
最大_主题,1
产业链_最大,1
文物_产业链,1
支教_盗卖,1
婆媳关系_乡村,1
关系_婆媳关系,1
东西_医患,1
想要_东西,1
悬疑剧_作者,1
刻画_清楚,1
代入_接下来,1
困在_拐卖,1
表现手法_结尾,1
理由_合理,1
不合理_理由,1
补一嘴_不合理,1
医生_补一嘴,1
不香_医生,1
警官_不香,1
直接_警官,1
神婆_直接,1
田家_神婆,1
过去_田家,1
交流_看见,1
承认_死者,1
结尾_承认,1
通灵_表现手法,1
接下来_不能,1
借口_通灵,1
找个_借口,1
本来_找个,1
通灵之_本来,1
警官_通灵之,1
破案_警官,1
主题_破案,1
同样_主题,1
大字_科学,1
明晃晃_六个,1
地方_明晃晃,1
差评_地方,1
理解_差评,1
国产_悬疑剧,1
结局_尸体,1
受害者_令人,1
火车_一走了之,1
不了_妈妈,1
不了_理解,1
知道_理解,1
心疼_芳芳,1
根深蒂固_心疼,1
小镇_根深蒂固,1
环绕_小镇,1
已经_环绕,1
恐惧_已经,1
敬山敬山_恐惧,1
名字_敬山敬山,1
机会_名字,1
一走了之_机会,1
踏上_火车,1
可恨_受害者,1
有能_踏上,1
本来_有能,1
叶敬山_本来,1
下来_叶敬山,1
唯一_下来,1
悲剧_唯一,1
解开_悲剧,1
难以_解开,1
一桩_难以,1
每个_一桩,1
谎言_每个,1
层层_谎言,1
拐卖_层层,1
妈妈_开心,1
开心_爷爷奶奶,1
爷爷奶奶_开心,1
开心_睡一觉,1
一群_可怜,1
魔鬼_一群,1
夺命_魔鬼,1
怪物_夺命,1
揭开_怪物,1
谜底_揭开,1
柔和_谜底,1
音乐_柔和,1
第六章_音乐,1
闪耀_第六章,1
明亮_闪耀,1
总是_明亮,1
灰暗_总是,1
井底_灰暗,1
星星_井底,1
闪烁_星星,1
天空_闪烁,1
指引_天空,1
一路上_指引,1
芳芳_一路上,1
家庭_芳芳,1
支离破碎_家庭,1
即将_支离破碎,1
拯救_即将,1
安眠药_拯救,1
幸福_安眠药,1
睡一觉_幸福,1
瞬间_想法,1
想法_主角,1
主角_那种,1
总是_纠缠,1
善恶_有报,1
无力感_善恶,1
这种_无力感,1
传统意义_这种,1
恐怖_传统意义,1
外表_真正,1
民俗_外表,1
之感_民俗,1
无能为力_之感,1
依靠_无能为力,1
那种_依靠,1
弱者_那种,1
纠缠_弱者,1
恐怖_总是,1
价值观_认为,1
了解_中式,1
身上_了解,1
百姓_身上,1
底层_百姓,1
贫苦_底层,1
发生_贫苦,1
时间_发生,1
多数_时间,1
形式_多数,1
东倒西歪_形式,1
纸人_东倒西歪,1
摆个_纸人,1
低语_摆个,1
有报_价值观,1
认为_真正,1
场景_确实,1
乾隆_时期,1
场景_一项,1
或许_开头,1
恐怖_或许,1
现实_案例,1
实为_本土,1
种种_实为,1
诸多_种种,1
其间_诸多,1
恐慌_其间,1
妖术_恐慌,1
全国性_妖术,1
发生_全国性,1
时期_发生,1
题材_乾隆,1
恐怖_无所谓,1
叫魂_题材,1
呈现_叫魂,1
表层_呈现,1
民俗_表层,1
套上_民俗,1
工具_套上,1
单纯_工具,1
绝非_恐怖,1
绝望_绝非,1
退路_绝望,1
依靠_退路,1
善恶_依靠,1
无所谓_善恶,1
嬉笑_低语,1
小女孩_嬉笑,1
找个_小女孩,1
一个纸_倒下,1
基本上_复刻,1
色调_基本上,1
黄阴绿_色调,1
阴红阴_黄阴绿,1
包括_阴红阴,1
铃声_包括,1
电话_铃声,1
尖哮_电话,1
突然_尖哮,1
冲过来_突然,1
汽车_冲过来,1
回头_汽车,1
倒下_回头,1
屏幕_一个纸,1
一惊_找个,1
scare_屏幕,1
粗暴_jump,1
采用_粗暴,1
基本_采用,1
处理_基本,1
气氛_处理,1
认同_本作,1
无法_认同,1
完全_无法,1
这块_完全,1
恐怖_这块,1
功夫_恐怖,1
这方面_功夫,1
复刻_世纪,1
世纪_港片,1
港片_风格,1
风格_认为,1
不流于_一惊,1
恐怖_不流于,1
最大_恐怖,1
民俗_最大,1
相关_民俗,1
复活_相关,1
叫魂_复活,1
婚丧嫁娶_叫魂,1
强烈_婚丧嫁娶,1
形成_强烈,1
深耕_形成,1
文化_深耕,1
漫不经心_本土,1
不能_漫不经心,1
拿来主义_实在,1
展现出_拿来主义,1
设定_展现出,1
世界_设定,1
打墙_表里,1
尤其_打墙,1
堆料_尤其,1
不断_堆料,1
脱离_不断,1
桥段_脱离,1
拼接_桥段,1
应该_拼接,1
认为_恐怖,1
一项_场景,1
确实_感到,1
认可_作者,1
田家_感到,1
这片_天地,1
脱离_这片,1
拐卖_脱离,1
无奈_拐卖,1
悲剧_无奈,1
全家_悲剧,1
导致_全家,1
举动_导致,1
善意_举动,1
田芳芳_善意,1
小女孩_田芳芳,1
惋惜_小女孩,1
感到_惋惜,1
清潭_封建迷信,1
无法_脱离,1
感触_清潭,1
重大_感触,1
这款_重大,1
支教_这款,1
去年_支教,1
想起_去年,1
不由_想起,1
烟火_不由,1
中式_解密,1
拾起_中式,1
重新_拾起,1
朋友_重新,1
借用_朋友,1
天地_无法,1
脱离_叶敬山,1
害怕_感到,1
短暂_希望,1
难能可贵_还会,1
井口_广阔,1
绳子_井口,1
井中_一片,1
掉落_井中,1
当年_掉落,1
孩子_当年,1
烟火_支教,1
决心_烟火,1
支教_决心,1
坚定_支教,1
去年_坚定,1
转瞬即逝_去年,1
敬佩_叶敬山,1
妈妈_哀伤,1
警官_敬佩,1
林理洵_警官,1
苦难_林理洵,1
帮助_遭受,1
继续_帮助,1
苦难_愿意,1
感动_见识,1
陈青穗_感动,1
奉献_支教,1
困境_奉献,1
脱离_困境,1
帮助_脱离,1
哀伤_帮助,1
一年_借用,1
时隔_一年,1
烟火_时隔,1
刚买_今天,1
恐怖_灵异,1
发现_真正,1
真正_发现,1
印象_真正,1
恐怖_印象,1
符合_中式,1
只能_符合,1
五味杂陈_只能,1
说实话_五味杂陈,1
完结_说实话,1
终于_完结,1
早上_现在,1
今天_早上,1
昨天_刚买,1
之物_烟火,1
特别_旅程,1
这趟_特别,1
喜欢_这趟,1
喜欢_这部,1
地方_喜欢,1
特殊_地方,1
这部_特殊,1
证明_这部,1
似乎_证明,1
眼泪_似乎,1
眼角_眼泪,1
惊悚_眼角,1
感到_惊悚,1
确实_元素,1
氛围_特色,1
特色_背后,1
背后_作祟,1
连天_发现,1
三伏_中式,1
不剧_期待,1
遗憾_不剧,1
硕大_遗憾,1
悲哀_硕大,1
各种因素_悲哀,1
悲哀_各种因素,1
无能为力_悲哀,1
有种_无能为力,1
害怕_有种,1
惊悚_害怕,1
以后_惊悚,1
玩过_以后,1
麻木_玩过,1
发生_麻木,1
环境_发生,1
平静_环境,1
看似_平静,1
恐怖_看似,1
盲山_感到,1
电影_盲山,1
背景_电影,1
气息_背景,1
封建_气息,1
带有_封建,1
作祟_带有,1
作者_这方面,1
共鸣_认可,1
那种_期待,1
气泡_飘来飘去,1
时代_特点,1
标语_时代,1
看见_科学,1
说明_看见,1
例子_说明,1
连贯性_举个,1
烘托_连贯性,1
气氛_烘托,1
削弱_人物,1
更进一步_削弱,1
协调_更进一步,1
这种_协调,1
飘来飘去_这种,1
表情_气泡,1
算作_背景,1
rpg_表情,1
日式_rpg,1
外加_日式,1
呆呆_外加,1
萌萌_呆呆,1
立绘_萌萌,1
风格_立绘,1
写实_风格,1
采用_写实,1
整体_采用,1
设计_整体,1
特别_场景,1
自洽_特别,1
特点_算作,1
背景_一部分,1
像是_特殊,1
主角_看来,1
这位_主角,1
下来_这位,1
说实话_下来,1
自圆其说_说实话,1
世界_自圆其说,1
镜子_进入,1
推断_镜子,1
居然_推断,1
醒来_居然,1
泰然处之_昏迷,1
波澜_泰然处之,1
毫无_波澜,1
看来_毫无,1
世界_主角,1
一部分_不久,1
穿梭_表里,1
打墙_穿梭,1
场景_打墙,1
超现实_场景,1
诸多_超现实,1
随之而来_诸多,1
一套_随之而来,1
鬼神_一套,1
表达_根本,1
明确_表达,1
很快_明确,1
警官_很快,1
不久_主角,1
不能_自洽,1
从根本上_不能,1
事情_从根本上,1
优质_恐怖电影,1
传递_鬼神,1
明确_传递,1
片子_明确,1
搞破坏_片子,1
装神弄鬼_搞破坏,1
特务_装神弄鬼,1
敌统_特务,1
幻想_敌统,1
神经病_幻想,1
一定_神经病,1
结尾_一定,1
一列_结尾,1
恐怖电影_一列,1
国产_优质,1
发生_事情,1
一批_国产,1
出现_一批,1
年代_出现,1
混乱_年代,1
传递_混乱,1
信息_传递,1
呼应_信息,1
一种_呼应,1
形成_一种,1
设计_形成,1
心情_谜题,1
犹豫_心情,1
期待_犹豫,1
鬼神_世界观,1
世界观_同一,1
同一_时期,1
时期_港片,1
说出_发生,1
人物_说出,1
前言不搭后语_人物,1
认为_前言不搭后语,1
最恶_认为,1
人心_最恶,1
世上_鬼神,1
立场_世上,1
无神论_立场,1
坚定_无神论,1
因果报应_坚定,1
设定_因果报应,1
鬼神_设定,1
接受_鬼神,1
错乱_接受,1
困惑_错乱,1
感到_困惑,1
观众_感到,1
特点_观众,1
形式_特点,1
报仇_形式,1
厉鬼_报仇,1
复活_厉鬼,1
僵尸_复活,1
讲述_僵尸,1
光明正大_讲述,1
港片_光明正大,1
警官_像是,1
特殊_本事,1
趋向_共鸣,1
暗合_楚辞,1
过后_青年,1
仪式_过后,1
祭祀_仪式,1
一系列_祭祀,1
表达_一系列,1
楚辞_表达,1
终古_楚辞,1
无绝_终古,1
秋菊长_无绝,1
春兰_秋菊长,1
礼魂_春兰,1
九歌_礼魂,1
楚辞_九歌,1
有意无意_暗合,1
男女_传葩,1
在我看来_有意无意,1
春风化雨_在我看来,1
成就_星落,1
章节_成就,1
相关_章节,1
陈老师_相关,1
魂兮归来_特别,1
招魂_魂兮归来,1
楚辞_招魂,1
联想_楚辞,1
不让_联想,1
不能_不让,1
归来_实在,1
青年_男女,1
传葩_起舞,1
本事_工具,1
达成_某种,1
内核_趋向,1
精神_内核,1
细雨_精神,1
繁星_细雨,1
春兰秋菊_繁星,1
楚人_春兰秋菊,1
时期_楚人,1
先秦_时期,1
无论是_先秦,1
永恒_无论是,1
终古_永恒,1
长无绝_终古,1
某种_长无绝,1
精神_达成,1
起舞_希望,1
追求幸福_精神,1
苦难_追求幸福,1
帮助_苦难,1
陈老师_绳子,1
响起_陈老师,1
送别_歌声,1
过后_送别,1
象征_过后,1
祭奠_象征,1
一种_祭奠,1
继续下去_烟火,1
美好生活_继续下去,1
希望_美好生活,1
出现_归来,1
招魂_反复,1
创作_关亡,1
重要_超现实,1
精神_错乱,1
一种_精神,1
回归_一种,1
主旨_回归,1
叙事_主旨,1
鬼神_叙事,1
国内_鬼神,1
年代_国内,1
臆想_年代,1
做梦_臆想,1
昏迷_做梦,1
解释_昏迷,1
超现实_解释,1
显得_重要,1
诗词_创作,1
存在_显得,1
主角_存在,1
出彩_主角,1
刻画_出彩,1
冲突_刻画,1
人物_冲突,1
幸亏_人物,1
叙事_幸亏,1
方便_作者,1
人物_方便,1
串联_人物,1
负责_串联,1
工具_负责,1
错乱_恐怖,1
元素_流于形式,1
流于形式_中式,1
标签_出现,1
神话传说_诗词,1
受磔刑_神话传说,1
地狱_受磔刑,1
元素_第十五,1
招魂_民俗,1
纸人_招魂,1
用心_纸人,1
比较_用心,1
这块_比较,1
中式_这块,1
本作_中式,1
显然_本作,1
概念_显然,1
产出_概念,1
结合_产出,1
元素_结合,1
民俗文化_传统,1
一种_民俗文化,1
总结_一种,1
粗略地_总结,1
本作_粗略地,1
标签_本作,1
拥有_标签,1
考察_拥有,1
频繁_考察,1
越来越_频繁,1
出现_越来越,1
烟火_坠入,1
